gameId,expansionId,name,polled,rated,main,side,complete,all
27,28,Skyfall,10,40,0:20:0,0:24:0,0:29:0,0:26:0
28,27,007 Legends,84,50,6:0:0,8:0:0,10:0:0,7:0:0
130,60436,Seal the Deal,67,70,2:0:0,3:0:0,16:0:0,3:0:0
130,66700,Nyakuza Metro,78,80,2:0:0,3:0:0,3:0:0,3:0:0
146,22788,It Came From Outer Space,0,0,0:0:0,0:0:0,0:0:0,0:0:0
146,22789,"Sugar, Spice and Not So Nice",1,0,2:0:0,0:0:0,0:0:0,2:0:0
146,22790,The Curse of the Zombiesaurus,0,0,0:0:0,0:0:0,0:0:0,0:0:0
153,101558,Aaaaa! - Brutal Concussion,0,70,0:0:0,0:0:0,0:0:0,0:0:0
162,7452,Quake,671,80,5:0:0,8:0:0,16:0:0,7:0:0
179,19619,WWII: 1946 - Expansion Disk,0,0,0:0:0,0:0:0,0:0:0,0:0:0
186,20002,Act of War: High Treason,2,60,19:0:0,0:0:0,0:0:0,19:0:0
265,32056,Age of Conan: Rise of the Godslayer,0,0,0:0:0,0:0:0,0:0:0,0:0:0
268,19165,Age of Empires II: Forgotten Empires,1,75,32:0:0,0:0:0,0:0:0,32:0:0
277,92575,Golden Gift,2,65,3:0:0,0:0:0,0:0:0,3:0:0
290,97637,Assault on Balaurea,0,0,0:0:0,0:0:0,0:0:0,0:0:0
319,321,The Signal,471,70,1:0:0,2:0:0,2:0:0,2:0:0
319,322,The Writer,455,75,1:0:0,2:0:0,2:0:0,1:0:0
321,319,Alan Wake,3600,80,11:0:0,14:0:0,27:0:0,13:0:0
322,319,Alan Wake,3600,80,11:0:0,14:0:0,27:0:0,13:0:0
360,38142,Fight for Life,2,0,2:0:0,4:0:0,0:0:0,3:0:0
360,38141,The Experiment,2,0,2:0:0,4:0:0,0:0:0,3:0:0
382,16004,Stasis Interrupted,39,55,3:0:0,3:0:0,4:0:0,3:0:0
439,440,Amnesia: The Dark Descent,1400,80,8:0:0,9:0:0,11:0:0,8:0:0
440,439,Amnesia: Justine,130,65,0:58:0,1:0:0,1:0:0,1:0:0
441,22706,Prologue,35,65,0:25:0,0:36:0,0:40:0,0:32:0
485,28176,Dawn of Discovery: Venice,0,90,0:0:0,0:0:0,0:0:0,0:0:0
489,28882,The Sunken Dragon,4,85,20:0:0,20:0:0,37:0:0,29:0:0
520,28885,MeSal Gear Solid: Snake Escape,3,90,1:0:0,1:0:0,0:0:0,1:0:0
578,132977,Zeus,0,0,0:0:0,0:0:0,0:0:0,0:0:0
578,38671,Apex,2,70,0:0:0,5:0:0,6:0:0,6:0:0
579,92979,Arma II: Army of the Czech Republic,1,0,0:0:0,0:0:0,4:0:0,4:0:0
579,27317,Arma 2: DayZ Mod,4,65,25:0:0,36:0:0,0:0:0,30:0:0
583,66646,ARMA: Queen's Gambit,1,0,0:0:0,0:0:0,23:0:0,23:0:0
622,37912,SSC Challenge Map Pack,1,0,0:0:0,6:0:0,0:0:0,6:0:0
651,652,Battle of Forli,103,70,1:0:0,2:0:0,2:0:0,2:0:0
651,653,Bonfire of the Vanities,98,70,2:0:0,2:0:0,2:0:0,2:0:0
652,651,Assassin's Creed II,5100,85,19:0:0,26:0:0,35:0:0,26:0:0
653,651,Assassin's Creed II,5100,85,19:0:0,26:0:0,35:0:0,26:0:0
655,656,Benedict Arnold,47,55,0:39:0,0:54:0,1:0:0,0:47:0
655,34056,The Hidden Secrets Pack,2,70,1:0:0,0:0:0,0:0:0,1:0:0
655,27030,The Tyranny of King Washington - The Infamy,47,65,2:0:0,2:0:0,3:0:0,2:0:0
655,658,The Tyranny of King Washington,216,65,5:0:0,7:0:0,9:0:0,6:0:0
655,14452,The Tyranny of King Washington - The Betrayal,49,65,1:0:0,3:0:0,3:0:0,2:0:0
655,18664,The Tyranny of King Washington - The Redemption,50,65,2:0:0,3:0:0,3:0:0,2:0:0
656,655,Assassin's Creed III,2600,70,16:0:0,31:0:0,56:0:0,27:0:0
658,655,Assassin's Creed III,2600,70,16:0:0,31:0:0,56:0:0,27:0:0
661,662,Copernicus Conspiracy,50,65,1:0:0,1:0:0,1:0:0,1:0:0
661,663,The Da Vinci Disappearance,94,75,2:0:0,2:0:0,3:0:0,3:0:0
662,661,Assassin's Creed: Brotherhood,3300,80,15:0:0,26:0:0,42:0:0,24:0:0
663,661,Assassin's Creed: Brotherhood,3300,80,15:0:0,26:0:0,42:0:0,24:0:0
664,665,The Lost Archive,93,55,2:0:0,2:0:0,3:0:0,2:0:0
665,664,Assassin's Creed: Revelations,2700,75,12:0:0,21:0:0,34:0:0,19:0:0
688,689,Episode 11.5 - Forging Ahead,19,65,0:17:0,0:17:0,0:19:0,0:17:0
688,690,Episode 15.5 - Defiance,19,65,0:15:0,0:15:0,0:16:0,0:15:0
688,691,Episode Pack - Part IV,43,80,2:0:0,3:0:0,4:0:0,2:0:0
688,692,"Lost Episode 1 - At Last, Someone Angrier Than Me",25,70,0:20:0,0:28:0,1:0:0,0:26:0
688,693,Lost Episode 2 - The Strongest vs. The Angriest,25,70,0:18:0,0:20:0,2:0:0,0:25:0
689,688,Asura's Wrath,409,75,7:0:0,9:0:0,14:0:0,8:0:0
690,688,Asura's Wrath,409,75,7:0:0,9:0:0,14:0:0,8:0:0
691,688,Asura's Wrath,409,75,7:0:0,9:0:0,14:0:0,8:0:0
692,688,Asura's Wrath,409,75,7:0:0,9:0:0,14:0:0,8:0:0
693,688,Asura's Wrath,409,75,7:0:0,9:0:0,14:0:0,8:0:0
778,782,Episode 1: It's About Time,316,70,3:0:0,3:0:0,3:0:0,3:0:0
778,781,Episode 2: Get Tannen!,277,70,2:0:0,2:0:0,3:0:0,2:0:0
778,779,Episode 3: Citizen Brown,247,70,2:0:0,3:0:0,3:0:0,2:0:0
778,780,Episode 4: Double Visions,236,70,3:0:0,3:0:0,3:0:0,3:0:0
778,783,Episode 5: Outatime,219,70,2:0:0,3:0:0,3:0:0,2:0:0
779,778,Back to the Future: The Game,291,70,12:0:0,13:0:0,14:0:0,13:0:0
780,778,Back to the Future: The Game,291,70,12:0:0,13:0:0,14:0:0,13:0:0
781,778,Back to the Future: The Game,291,70,12:0:0,13:0:0,14:0:0,13:0:0
782,778,Back to the Future: The Game,291,70,12:0:0,13:0:0,14:0:0,13:0:0
783,778,Back to the Future: The Game,291,70,12:0:0,13:0:0,14:0:0,13:0:0
808,815,Tales of the Sword Coast,44,80,11:0:0,14:0:0,21:0:0,15:0:0
810,811,Baldur's Gate II: Throne of Bhaal,79,85,20:0:0,25:0:0,47:0:0,28:0:0
811,810,Baldur's Gate II: Shadows of Amn,132,90,67:0:0,88:0:0,138:0:0,90:0:0
814,45579,Baldur's Gate: The Black Pits,7,65,5:0:0,5:0:0,16:0:0,6:0:0
814,27671,Baldur's Gate: Siege of Dragonspear,92,75,19:0:0,26:0:0,47:0:0,27:0:0
815,808,Baldur's Gate,157,85,44:0:0,59:0:0,104:0:0,60:0:0
882,21444,Catwoman,57,75,1:0:0,2:0:0,2:0:0,2:0:0
882,883,Harley Quinn's Revenge,236,75,2:0:0,2:0:0,2:0:0,2:0:0
883,882,Batman: Arkham City,1700,85,12:0:0,22:0:0,45:0:0,18:0:0
925,24876,Winter of the Wolf,1,80,7:0:0,0:0:0,0:0:0,7:0:0
935,940,Special Forces,7,75,2:0:0,8:0:0,0:0:0,4:0:0
935,938,Euro Force,1,70,3:0:0,0:0:0,0:0:0,3:0:0
935,937,Armored Fury,1,70,3:0:0,0:0:0,0:0:0,3:0:0
936,33533,Northern Strike,1,90,2:0:0,0:0:0,0:0:0,2:0:0
937,935,Battlefield 2,66,80,9:0:0,31:0:0,88:0:0,21:0:0
938,935,Battlefield 2,66,80,9:0:0,31:0:0,88:0:0,21:0:0
940,935,Battlefield 2,66,80,9:0:0,31:0:0,88:0:0,21:0:0
941,46227,Back to Karkand,0,60,0:0:0,0:0:0,0:0:0,0:0:0
941,46228,Close Quarters,0,60,0:0:0,0:0:0,0:0:0,0:0:0
941,46229,Armored Kill,0,0,0:0:0,0:0:0,0:0:0,0:0:0
941,46230,Aftermath,0,0,0:0:0,0:0:0,0:0:0,0:0:0
941,46231,End Game,0,0,0:0:0,0:0:0,0:0:0,0:0:0
942,61266,China Rising,0,70,0:0:0,0:0:0,0:0:0,0:0:0
942,61267,Second Assault,0,0,0:0:0,0:0:0,0:0:0,0:0:0
942,61313,Naval Strike,0,0,0:0:0,0:0:0,0:0:0,0:0:0
1023,14152,Advance Experiments,37,60,0:16:0,0:21:0,0:23:0,0:17:0
1066,17578,Protector Trials,75,65,2:0:0,2:0:0,3:0:0,3:0:0
1066,1067,Minerva's Den,504,80,4:0:0,5:0:0,5:0:0,4:0:0
1065,47515,Challenge Rooms,37,70,2:0:0,3:0:0,4:0:0,3:0:0
1067,1066,BioShock 2,3500,80,11:0:0,14:0:0,24:0:0,13:0:0
1068,12648,Clash in the Cloud,79,70,3:0:0,5:0:0,9:0:0,5:0:0
1068,14532,Burial at Sea - Episode 1,887,80,2:0:0,3:0:0,4:0:0,3:0:0
1068,16624,Burial at Sea - Episode 2,799,80,4:0:0,5:0:0,6:0:0,4:0:0
1119,26914,Episode 2,2,75,2:0:0,4:0:0,0:0:0,3:0:0
1124,17611,Dismal Swamp,11,70,0:56:0,0:0:0,0:0:0,0:56:0
1177,1187,Plasma Pak,22,75,2:0:0,3:0:0,4:0:0,2:0:0
1177,15921,Cryptic Passage,26,75,2:0:0,3:0:0,4:0:0,3:0:0
1177,33966,Death Wish,6,90,6:0:0,12:0:0,0:0:0,9:0:0
1177,98529,Fleshed Out,2,70,6:0:0,8:0:0,0:0:0,7:0:0
1177,148037,Marrow,2,60,3:0:0,0:0:0,0:0:0,3:0:0
1181,1182,The Nightmare Levels,11,60,2:0:0,2:0:0,4:0:0,2:0:0
1182,1181,Blood II: The Chosen,32,65,8:0:0,9:0:0,11:0:0,9:0:0
1187,1177,Blood,104,85,10:0:0,12:0:0,21:0:0,11:0:0
1273,1284,The Zombie Island of Dr. Ned,182,70,4:0:0,5:0:0,6:0:0,5:0:0
1273,1281,Mad Moxxi's Underdome Riot,71,50,3:0:0,5:0:0,8:0:0,4:0:0
1273,1283,The Secret Armory of General Knoxx,135,70,6:0:0,9:0:0,13:0:0,8:0:0
1273,19974,Claptrap's New Robot Revolution,135,70,4:0:0,5:0:0,7:0:0,5:0:0
1274,1275,Captain Scarlett and Her Pirate's Booty,171,70,4:0:0,7:0:0,11:0:0,6:0:0
1274,1277,Mr. Torgue's Campaign of Carnage,134,70,3:0:0,6:0:0,7:0:0,5:0:0
1274,13383,Creature Slaughter Dome,27,60,0:53:0,0:54:0,1:0:0,0:55:0
1274,1278,Sir Hammerlock's Big Game Hunt,121,65,3:0:0,7:0:0,8:0:0,5:0:0
1274,11788,Tiny Tina's Assault on Dragon Keep,164,85,5:0:0,8:0:0,11:0:0,8:0:0
1274,19612,Ultimate Vault Hunter Upgrade Pack 2 - Digistruct Peak Challenge,22,60,0:39:0,1:0:0,1:0:0,0:55:0
1274,14385,T.K. Baha's Bloody Harvest,56,65,0:45:0,0:59:0,1:0:0,0:56:0
1274,16657,The Horrible Hunger of the Ravenous Wattle Gobbler,42,65,0:44:0,0:58:0,1:0:0,0:55:0
1274,16658,How Marcus Saved Mercenary Day,55,70,0:45:0,0:54:0,2:0:0,1:0:0
1274,16659,Mad Moxxi and the Wedding Day Massacre,48,65,0:43:0,0:59:0,1:0:0,0:56:0
1274,17883,Sir Hammerlock vs. the Son of Crawmerax,44,70,0:42:0,0:53:0,1:0:0,1:0:0
1274,68153,Commander Lilith & the Fight for Sanctuary,113,75,3:0:0,6:0:0,6:0:0,5:0:0
1275,1274,Borderlands 2,3500,80,30:0:0,55:0:0,130:0:0,52:0:0
1277,1274,Borderlands 2,3500,80,30:0:0,55:0:0,130:0:0,52:0:0
1278,1274,Borderlands 2,3500,80,30:0:0,55:0:0,130:0:0,52:0:0
1281,1273,Borderlands,2200,75,22:0:0,35:0:0,63:0:0,33:0:0
1283,1273,Borderlands,2200,75,22:0:0,35:0:0,63:0:0,33:0:0
1284,1273,Borderlands,2200,75,22:0:0,35:0:0,63:0:0,33:0:0
1329,48483,Agents of Change,2,60,0:42:0,0:0:0,0:45:0,0:43:0
1331,26791,Broken Age: The Complete Adventure,627,70,10:0:0,12:0:0,13:0:0,11:0:0
1409,22787,Big Surf Island,9,75,5:0:0,6:0:0,0:0:0,5:0:0
1464,1482,United Offensive,245,75,6:0:0,6:0:0,8:0:0,6:0:0
1465,83367,1936-1939 The Spanish Civil War,2,70,7:0:0,0:0:0,0:0:0,7:0:0
1472,18693,Revolution,3,75,0:58:0,0:0:0,2:0:0,1:0:0
1472,18694,Uprising,3,80,1:0:0,0:0:0,2:0:0,2:0:0
1472,18695,Vengeance,4,75,0:46:0,0:0:0,2:0:0,2:0:0
1472,18696,Apocalypse,4,80,2:0:0,0:0:0,3:0:0,2:0:0
1478,18690,Collection 1,6,70,0:45:0,0:55:0,1:0:0,1:0:0
1478,18691,Collection 2,5,75,0:0:0,1:0:0,2:0:0,2:0:0
1478,18692,Collection 3,3,75,0:0:0,0:0:0,2:0:0,2:0:0
1482,1464,Call of Duty,730,75,7:0:0,9:0:0,10:0:0,7:0:0
1587,17548,Reverie,16,60,2:0:0,2:0:0,4:0:0,2:0:0
1587,17549,Resurrection,17,60,1:0:0,2:0:0,4:0:0,2:0:0
1678,4633,Immortal Cities: Children of the Nile,3,70,32:0:0,0:0:0,100:0:0,49:0:0
1683,19385,Chivalry: Deadliest Warrior,0,55,0:0:0,0:0:0,0:0:0,0:0:0
1717,11762,Tokyo,0,0,0:0:0,0:0:0,0:0:0,0:0:0
1717,11766,German Cities,0,0,0:0:0,0:0:0,0:0:0,0:0:0
1717,11761,U.S. Cities,0,0,0:0:0,0:0:0,0:0:0,0:0:0
1717,11764,Paris,0,0,0:0:0,0:0:0,0:0:0,0:0:0
1717,11765,London,0,0,0:0:0,0:0:0,0:0:0,0:0:0
1727,128001,City of Villains,0,0,0:0:0,0:0:0,0:0:0,0:0:0
1830,1845,The Covert Operations,14,70,5:0:0,8:0:0,8:0:0,6:0:0
1837,1838,Counterstrike,13,70,5:0:0,8:0:0,8:0:0,7:0:0
1837,1840,The Aftermath,12,80,8:0:0,0:0:0,18:0:0,9:0:0
1838,1837,Command & Conquer: Red Alert,88,80,28:0:0,31:0:0,41:0:0,29:0:0
1841,1850,Command & Conquer: Yuri's Revenge,34,80,12:0:0,18:0:0,26:0:0,15:0:0
1840,1837,Command & Conquer: Red Alert,88,80,28:0:0,31:0:0,41:0:0,29:0:0
1845,1830,Command & Conquer,88,75,17:0:0,24:0:0,32:0:0,21:0:0
1850,1841,Command & Conquer: Red Alert 2,89,85,15:0:0,22:0:0,35:0:0,18:0:0
1875,101893,Case Blue,2,70,4:0:0,0:0:0,0:0:0,4:0:0
1875,101894,Victory at Stalingrad,2,80,5:0:0,0:0:0,0:0:0,5:0:0
1875,101895,Southern Fronts,2,80,6:0:0,0:0:0,0:0:0,6:0:0
1875,21087,Ardennes Assault,27,80,11:0:0,13:0:0,16:0:0,12:0:0
1874,46234,Eastern Front,0,0,0:0:0,0:0:0,0:0:0,0:0:0
1874,26368,Europe at War,0,0,0:0:0,0:0:0,0:0:0,0:0:0
1874,28028,The Great War 1918,0,0,0:0:0,0:0:0,0:0:0,0:0:0
1874,44372,Far East War,0,0,0:0:0,0:0:0,0:0:0,0:0:0
1874,52039,Blitzkrieg Mod,0,0,0:0:0,0:0:0,0:0:0,0:0:0
1945,19966,Cossacks II: Battle for Europe,4,75,49:0:0,0:0:0,100:0:0,58:0:0
1947,1949,Grubbins on Ice,206,70,2:0:0,2:0:0,2:0:0,2:0:0
1949,1947,Costume Quest,931,75,6:0:0,7:0:0,7:0:0,7:0:0
1965,13672,Deluge Pack,1,55,2:0:0,0:0:0,0:0:0,2:0:0
1996,28022,"Invaders From Space, 2nd Wave",0,0,0:0:0,0:0:0,0:0:0,0:0:0
2021,2022,Vengeance,1,80,0:0:0,0:0:0,2:0:0,2:0:0
2022,2021,Crimson Alliance,8,70,8:0:0,8:0:0,16:0:0,9:0:0
2058,78224,Horse Lords,0,0,0:0:0,0:0:0,0:0:0,0:0:0
2068,20105,StarCry,1,100,9:0:0,0:0:0,0:0:0,9:0:0
2127,113203,Phantom Liberty,712,90,13:0:0,23:0:0,31:0:0,22:0:0
2150,22942,Request Selection,0,100,0:0:0,0:0:0,0:0:0,0:0:0
2195,98721,Dark Forest,2,0,0:15:0,0:0:0,0:24:0,0:19:0
2224,20578,Artorias of the Abyss,114,90,6:0:0,6:0:0,8:0:0,7:0:0
2225,20046,Crown of the Sunken King,106,75,5:0:0,5:0:0,6:0:0,5:0:0
2225,20857,Crown of the Old Iron King,95,75,4:0:0,6:0:0,8:0:0,6:0:0
2225,21410,Crown of the Ivory King,93,75,4:0:0,6:0:0,9:0:0,6:0:0
2245,2247,Argul's Tomb,53,70,1:0:0,1:0:0,2:0:0,1:0:0
2245,2246,Abyssal Forge,45,70,1:0:0,1:0:0,2:0:0,2:0:0
2245,2248,The Demon Lord Belial,43,70,1:0:0,1:0:0,1:0:0,1:0:0
2246,2245,Darksiders II,694,75,22:0:0,29:0:0,45:0:0,27:0:0
2247,2245,Darksiders II,694,75,22:0:0,29:0:0,45:0:0,27:0:0
2248,2245,Darksiders II,694,75,22:0:0,29:0:0,45:0:0,27:0:0
2292,20952,Fight for the Light,0,30,0:0:0,0:0:0,0:0:0,0:0:0
2302,2305,Bloodbath Arena,7,65,2:0:0,2:0:0,18:0:0,4:0:0
2302,2307,Ryder White,71,65,2:0:0,4:0:0,4:0:0,3:0:0
2305,2302,Dead Island,1000,70,18:0:0,28:0:0,49:0:0,26:0:0
2307,2302,Dead Island,1000,70,18:0:0,28:0:0,49:0:0,26:0:0
2327,2328,Case West,42,70,3:0:0,3:0:0,5:0:0,3:0:0
2328,2327,Dead Rising 2,371,75,14:0:0,18:0:0,52:0:0,18:0:0
2335,2336,Severed,81,70,1:0:0,2:0:0,2:0:0,2:0:0
2336,2335,Dead Space 2,1900,85,9:0:0,12:0:0,16:0:0,10:0:0
2338,2337,Dead Space 3,1000,70,13:0:0,16:0:0,24:0:0,15:0:0
2337,2338,Awakened,94,70,2:0:0,2:0:0,2:0:0,2:0:0
2396,2397,Deer Hunter: Interactive Hunting Experience,0,30,0:0:0,0:0:0,0:0:0,0:0:0
2397,2396,Deer Hunter's Extended Season,0,30,0:0:0,0:0:0,0:0:0,0:0:0
2412,21387,Borderlands,6,75,3:0:0,3:0:0,5:0:0,3:0:0
2412,2413,You Monster,9,85,2:0:0,3:0:0,10:0:0,3:0:0
2412,15686,Containment,8,80,4:0:0,4:0:0,10:0:0,4:0:0
2413,2412,Defense Grid: The Awakening,225,75,11:0:0,29:0:0,102:0:0,21:0:0
2434,12194,Level & Weapon,4,70,3:0:0,3:0:0,3:0:0,3:0:0
2458,83922,Vertigo Series,0,0,0:0:0,0:0:0,0:0:0,0:0:0
2460,2462,Descent: FreeSpace - The Great War,21,80,13:0:0,17:0:0,28:0:0,14:0:0
2462,2460,Descent: FreeSpace - Silent Threat,6,55,4:0:0,14:0:0,0:0:0,5:0:0
2486,23136,The Nameless Mod,3,85,15:0:0,20:0:0,25:0:0,20:0:0
2486,30976,Revision,41,85,20:0:0,41:0:0,42:0:0,38:0:0
2490,2489,Deus Ex: Human Revolution,1900,85,21:0:0,30:0:0,44:0:0,29:0:0
2489,2490,The Missing Link,409,75,5:0:0,6:0:0,7:0:0,6:0:0
2511,2515,Hellfire,37,70,4:0:0,7:0:0,8:0:0,6:0:0
2511,36973,The Hell,1,80,40:0:0,0:0:0,0:0:0,40:0:0
2512,2513,Lord of Destruction,167,90,19:0:0,45:0:0,197:0:0,44:0:0
2513,2512,Diablo II,285,85,34:0:0,47:0:0,244:0:0,52:0:0
2514,17491,Reaper of Souls,383,80,10:0:0,28:0:0,89:0:0,22:0:0
2514,46875,Rise of the Necromancer,12,85,15:0:0,16:0:0,19:0:0,16:0:0
2515,2511,Diablo,368,80,13:0:0,17:0:0,29:0:0,17:0:0
2522,2523,Limb from Limb,6,60,3:0:0,4:0:0,4:0:0,3:0:0
2523,2522,Die by the Sword,14,80,2:0:0,3:0:0,3:0:0,3:0:0
2602,2604,Dunwall City Trials,49,65,3:0:0,5:0:0,14:0:0,6:0:0
2602,2605,The Knife of Dunwall,493,80,4:0:0,5:0:0,8:0:0,5:0:0
2602,12980,The Brigmore Witches,432,80,3:0:0,5:0:0,7:0:0,4:0:0
2604,2602,Dishonored,4900,85,12:0:0,18:0:0,37:0:0,16:0:0
2605,2602,Dishonored,4900,85,12:0:0,18:0:0,37:0:0,16:0:0
2650,2651,Live Freemium or Die,167,70,1:0:0,1:0:0,1:0:0,1:0:0
2651,2650,DLC Quest,799,65,1:0:0,2:0:0,2:0:0,2:0:0
2653,2654,Vergil's Downfall,211,65,2:0:0,3:0:0,8:0:0,2:0:0
2654,2653,DmC: Devil May Cry,1700,75,9:0:0,12:0:0,40:0:0,11:0:0
2662,60884,Russia under Siege,2,65,0:40:0,1:0:0,0:0:0,0:50:0
2662,60885,Fire over Africa,2,65,0:36:0,0:40:0,0:0:0,0:38:0
2675,35074,Shipwrecked,3,80,29:0:0,43:0:0,376:0:0,96:0:0
2675,62282,Hamlet,0,90,0:0:0,0:0:0,0:0:0,0:0:0
2701,34800,Knee-Deep in Z (Doom WAD),1,0,4:0:0,0:0:0,0:0:0,4:0:0
2701,34010,the Way id Did (Doom WAD),3,85,3:0:0,5:0:0,0:0:0,4:0:0
2701,33621,Tech Gone Bad - E1M8 Map ( WAD),1,80,0:16:0,0:0:0,0:0:0,0:16:0
2701,36982,Phobos Mission Control - E1M4 ( WAD),1,75,0:15:0,0:0:0,0:0:0,0:15:0
2704,2706,Resurrection of Evil,252,70,4:0:0,5:0:0,6:0:0,4:0:0
2704,2707,The Lost Mission,125,70,2:0:0,2:0:0,2:0:0,2:0:0
2706,2704,Doom 3,527,75,11:0:0,13:0:0,17:0:0,12:0:0
2707,2704,Doom 3,527,75,11:0:0,13:0:0,17:0:0,12:0:0
2709,120203,The Lost Levels,2,85,1:0:0,0:0:0,0:0:0,1:0:0
2711,75811,Doom II: Unofficial WADs,0,85,0:0:0,0:0:0,0:0:0,0:0:0
2711,5719,Master Levels for Doom II,88,65,6:0:0,8:0:0,11:0:0,7:0:0
2711,2712,Doom II: No Rest for the Living,55,80,2:0:0,3:0:0,4:0:0,3:0:0
2711,86171,Doom Zero,10,80,6:0:0,11:0:0,0:0:0,7:0:0
2711,155102,Doom: Legacy of Rust,10,85,6:0:0,8:0:0,11:0:0,8:0:0
2712,2711,Doom II: Hell on Earth,680,80,7:0:0,10:0:0,14:0:0,8:0:0
2757,2756,Dragon Age II,1500,75,27:0:0,37:0:0,58:0:0,38:0:0
2756,20446,The Exiled Prince,33,65,2:0:0,2:0:0,3:0:0,2:0:0
2756,2757,Legacy,110,75,3:0:0,4:0:0,4:0:0,4:0:0
2756,2758,Mark of The Assassin,91,75,3:0:0,4:0:0,5:0:0,4:0:0
2758,2756,Dragon Age II,1500,75,27:0:0,37:0:0,58:0:0,38:0:0
2760,20791,A Tale of Orzammar,21,55,0:41:0,0:48:0,1:0:0,0:49:0
2760,2762,Leliana's Song,175,75,2:0:0,2:0:0,2:0:0,2:0:0
2760,2765,The Golems of Amgarrak,131,65,1:0:0,2:0:0,2:0:0,2:0:0
2760,2766,The Stone Prisoner,92,75,1:0:0,1:0:0,1:0:0,1:0:0
2760,2768,Warden's Keep,78,70,1:0:0,1:0:0,1:0:0,1:0:0
2760,2769,Witch Hunt,186,75,2:0:0,2:0:0,2:0:0,2:0:0
2760,2763,Return to Ostagar,88,70,1:0:0,2:0:0,2:0:0,2:0:0
2760,2761,Awakening,396,80,13:0:0,17:0:0,22:0:0,17:0:0
2760,2764,The Darkspawn Chronicles,116,65,1:0:0,2:0:0,2:0:0,2:0:0
2761,2760,Dragon Age: Origins,1900,85,40:0:0,58:0:0,87:0:0,57:0:0
2762,2760,Dragon Age: Origins,1900,85,40:0:0,58:0:0,87:0:0,57:0:0
2764,2760,Dragon Age: Origins,1900,85,40:0:0,58:0:0,87:0:0,57:0:0
2763,2760,Dragon Age: Origins,1900,85,40:0:0,58:0:0,87:0:0,57:0:0
2765,2760,Dragon Age: Origins,1900,85,40:0:0,58:0:0,87:0:0,57:0:0
2766,2760,Dragon Age: Origins,1900,85,40:0:0,58:0:0,87:0:0,57:0:0
2768,2760,Dragon Age: Origins,1900,85,40:0:0,58:0:0,87:0:0,57:0:0
2769,2760,Dragon Age: Origins,1900,85,40:0:0,58:0:0,87:0:0,57:0:0
2865,2867,Drakensang: The River of Time,29,75,27:0:0,39:0:0,51:0:0,40:0:0
2867,2865,Drakensang: Phileasson's Secret,7,70,16:0:0,19:0:0,24:0:0,19:0:0
2912,2914,Duke Nukem 3D,144,80,9:0:0,11:0:0,13:0:0,10:0:0
2914,2915,Duke It Out In D.C.,22,75,3:0:0,4:0:0,5:0:0,3:0:0
2914,2921,Plutonium Pak,16,80,3:0:0,3:0:0,4:0:0,3:0:0
2914,2912,Duke Caribbean: Life's A Beach,17,75,3:0:0,4:0:0,5:0:0,4:0:0
2914,2932,Duke: Nuclear Winter,17,60,2:0:0,2:0:0,3:0:0,2:0:0
2914,49536,WG Realms 2: Siege Breaker (Duke 3D),0,0,0:0:0,0:0:0,0:0:0,0:0:0
2914,42952,Duke Nukem Forever 2013 (Duke 3D),2,65,6:0:0,0:0:0,0:0:0,6:0:0
2914,49537,The AMC TC (Duke 3D),0,0,0:0:0,0:0:0,0:0:0,0:0:0
2915,2914,Duke Nukem 3D,144,80,9:0:0,11:0:0,13:0:0,10:0:0
2921,2914,Duke Nukem 3D,144,80,9:0:0,11:0:0,13:0:0,10:0:0
2925,2924,Duke Nukem Forever,536,55,9:0:0,12:0:0,21:0:0,11:0:0
2924,2925,The Doctor Who Cloned Me,63,65,3:0:0,4:0:0,5:0:0,4:0:0
2932,2914,Duke Nukem 3D,144,80,9:0:0,11:0:0,13:0:0,10:0:0
2947,19654,The Deeper Dungeons,2,60,52:0:0,55:0:0,0:0:0,53:0:0
2959,2960,Treasures of the Sun,19,70,3:0:0,4:0:0,5:0:0,4:0:0
2960,2959,Dungeon Siege III,230,65,15:0:0,18:0:0,28:0:0,18:0:0
2961,50786,Dungeon Siege: Return to Arhok,4,40,0:47:0,0:0:0,1:0:0,1:0:0
2974,2975,Realm of the Diggle Gods,6,75,11:0:0,11:0:0,0:0:0,11:0:0
2974,104771,You Have To Name The Expansion Pack,0,0,0:0:0,0:0:0,0:0:0,0:0:0
2974,18461,Conquest of the Wizardlands,1,70,0:0:0,27:0:0,0:0:0,27:0:0
2975,2974,Dungeons of Dredmor,67,75,18:0:0,37:0:0,81:0:0,30:0:0
3088,33003,Elite Dangerous: Horizons,2,85,0:0:0,1033:0:0,1200:0:0,1117:0:0
3110,59341,The Warpath Campaign,1,70,16:0:0,0:0:0,0:0:0,16:0:0
3117,70439,Disharmony,0,0,0:0:0,0:0:0,0:0:0,0:0:0
3126,3127,Pigsy's Perfect 10,100,70,3:0:0,3:0:0,4:0:0,3:0:0
3127,3126,Enslaved: Odyssey to the West,1100,75,9:0:0,11:0:0,19:0:0,10:0:0
3154,3155,Bakuki's Lair,4,70,0:50:0,1:0:0,0:0:0,0:55:0
3154,46762,Director's Cut,1,70,2:0:0,0:0:0,0:0:0,2:0:0
3154,22800,The Asylum,2,0,0:40:0,0:0:0,1:0:0,0:50:0
3155,3154,Escape Plan,60,65,4:0:0,5:0:0,10:0:0,4:0:0
3199,131796,Going East!,0,80,0:0:0,0:0:0,0:0:0,0:0:0
3199,131795,Scandinavia,0,80,0:0:0,0:0:0,0:0:0,0:0:0
3199,131794,Vive la France !,0,80,0:0:0,0:0:0,0:0:0,0:0:0
3199,131793,Italia,0,80,0:0:0,0:0:0,0:0:0,0:0:0
3199,131792,Beyond the Baltic Sea,0,80,0:0:0,0:0:0,0:0:0,0:0:0
3199,131791,Road to the Black Sea,0,80,0:0:0,0:0:0,0:0:0,0:0:0
3199,131790,Iberia,0,80,0:0:0,0:0:0,0:0:0,0:0:0
3204,3206,Heir to the Throne,0,60,0:0:0,0:0:0,0:0:0,0:0:0
3204,3205,Divine Wind,0,60,0:0:0,0:0:0,0:0:0,0:0:0
3205,3204,Europa Universalis III,18,80,63:0:0,252:0:0,654:0:0,163:0:0
3206,3204,Europa Universalis III,18,80,63:0:0,252:0:0,654:0:0,163:0:0
3211,11859,Europa Universalis: Rome,1,30,18:0:0,0:0:0,0:0:0,18:0:0
3220,133468,Dragons of Norrath,0,0,0:0:0,0:0:0,0:0:0,0:0:0
3220,27491,Secrets of Faydwer,0,0,0:0:0,0:0:0,0:0:0,0:0:0
3220,3227,The Ruins of Kunark,1,95,0:0:0,0:0:0,500:0:0,500:0:0
3220,3228,The Scars of Velious,1,85,300:0:0,0:0:0,0:0:0,300:0:0
3220,3230,The Shadows of Luclin,1,85,300:0:0,0:0:0,0:0:0,300:0:0
3220,3226,The Planes of Power,1,85,0:0:0,0:0:0,1200:0:0,1200:0:0
3220,3225,The Legacy of Ykesha,1,55,100:0:0,0:0:0,0:0:0,100:0:0
3220,3223,Lost Dungeons of Norrath,1,100,0:0:0,300:0:0,0:0:0,300:0:0
3220,3222,Gates of Discord,1,80,200:0:0,0:0:0,0:0:0,200:0:0
3220,3224,Omens of War,1,70,300:0:0,0:0:0,0:0:0,300:0:0
3220,133469,Depths of Darkhollow,0,0,0:0:0,0:0:0,0:0:0,0:0:0
3220,3229,The Serpent's Spine,0,90,0:0:0,0:0:0,0:0:0,0:0:0
3220,76039,The Buried Sea,0,0,0:0:0,0:0:0,0:0:0,0:0:0
3220,27492,Seeds of Destruction,0,0,0:0:0,0:0:0,0:0:0,0:0:0
3220,30791,Underfoot,0,0,0:0:0,0:0:0,0:0:0,0:0:0
3220,32550,House of Thule,0,0,0:0:0,0:0:0,0:0:0,0:0:0
3221,78922,Desert of Flames,0,60,0:0:0,0:0:0,0:0:0,0:0:0
3221,78923,Kingdom of Sky,0,60,0:0:0,0:0:0,0:0:0,0:0:0
3221,78924,Echoes of Faydwer,0,70,0:0:0,0:0:0,0:0:0,0:0:0
3221,84260,Everquest II: Rise of Kunark,1,70,0:0:0,0:0:0,161:0:0,161:0:0
3221,85585,The Shadow Odyssey,0,50,0:0:0,0:0:0,0:0:0,0:0:0
3221,107047,Destiny of Velious,0,0,0:0:0,0:0:0,0:0:0,0:0:0
3221,107048,Chains of Eternity,0,0,0:0:0,0:0:0,0:0:0,0:0:0
3221,107049,Tears of Veeshan,0,0,0:0:0,0:0:0,0:0:0,0:0:0
3222,3220,EverQuest,8,85,530:0:0,843:0:0,0:0:0,672:0:0
3223,3220,EverQuest,8,85,530:0:0,843:0:0,0:0:0,672:0:0
3224,3220,EverQuest,8,85,530:0:0,843:0:0,0:0:0,672:0:0
3225,3220,EverQuest,8,85,530:0:0,843:0:0,0:0:0,672:0:0
3226,3220,EverQuest,8,85,530:0:0,843:0:0,0:0:0,672:0:0
3227,3220,EverQuest,8,85,530:0:0,843:0:0,0:0:0,672:0:0
3228,3220,EverQuest,8,85,530:0:0,843:0:0,0:0:0,672:0:0
3229,3220,EverQuest,8,85,530:0:0,843:0:0,0:0:0,672:0:0
3230,3220,EverQuest,8,85,530:0:0,843:0:0,0:0:0,672:0:0
3288,100646,Nebula Highway,1,70,2:0:0,0:0:0,0:0:0,2:0:0
3293,3297,Extraction Point,563,70,4:0:0,5:0:0,6:0:0,5:0:0
3293,3299,Perseus Mandate,446,70,5:0:0,6:0:0,7:0:0,5:0:0
3295,3294,F.E.A.R. 2: Project Origin,866,70,7:0:0,9:0:0,11:0:0,8:0:0
3294,3295,F.E.A.R. 2: Reborn,154,65,1:0:0,2:0:0,2:0:0,2:0:0
3297,3293,F.E.A.R.,1500,80,8:0:0,10:0:0,12:0:0,9:0:0
3299,3293,F.E.A.R.,1500,80,8:0:0,10:0:0,12:0:0,9:0:0
3314,18195,Knothole Island,11,70,2:0:0,2:0:0,2:0:0,2:0:0
3314,17484,See the Future,12,75,2:0:0,2:0:0,3:0:0,2:0:0
3316,56734,Understone Quest,4,65,0:19:0,0:35:0,0:0:0,0:26:0
3316,19211,Traitor's Keep,11,70,2:0:0,2:0:0,3:0:0,2:0:0
3340,3345,Operation Anchorage,135,65,3:0:0,3:0:0,3:0:0,3:0:0
3340,3347,The Pitt,120,70,3:0:0,4:0:0,4:0:0,4:0:0
3340,3341,Broken Steel,126,70,3:0:0,5:0:0,5:0:0,4:0:0
3340,3346,Point Lookout,122,75,3:0:0,5:0:0,6:0:0,5:0:0
3340,3343,Mothership Zeta,114,65,3:0:0,4:0:0,4:0:0,3:0:0
3341,3340,Fallout 3,1500,80,22:0:0,52:0:0,114:0:0,47:0:0
3343,3340,Fallout 3,1500,80,22:0:0,52:0:0,114:0:0,47:0:0
3345,3340,Fallout 3,1500,80,22:0:0,52:0:0,114:0:0,47:0:0
3346,3340,Fallout 3,1500,80,22:0:0,52:0:0,114:0:0,47:0:0
3347,3340,Fallout 3,1500,80,22:0:0,52:0:0,114:0:0,47:0:0
3351,3352,Dead Money,157,70,5:0:0,7:0:0,8:0:0,7:0:0
3351,3353,Honest Hearts,167,70,3:0:0,5:0:0,5:0:0,5:0:0
3351,3355,Old World Blues,165,80,6:0:0,8:0:0,11:0:0,8:0:0
3351,3354,Lonesome Road,126,75,4:0:0,5:0:0,6:0:0,5:0:0
3351,88988,Gun Runners' Arsenal,8,65,2:0:0,3:0:0,3:0:0,2:0:0
3352,3351,Fallout: New Vegas,2800,85,27:0:0,59:0:0,132:0:0,57:0:0
3353,3351,Fallout: New Vegas,2800,85,27:0:0,59:0:0,132:0:0,57:0:0
3354,3351,Fallout: New Vegas,2800,85,27:0:0,59:0:0,132:0:0,57:0:0
3355,3351,Fallout: New Vegas,2800,85,27:0:0,59:0:0,132:0:0,57:0:0
3378,3380,Monkey Business,36,70,1:0:0,1:0:0,1:0:0,1:0:0
3378,21402,Testing Unit,27,55,0:15:0,0:15:0,0:15:0,0:15:0
3378,3381,The Lost Expeditions,35,60,0:28:0,0:31:0,0:32:0,0:31:0
3380,3378,Far Cry 3,4500,80,16:0:0,26:0:0,37:0:0,24:0:0
3381,3378,Far Cry 3,4500,80,16:0:0,26:0:0,37:0:0,24:0:0
3528,65707,Rise of the Zilart,7,70,22:0:0,33:0:0,0:0:0,25:0:0
3528,65708,Chains of Promathia,6,75,25:0:0,60:0:0,0:0:0,39:0:0
3528,65709,Treasures of Aht Urhgan,3,80,17:0:0,39:0:0,0:0:0,22:0:0
3528,65710,Wings of the Goddess,3,75,36:0:0,42:0:0,0:0:0,40:0:0
3528,65711,A Crystalline Prophecy - Ode of Life Bestowing,1,80,1:0:0,0:0:0,0:0:0,1:0:0
3528,65712,A Moogle Kupo d'Etat - Evil in Small Doses,1,80,2:0:0,0:0:0,0:0:0,2:0:0
3528,65713,"A Shantotto Ascension - The Legend Torn, Her Empire Born",1,80,2:0:0,0:0:0,0:0:0,2:0:0
3528,65714,Vision of Abyssea,1,70,0:44:0,0:0:0,0:0:0,0:44:0
3528,65715,Scars of Abyssea,1,60,0:30:0,0:0:0,0:0:0,0:30:0
3528,65716,Heroes of Abyssea,1,60,2:0:0,0:0:0,0:0:0,2:0:0
3528,65717,Seekers of Adoulin,3,75,35:0:0,45:0:0,0:0:0,42:0:0
3528,65718,Rhapsodies of Vana'diel,3,75,14:0:0,0:0:0,0:0:0,14:0:0
3528,147870,The Voracious Resurgence,0,0,0:0:0,0:0:0,0:0:0,0:0:0
3534,27917,Sazh's Story - Heads or Tails?,13,55,0:45:0,1:0:0,2:0:0,1:0:0
3534,27919,Lightning's Story - Requiem of the Goddess,13,65,1:0:0,0:0:0,2:0:0,1:0:0
3534,27918,Snow's Story - Perpetual Battlefield,8,60,0:58:0,0:0:0,1:0:0,1:0:0
3537,24739,Episode Duscae,52,75,3:0:0,4:0:0,7:0:0,4:0:0
3537,44780,Episode Gladiolus,393,70,1:0:0,2:0:0,2:0:0,1:0:0
3537,46858,Episode Prompto,326,70,2:0:0,3:0:0,5:0:0,2:0:0
3537,51403,Episode Ignis,325,80,1:0:0,2:0:0,4:0:0,2:0:0
3537,65937,Comrades,24,65,23:0:0,46:0:0,56:0:0,43:0:0
3537,65927,Episode Ardyn,238,80,2:0:0,3:0:0,4:0:0,2:0:0
3622,51088,Kidnapped Folk,1,0,1:0:0,0:0:0,0:0:0,1:0:0
3622,51087,Bottom of the Sea,0,0,0:0:0,0:0:0,0:0:0,0:0:0
3622,51086,The Alchemist,0,0,0:0:0,0:0:0,0:0:0,0:0:0
3622,51085,Origin of Belgae,0,0,0:0:0,0:0:0,0:0:0,0:0:0
3622,51089,Christmas Present,1,70,0:0:0,0:0:0,0:5:0,0:5:0
3622,51084,Fear in the Night,0,0,0:0:0,0:0:0,0:0:0,0:0:0
3622,51083,Visions of the Tower,0,0,0:0:0,0:0:0,0:0:0,0:0:0
3657,141867,LEGO ,8,70,19:0:0,20:0:0,0:0:0,19:0:0
3657,142264,Rocket Racing,2,55,7:0:0,13:0:0,0:0:0,10:0:0
3657,142320,Festival,2,85,23:0:0,0:0:0,0:0:0,23:0:0
3661,37896,Rally,5,85,4:0:0,5:0:0,5:0:0,4:0:0
3712,106571,Hop's Iconic Cap,10,65,2:0:0,3:0:0,5:0:0,3:0:0
3797,3802,Altarian Prophecy,2,0,2:0:0,27:0:0,0:0:0,15:0:0
3802,3797,Galactic Civilizations,1,70,6:0:0,0:0:0,0:0:0,6:0:0
3830,3831,Beyond the Wall,6,60,1:0:0,0:0:0,0:0:0,1:0:0
3831,3830,Game of Thrones,118,65,19:0:0,25:0:0,29:0:0,25:0:0
3864,3863,Gears of War 2,769,80,10:0:0,13:0:0,57:0:0,11:0:0
3863,3864,Road to Ruin,33,70,0:32:0,1:0:0,2:0:0,0:38:0
3865,3866,RAAM's Shadow,35,75,3:0:0,3:0:0,4:0:0,3:0:0
3866,3865,Gears of War 3,709,80,10:0:0,13:0:0,20:0:0,10:0:0
3930,13718,Giana Sisters: Twisted Dreams - Rise of the Owlverlord,24,75,2:0:0,2:0:0,3:0:0,2:0:0
3964,72312,Go! Go! Nippon! 2016,3,80,3:0:0,0:0:0,12:0:0,6:0:0
4028,42651,The Returning,8,70,183:0:0,213:0:0,272:0:0,218:0:0
4028,4030,Night of the Raven,36,90,23:0:0,30:0:0,63:0:0,39:0:0
4030,4028,Gothic II,67,90,45:0:0,52:0:0,68:0:0,52:0:0
4050,4051,Reign of Augustus,0,0,0:0:0,0:0:0,0:0:0,0:0:0
4051,4050,Grand Ages: Rome,4,65,27:0:0,48:0:0,0:0:0,33:0:0
4058,13060,"London, 1969",19,60,5:0:0,5:0:0,5:0:0,5:0:0
4062,4063,The Lost and Damned,526,75,7:0:0,10:0:0,18:0:0,8:0:0
4062,4074,The Ballad of Gay Tony,461,80,8:0:0,12:0:0,24:0:0,10:0:0
4063,4062,Grand Theft Auto IV,2400,85,27:0:0,41:0:0,74:0:0,34:0:0
4064,13834,Grand Theft Auto Online,21,70,72:0:0,98:0:0,587:0:0,197:0:0
4071,13060,"Grand Theft Auto: London, 1969",19,60,5:0:0,5:0:0,5:0:0,5:0:0
4074,4062,Grand Theft Auto IV,2400,85,27:0:0,41:0:0,74:0:0,34:0:0
4087,123664,Spy Costume Pack,6,75,0:59:0,0:0:0,1:0:0,1:0:0
4087,123665,Maid Costume Pack,6,70,0:57:0,0:0:0,1:0:0,0:58:0
4087,123666,Military Costume Pack,6,75,1:0:0,0:0:0,1:0:0,1:0:0
4154,94377,Living World Season 1,3,80,14:0:0,20:0:0,0:0:0,18:0:0
4154,94419,Living World Season 2,5,85,12:0:0,0:0:0,24:0:0,13:0:0
4154,42633,Heart of Thorns,15,85,29:0:0,75:0:0,235:0:0,61:0:0
4154,94420,Living World Season 3,2,90,15:0:0,56:0:0,0:0:0,36:0:0
4154,48361,Path of Fire,11,90,35:0:0,132:0:0,494:0:0,56:0:0
4154,94421,Living World Season 4,2,90,10:0:0,36:0:0,0:0:0,23:0:0
4154,94422,The Icebrood Saga,5,80,11:0:0,17:0:0,47:0:0,30:0:0
4154,96217,End of Dragons,14,80,13:0:0,21:0:0,38:0:0,18:0:0
4154,130939,Secrets of the Obscure,5,65,10:0:0,19:0:0,0:0:0,18:0:0
4154,151687,Janthir Wilds,0,0,0:0:0,0:0:0,0:0:0,0:0:0
4233,4237,Reinsertion,6,60,2:0:0,0:0:0,2:0:0,2:0:0
4237,4233,Hacker Evolution,17,55,6:0:0,8:0:0,9:0:0,7:0:0
4247,77962,USS Darkstar,1,70,0:0:0,3:0:0,0:0:0,3:0:0
4247,36797,They Hunger 2: Rest in Pieces,4,65,2:0:0,3:0:0,5:0:0,3:0:0
4247,27269,They Hunger,10,65,2:0:0,2:0:0,3:0:0,2:0:0
4247,36798,They Hunger 3: Rude Awakening,4,65,3:0:0,4:0:0,5:0:0,3:0:0
4247,20847,Blbej Den,1,15,2:0:0,0:0:0,0:0:0,2:0:0
4247,139208,VR Mod,3,75,4:0:0,12:0:0,17:0:0,12:0:0
4247,125580,MMod,14,80,8:0:0,9:0:0,0:0:0,8:0:0
4248,25074,Update,123,90,11:0:0,14:0:0,16:0:0,13:0:0
4248,35951,From Earth,3,45,0:59:0,1:0:0,2:0:0,1:0:0
4248,45280,Downfall,74,70,0:42:0,0:50:0,1:0:0,0:48:0
4248,114213,VR Mod,25,85,12:0:0,14:0:0,17:0:0,14:0:0
4256,30301,Dark Operations,0,55,0:0:0,0:0:0,0:0:0,0:0:0
4256,30300,Military Duty,0,55,0:0:0,0:0:0,0:0:0,0:0:0
4273,4274,Retro Fever,3,65,0:0:0,0:0:0,0:41:0,0:41:0
4274,4273,Hamilton's Great Adventure,18,70,5:0:0,7:0:0,10:0:0,8:0:0
4299,18999,Exile,12,70,2:0:0,3:0:0,0:0:0,2:0:0
4377,4378,The Taxidermist,65,70,0:29:0,0:55:0,1:0:0,0:39:0
4378,4377,Heavy Rain,2000,80,10:0:0,12:0:0,22:0:0,11:0:0
4382,127759,Hector: Badge of Carnage,3,65,8:0:0,0:0:0,9:0:0,9:0:0
4383,127759,Hector: Badge of Carnage,3,65,8:0:0,0:0:0,9:0:0,9:0:0
4384,127759,Hector: Badge of Carnage,3,65,8:0:0,0:0:0,9:0:0,9:0:0
4395,34848,Virtual Rabbit Missions,2,0,4:0:0,0:0:0,4:0:0,4:0:0
4409,34600,Masters of Chaos ( WAD),1,0,0:0:0,22:0:0,0:0:0,22:0:0
4428,137343,Heroes of Might and Magic III: Horn of the Abyss,1,95,6:0:0,0:0:0,0:0:0,6:0:0
4429,4431,The Gathering Storm,8,70,32:0:0,46:0:0,51:0:0,42:0:0
4429,4432,Winds of War,4,70,34:0:0,43:0:0,0:0:0,40:0:0
4431,4429,Heroes of Might and Magic IV,20,75,46:0:0,77:0:0,132:0:0,65:0:0
4432,4429,Heroes of Might and Magic IV,20,75,46:0:0,77:0:0,132:0:0,65:0:0
4442,4444,Deathkings of the Dark Citadel,26,70,8:0:0,9:0:0,9:0:0,8:0:0
4442,34597,Serpent: Resurrection ( WAD),0,0,0:0:0,0:0:0,0:0:0,0:0:0
4443,19782,Mission Pack: Portal of Praevus,5,75,4:0:0,0:0:0,8:0:0,4:0:0
4444,4442,Hexen,71,70,10:0:0,11:0:0,12:0:0,11:0:0
4464,26829,Higurashi When They Cry - Chapter 1: Onikakushi,362,85,11:0:0,12:0:0,13:0:0,12:0:0
4464,32279,Higurashi When They Cry - Chapter 2: Watanagashi,223,85,14:0:0,15:0:0,15:0:0,15:0:0
4464,38256,Higurashi When They Cry - Chapter 3: Tatarigoroshi,168,85,13:0:0,14:0:0,14:0:0,14:0:0
4464,40539,Higurashi When They Cry - Chapter 4: Himatsubushi,159,80,6:0:0,6:0:0,7:0:0,7:0:0
4464,45457,Higurashi When They Cry - Chapter 5: Meakashi,133,85,10:0:0,10:0:0,12:0:0,12:0:0
4475,4476,Hitman: Sniper Challenge,219,65,0:36:0,2:0:0,3:0:0,1:0:0
4476,4475,Hitman: Absolution,1400,75,12:0:0,20:0:0,37:0:0,16:0:0
4481,19710,Dynamite Roll!,1,0,0:42:0,0:0:0,0:0:0,0:42:0
4481,19711,Flame-Broiled SANDwich,0,0,0:0:0,0:0:0,0:0:0,0:0:0
4538,92119,Demon Hunter,0,0,0:0:0,0:0:0,0:0:0,0:0:0
4538,92120,Robot Redemption,0,0,0:0:0,0:0:0,0:0:0,0:0:0
4596,4598,Heart of Winter,27,75,8:0:0,12:0:0,19:0:0,12:0:0
4598,4596,Icewind Dale,66,75,35:0:0,45:0:0,52:0:0,42:0:0
4599,4598,Icewind Dale: Heart of Winter,27,75,8:0:0,12:0:0,19:0:0,12:0:0
4617,13704,1946,1,75,34:0:0,0:0:0,0:0:0,34:0:0
4633,1678,Children of the Nile: Alexandria,2,55,0:0:0,30:0:0,50:0:0,40:0:0
4854,14412,Joe Danger 2: Undead Movie Pack,2,0,0:0:0,0:0:0,1:0:0,1:0:0
4860,12007,Joint Operations: Escalation,0,0,0:0:0,0:0:0,0:0:0,0:0:0
4901,40524,Episode 1: The Intruder,16,65,2:0:0,2:0:0,2:0:0,2:0:0
4901,44891,Episode 2: The Cavalry,13,60,1:0:0,2:0:0,2:0:0,2:0:0
4901,44911,Episode 3: The Depths,11,65,1:0:0,1:0:0,2:0:0,2:0:0
4901,40527,Episode 4: The Survivors,11,65,1:0:0,2:0:0,2:0:0,2:0:0
4905,18305,Multiplayer Mod,7,70,17:0:0,44:0:0,55:0:0,27:0:0
4956,14076,Act I,105,75,1:0:0,1:0:0,1:0:0,1:0:0
4956,14077,Act II,66,70,1:0:0,2:0:0,2:0:0,1:0:0
4956,14086,Act III,44,70,2:0:0,3:0:0,3:0:0,2:0:0
4956,14087,Act IV,36,75,2:0:0,3:0:0,3:0:0,2:0:0
4956,14088,Act V,27,70,1:0:0,1:0:0,1:0:0,1:0:0
4956,89976,Final Interlude,7,70,0:15:0,0:16:0,0:19:0,0:16:0
4983,19212,Defence Alliance 2,0,45,0:0:0,0:0:0,0:0:0,0:0:0
4983,27904,Toy Master,7,70,0:32:0,1:0:0,1:0:0,0:40:0
4988,44236,Chapter 5: Root of Evil,3,80,2:0:0,0:0:0,0:0:0,2:0:0
5021,23230,Ice and Fire,0,0,0:0:0,0:0:0,0:0:0,0:0:0
5056,17898,Legend of Dead Kel,35,75,4:0:0,6:0:0,11:0:0,8:0:0
5056,17899,Teeth of Naros,36,70,5:0:0,6:0:0,8:0:0,7:0:0
5146,5147,"""A Slip Of The Tongue"" Traffic Case",35,70,0:42:0,0:48:0,0:54:0,0:47:0
5146,5151,"""The Naked City"" Vice Case",39,75,1:0:0,1:0:0,1:0:0,1:0:0
5146,5150,"""The Consul's Car"" Traffic Case",26,70,0:37:0,0:45:0,0:46:0,0:42:0
5146,5148,"""Nicholson Electroplating"" Arson Case",44,75,1:0:0,1:0:0,1:0:0,1:0:0
5146,5149,"""Reefer Madness"" Vice Case",34,75,0:54:0,0:56:0,0:59:0,0:58:0
5147,5146,L.A. Noire,1600,80,22:0:0,29:0:0,42:0:0,28:0:0
5148,5146,L.A. Noire,1600,80,22:0:0,29:0:0,42:0:0,28:0:0
5149,5146,L.A. Noire,1600,80,22:0:0,29:0:0,42:0:0,28:0:0
5150,5146,L.A. Noire,1600,80,22:0:0,29:0:0,42:0:0,28:0:0
5151,5146,L.A. Noire,1600,80,22:0:0,29:0:0,42:0:0,28:0:0
5181,83795,Challenge Pack 1: All the Trappings,3,60,0:54:0,1:0:0,0:0:0,1:0:0
5181,83796,Challenge Pack 2: Things that Go Boom,3,60,0:31:0,0:45:0,0:0:0,0:34:0
5181,83811,Challenge Pack 3: Hazardous Reunion,3,60,0:32:0,0:42:0,0:0:0,0:35:0
5209,5210,Crash Course,32,70,1:0:0,4:0:0,19:0:0,2:0:0
5209,5211,The Sacrifice,25,75,1:0:0,2:0:0,23:0:0,2:0:0
5210,5209,Left 4 Dead,668,80,7:0:0,19:0:0,60:0:0,11:0:0
5212,20094,The Passing,28,75,0:48:0,1:0:0,2:0:0,0:56:0
5212,86784,Cold Stream,8,70,0:34:0,0:41:0,0:0:0,0:40:0
5212,84124,The Last Stand,12,75,0:36:0,0:45:0,0:0:0,0:37:0
5211,5209,Left 4 Dead,668,80,7:0:0,19:0:0,60:0:0,11:0:0
5307,29185,The Chaotic Throne,0,0,0:0:0,0:0:0,0:0:0,0:0:0
5322,116714,Ho Ho Holiday,16,75,4:0:0,4:0:0,5:0:0,4:0:0
5334,109468,Metal Gear Solid Level Kit,1,60,0:0:0,6:0:0,0:0:0,6:0:0
5334,127533,Creator Pack 1,0,0,0:0:0,0:0:0,0:0:0,0:0:0
5334,127534,Monsters Level Kit,1,0,0:15:0,0:0:0,0:0:0,0:15:0
5334,127535,History Level Kit,0,0,0:0:0,0:0:0,0:0:0,0:0:0
5334,127539,Pirates of the Caribbean Premium Level Kit,0,0,0:0:0,0:0:0,0:0:0,0:0:0
5334,127540,The Incredibles Level Kit,0,0,0:0:0,0:0:0,0:0:0,0:0:0
5334,127541,Marvel Level Kit,0,0,0:0:0,0:0:0,0:0:0,0:0:0
5336,127544,Toy Story Level Kit,0,0,0:0:0,0:0:0,0:0:0,0:0:0
5336,127542,Move Pack: Rise of the Cakeling,0,0,0:0:0,0:0:0,0:0:0,0:0:0
5336,127545,The Muppets Premium Level Kit,0,0,0:0:0,0:0:0,0:0:0,0:0:0
5336,127546,Cross-Controller Pack,0,0,0:0:0,0:0:0,0:0:0,0:0:0
5336,127547,The Nightmare Before Christmas Level Kit,0,0,0:0:0,0:0:0,0:0:0,0:0:0
5336,127543,DC Comics Premium Level Pack,3,85,1:0:0,2:0:0,3:0:0,2:0:0
5360,22975,Joe Dever's Lone Wolf,32,65,14:0:0,18:0:0,28:0:0,18:0:0
5361,22975,Joe Dever's Lone Wolf,32,65,14:0:0,18:0:0,28:0:0,18:0:0
5362,22975,Joe Dever's Lone Wolf,32,65,14:0:0,18:0:0,28:0:0,18:0:0
5363,22975,Joe Dever's Lone Wolf,32,65,14:0:0,18:0:0,28:0:0,18:0:0
5364,22975,Joe Dever's Lone Wolf,32,65,14:0:0,18:0:0,28:0:0,18:0:0
5393,5394,Seeker of the Deep!,1,40,0:0:0,0:0:0,4:0:0,4:0:0
5394,5393,Lost Odyssey,258,85,50:0:0,69:0:0,106:0:0,67:0:0
5513,5514,Jimmy's Vendetta,67,55,5:0:0,6:0:0,8:0:0,7:0:0
5513,5515,Joe's Adventures,97,60,6:0:0,8:0:0,8:0:0,7:0:0
5513,5516,The Betrayal of Jimmy,66,50,6:0:0,6:0:0,7:0:0,6:0:0
5514,5513,Mafia II,2000,80,12:0:0,16:0:0,32:0:0,14:0:0
5515,5513,Mafia II,2000,80,12:0:0,16:0:0,32:0:0,14:0:0
5516,5513,Mafia II,2000,80,12:0:0,16:0:0,32:0:0,14:0:0
5517,30429,The City of Lost Heaven - Mission Pack,0,60,0:0:0,0:0:0,0:0:0,0:0:0
5537,5536,Magic: The Gathering - Duels of the Planeswalkers 2013,48,70,13:0:0,26:0:0,45:0:0,26:0:0
5536,5537,Expansion,4,65,3:0:0,5:0:0,15:0:0,5:0:0
5549,5554,Vietnam,11,70,1:0:0,2:0:0,2:0:0,2:0:0
5549,5551,Marshlands,1,0,0:0:0,3:0:0,0:0:0,3:0:0
5549,5553,The Stars Are Left,11,70,3:0:0,3:0:0,4:0:0,3:0:0
5549,5552,The Other Side of the Coin,10,70,1:0:0,2:0:0,3:0:0,2:0:0
5549,12174,Dungeons and Daemons,9,65,0:54:0,1:0:0,9:0:0,2:0:0
5549,22651,Dungeons and Gargoyles,5,70,0:38:0,1:0:0,5:0:0,1:0:0
5551,5549,Magicka,383,70,10:0:0,16:0:0,45:0:0,13:0:0
5552,5549,Magicka,383,70,10:0:0,16:0:0,45:0:0,13:0:0
5553,5549,Magicka,383,70,10:0:0,16:0:0,45:0:0,13:0:0
5554,5549,Magicka,383,70,10:0:0,16:0:0,45:0:0,13:0:0
5561,33196,Mahjong Quest,0,0,0:0:0,0:0:0,0:0:0,0:0:0
5561,11851,Mahjong Quest 2,0,0,0:0:0,0:0:0,0:0:0,0:0:0
5561,11852,Mahjong Quest 3,0,0,0:0:0,0:0:0,0:0:0,0:0:0
5568,5570,Majesty 2: The Fantasy Kingdom Sim,23,75,15:0:0,19:0:0,31:0:0,20:0:0
5567,5570,Majesty 2: The Fantasy Kingdom Sim,23,75,15:0:0,19:0:0,31:0:0,20:0:0
5569,5570,Majesty 2: The Fantasy Kingdom Sim,23,75,15:0:0,19:0:0,31:0:0,20:0:0
5570,5568,Majesty 2: Kingmaker,5,70,10:0:0,12:0:0,16:0:0,12:0:0
5570,5567,Majesty 2: Battles of Ardania,3,60,9:0:0,9:0:0,10:0:0,9:0:0
5570,5569,Majesty 2: Monster Kingdom,6,75,11:0:0,16:0:0,25:0:0,16:0:0
5609,15554,Phoenix,0,0,0:0:0,0:0:0,0:0:0,0:0:0
5609,13711,Rubicon X,0,100,0:0:0,0:0:0,0:0:0,0:0:0
5635,23297,The Legend of Zelda,28,80,0:36:0,3:0:0,12:0:0,2:0:0
5635,26085,Animal Crossing,26,80,0:37:0,3:0:0,13:0:0,2:0:0
5671,12882,Special Edition,28,80,0:58:0,1:0:0,3:0:0,2:0:0
5698,5715,Bring Down the Sky,151,70,1:0:0,2:0:0,2:0:0,2:0:0
5698,5717,Pinnacle Station,48,55,1:0:0,2:0:0,2:0:0,2:0:0
5699,5704,Normandy Crash Site,124,65,0:29:0,0:29:0,0:29:0,0:29:0
5699,5706,Zaeed - The Price of Revenge,143,70,0:56:0,1:0:0,1:0:0,1:0:0
5699,5701,Firewalker Pack,107,60,2:0:0,2:0:0,2:0:0,2:0:0
5699,5702,Kasumi - Stolen Memory,164,80,1:0:0,2:0:0,2:0:0,1:0:0
5699,5705,Overlord,147,75,2:0:0,2:0:0,2:0:0,2:0:0
5699,5703,Lair of the Shadow Broker,188,85,2:0:0,2:0:0,3:0:0,2:0:0
5699,5700,Arrival,160,75,2:0:0,2:0:0,2:0:0,2:0:0
5700,5699,Mass Effect 2,4300,90,25:0:0,36:0:0,50:0:0,36:0:0
5701,5699,Mass Effect 2,4300,90,25:0:0,36:0:0,50:0:0,36:0:0
5702,5699,Mass Effect 2,4300,90,25:0:0,36:0:0,50:0:0,36:0:0
5703,5699,Mass Effect 2,4300,90,25:0:0,36:0:0,50:0:0,36:0:0
5704,5699,Mass Effect 2,4300,90,25:0:0,36:0:0,50:0:0,36:0:0
5705,5699,Mass Effect 2,4300,90,25:0:0,36:0:0,50:0:0,36:0:0
5706,5699,Mass Effect 2,4300,90,25:0:0,36:0:0,50:0:0,36:0:0
5707,5710,From Ashes,150,75,1:0:0,1:0:0,1:0:0,1:0:0
5707,5709,Extended Cut,72,75,2:0:0,2:0:0,3:0:0,2:0:0
5707,5711,Leviathan,146,80,2:0:0,3:0:0,3:0:0,3:0:0
5707,5712,Omega,142,75,3:0:0,3:0:0,3:0:0,3:0:0
5707,5708,Citadel,176,90,4:0:0,5:0:0,6:0:0,5:0:0
5708,5707,Mass Effect 3,2900,85,24:0:0,36:0:0,51:0:0,36:0:0
5709,5707,Mass Effect 3,2900,85,24:0:0,36:0:0,51:0:0,36:0:0
5710,5707,Mass Effect 3,2900,85,24:0:0,36:0:0,51:0:0,36:0:0
5711,5707,Mass Effect 3,2900,85,24:0:0,36:0:0,51:0:0,36:0:0
5712,5707,Mass Effect 3,2900,85,24:0:0,36:0:0,51:0:0,36:0:0
5715,5698,Mass Effect,5200,85,17:0:0,28:0:0,43:0:0,27:0:0
5717,5698,Mass Effect,5200,85,17:0:0,28:0:0,43:0:0,27:0:0
5719,2711,Doom II: Hell on Earth,680,80,7:0:0,10:0:0,14:0:0,8:0:0
5738,37477,Mona: The Assassin,1,60,0:40:0,0:0:0,0:0:0,0:40:0
5761,57707,Desperate Measures,1,80,5:0:0,0:0:0,0:0:0,5:0:0
5764,19615,MechWarrior 2: Ghost Bear's Legacy,2,80,4:0:0,0:0:0,0:0:0,4:0:0
5778,5781,Spearhead,80,70,3:0:0,3:0:0,4:0:0,3:0:0
5778,5779,Breakthrough,70,65,5:0:0,6:0:0,8:0:0,5:0:0
5779,5778,Medal of Honor: Allied Assault,200,75,9:0:0,12:0:0,14:0:0,10:0:0
5781,5778,Medal of Honor: Allied Assault,200,75,9:0:0,12:0:0,14:0:0,10:0:0
5795,14757,Viking Invasion,5,80,7:0:0,22:0:0,0:0:0,10:0:0
5882,143327,Skirmish Pack,3,80,6:0:0,0:0:0,0:0:0,6:0:0
5882,143328,Skirmish Pack 2,3,80,2:0:0,0:0:0,0:0:0,2:0:0
5905,5907,Jetstream,170,75,1:0:0,2:0:0,5:0:0,2:0:0
5905,5906,Blade Wolf,146,70,1:0:0,1:0:0,3:0:0,1:0:0
5906,5905,Metal Gear Rising: Revengeance,2600,80,7:0:0,11:0:0,40:0:0,9:0:0
5907,5905,Metal Gear Rising: Revengeance,2600,80,7:0:0,11:0:0,40:0:0,9:0:0
5913,78838,Snake vs. Monkey,2,90,2:0:0,0:0:0,2:0:0,2:0:0
5947,12871,Ranger Mode,5,60,8:0:0,9:0:0,10:0:0,8:0:0
5947,12762,Faction Pack,27,65,2:0:0,3:0:0,3:0:0,3:0:0
5947,13379,Tower Pack,13,50,1:0:0,1:0:0,3:0:0,1:0:0
5947,13774,Developer Pack,26,65,0:54:0,1:0:0,3:0:0,1:0:0
5947,14074,Chronicles Pack,37,70,2:0:0,2:0:0,2:0:0,2:0:0
6020,48128,Pirates of the Savage Sea Adventure Pack,3,65,4:0:0,7:0:0,0:0:0,5:0:0
6020,55520,Danse Macabre Adventure Pack,2,70,0:0:0,6:0:0,0:0:0,6:0:0
6064,89491,Super Mario Mash-up,3,75,3:0:0,10:0:0,0:0:0,6:0:0
6064,6065,Tekkit Mod,5,70,50:0:0,68:0:0,115:0:0,71:0:0
6064,15836,Feed The Beast,10,75,65:0:0,108:0:0,209:0:0,106:0:0
6064,128847,Modpack: Technological Journey,0,0,0:0:0,0:0:0,0:0:0,0:0:0
6065,6064,Minecraft,1100,90,65:0:0,141:0:0,274:0:0,129:0:0
6085,61623,Pure Time Trials,2,80,0:0:0,0:0:0,9:0:0,9:0:0
6240,6241,Napoleonic Wars,2,85,28:0:0,41:0:0,0:0:0,35:0:0
6240,29736,Viking Conquest,3,80,20:0:0,75:0:0,0:0:0,53:0:0
6241,6240,Mount & Blade: Warband,184,80,74:0:0,110:0:0,235:0:0,119:0:0
6296,36570,Fan Disc,1,0,0:0:0,0:0:0,11:0:0,11:0:0
6376,59342,The Peninsular Campaign,1,0,6:0:0,0:0:0,0:0:0,6:0:0
6515,6523,Infinite Dungeons,0,70,0:0:0,0:0:0,0:0:0,0:0:0
6515,6527,Wyvern Crown of Cormyr,2,75,5:0:0,9:0:0,0:0:0,7:0:0
6515,31810,The Aielund Saga,0,90,0:0:0,0:0:0,0:0:0,0:0:0
6515,6526,Shadows of Undrentide,42,75,17:0:0,21:0:0,31:0:0,23:0:0
6515,6522,Hordes of the Underdark,40,80,23:0:0,28:0:0,32:0:0,27:0:0
6515,42239,A Hunt Through The Dark,0,70,0:0:0,0:0:0,0:0:0,0:0:0
6515,6524,Kingmaker,9,75,6:0:0,15:0:0,16:0:0,10:0:0
6515,6525,Pirates of the Sword Coast,5,85,6:0:0,10:0:0,0:0:0,9:0:0
6515,6520,Darkness over Daggerford,3,65,0:0:0,12:0:0,0:0:0,12:0:0
6515,70936,Tyrants of the Moonsea,0,0,0:0:0,0:0:0,0:0:0,0:0:0
6515,76127,Dark Dreams of Furiae,0,70,0:0:0,0:0:0,0:0:0,0:0:0
6520,6515,Neverwinter Nights,87,80,51:0:0,62:0:0,78:0:0,62:0:0
6522,6515,Neverwinter Nights,87,80,51:0:0,62:0:0,78:0:0,62:0:0
6523,6515,Neverwinter Nights,87,80,51:0:0,62:0:0,78:0:0,62:0:0
6524,6515,Neverwinter Nights,87,80,51:0:0,62:0:0,78:0:0,62:0:0
6525,6515,Neverwinter Nights,87,80,51:0:0,62:0:0,78:0:0,62:0:0
6526,6515,Neverwinter Nights,87,80,51:0:0,62:0:0,78:0:0,62:0:0
6527,6515,Neverwinter Nights,87,80,51:0:0,62:0:0,78:0:0,62:0:0
6591,61410,The World of Recycled Vessel,3,65,2:0:0,0:0:0,3:0:0,3:0:0
6731,22412,Omerta - The Japanese Incentive,3,70,17:0:0,0:0:0,46:0:0,23:0:0
6795,17133,Lost Adventures,15,65,2:0:0,3:0:0,4:0:0,3:0:0
6796,6797,Fire and Water,8,70,1:0:0,1:0:0,2:0:0,1:0:0
6796,39803,Family Ties,2,70,1:0:0,1:0:0,0:0:0,1:0:0
6796,39802,Are We There Yeti?,2,70,1:0:0,1:0:0,0:0:0,1:0:0
6797,6796,Orcs Must Die! 2,327,75,8:0:0,20:0:0,41:0:0,15:0:0
6875,29681,Satan Claus,7,65,0:20:0,0:24:0,0:37:0,0:24:0
6875,29682,The Clock Strikes Meat Night,8,75,1:0:0,1:0:0,2:0:0,1:0:0
6875,44889,"Operation ""Zombie Bunker""",7,70,1:0:0,1:0:0,2:0:0,1:0:0
6875,29684,Heaven's Above,7,70,3:0:0,3:0:0,3:0:0,3:0:0
6875,29685,Demonic Vacation at the Blood Sea,8,75,1:0:0,1:0:0,2:0:0,2:0:0
6875,29686,City Critters,8,65,0:58:0,0:59:0,1:0:0,1:0:0
6943,27661,Patrician IV: Rise of a Dynasty,1,0,0:0:0,17:0:0,0:0:0,17:0:0
7019,17973,Cleopatra: Queen of the Nile,1,55,100:0:0,0:0:0,0:0:0,100:0:0
7232,7231,Portal 2,7800,90,9:0:0,14:0:0,22:0:0,11:0:0
7231,7232,Peer Review,35,85,3:0:0,3:0:0,3:0:0,3:0:0
7231,19325,Sixense MotionPack,4,55,2:0:0,0:0:0,0:0:0,2:0:0
7231,19895,Aperture Tag: The Paint Gun Testing Initiative,154,70,4:0:0,5:0:0,5:0:0,4:0:0
7236,11562,Zeus: Master of Olympus,17,85,31:0:0,49:0:0,77:0:0,48:0:0
7241,7240,Postal 2,453,70,7:0:0,12:0:0,29:0:0,10:0:0
7240,7241,Apocalypse Weekend,81,60,3:0:0,4:0:0,4:0:0,3:0:0
7240,7242,Eternal Damnation,7,70,9:0:0,10:0:0,15:0:0,10:0:0
7240,25925,Paradise Lost,68,75,6:0:0,8:0:0,13:0:0,7:0:0
7242,7240,Postal 2,453,70,7:0:0,12:0:0,29:0:0,10:0:0
7288,7289,Epilogue,35,65,2:0:0,3:0:0,3:0:0,2:0:0
7289,7288,Prince of Persia,551,70,11:0:0,14:0:0,17:0:0,13:0:0
7342,109779,Special Episodes,7,65,2:0:0,0:0:0,3:0:0,3:0:0
7427,61624,Revenge of the Plague Lord,1,0,0:0:0,0:0:0,10:0:0,10:0:0
7441,17990,Against the Qlock,4,60,2:0:0,8:0:0,23:0:0,9:0:0
7452,100798,Alkaline,1,80,10:0:0,0:0:0,0:0:0,10:0:0
7452,38774,Alien ,0,0,0:0:0,0:0:0,0:0:0,0:0:0
7452,38762,Q!Zone for ,1,70,3:0:0,0:0:0,0:0:0,3:0:0
7452,38770,Shrak,3,0,2:0:0,3:0:0,0:0:0,2:0:0
7452,7462,Mission Pack 1: Scourge of Armagon,165,75,3:0:0,4:0:0,5:0:0,4:0:0
7452,7463,Mission Pack 2: Dissolution of Eternity,139,70,4:0:0,5:0:0,5:0:0,4:0:0
7452,38767,Malice for ,1,100,0:0:0,4:0:0,0:0:0,4:0:0
7452,162,Mission Pack: Abyss Of Pandemonium,3,75,5:0:0,0:0:0,7:0:0,6:0:0
7452,88120,The Offering,0,0,0:0:0,0:0:0,0:0:0,0:0:0
7452,107284,Terra,6,80,1:0:0,1:0:0,0:0:0,1:0:0
7452,103905,Underdark Overbright & Copper,7,75,0:53:0,2:0:0,0:0:0,2:0:0
7452,114192,Beyond Belief,7,75,2:0:0,2:0:0,0:0:0,2:0:0
7452,101288,Honey,5,75,1:0:0,1:0:0,0:0:0,1:0:0
7452,38815,Something Wicked This Way Comes,2,80,2:0:0,0:0:0,0:0:0,2:0:0
7452,34629,Arcane Dimensions,3,95,7:0:0,9:0:0,0:0:0,8:0:0
7452,38458,Dimension of the Past,66,70,2:0:0,2:0:0,2:0:0,2:0:0
7452,108553,The Punishment Due,6,85,1:0:0,2:0:0,0:0:0,2:0:0
7452,97109,Dimension of the Machine,62,80,4:0:0,5:0:0,5:0:0,4:0:0
7452,112734,Rubicon 2,5,80,0:51:0,1:0:0,0:0:0,0:58:0
7452,143558,The Spiritworld,2,0,3:0:0,3:0:0,0:0:0,3:0:0
7452,142147,QDOOM,2,50,0:30:0,1:0:0,0:0:0,0:45:0
7452,144419,Slave Zero X - Episode Enyo,10,75,1:0:0,2:0:0,3:0:0,2:0:0
7452,153616,Tainted,0,0,0:0:0,0:0:0,0:0:0,0:0:0
7453,108250,False Dawn,2,0,1:0:0,0:0:0,0:0:0,1:0:0
7455,7458,The Reckoning,84,70,5:0:0,6:0:0,8:0:0,5:0:0
7455,7457,Ground Zero,74,65,5:0:0,6:0:0,8:0:0,6:0:0
7455,7456,Netpack I: Extremities,0,100,0:0:0,0:0:0,0:0:0,0:0:0
7455,132766,64,60,75,2:0:0,3:0:0,3:0:0,2:0:0
7455,132791,Call of the Machine,57,80,4:0:0,6:0:0,8:0:0,6:0:0
7456,7455,Quake II,446,80,7:0:0,10:0:0,14:0:0,9:0:0
7457,7455,Quake II,446,80,7:0:0,10:0:0,14:0:0,9:0:0
7458,7455,Quake II,446,80,7:0:0,10:0:0,14:0:0,9:0:0
7462,7452,Quake,671,80,5:0:0,8:0:0,16:0:0,7:0:0
7463,7452,Quake,671,80,5:0:0,8:0:0,16:0:0,7:0:0
7464,7466,The Desmond Debacle,18,55,2:0:0,2:0:0,3:0:0,2:0:0
7464,7465,IKE-aramba!,13,50,2:0:0,2:0:0,5:0:0,3:0:0
7465,7464,Quantum Conundrum,299,70,6:0:0,8:0:0,16:0:0,7:0:0
7466,7464,Quantum Conundrum,299,70,6:0:0,8:0:0,16:0:0,7:0:0
7509,27638,Formula Race Room,0,40,0:0:0,0:0:0,0:0:0,0:0:0
7509,27442,Andy Priaulx Crowne Plaza Raceway,1,0,0:15:0,0:0:0,0:0:0,0:15:0
7509,7512,Race On,0,40,0:0:0,0:0:0,0:0:0,0:0:0
7509,14668,STCC: The Game 2,0,0,0:0:0,0:0:0,0:0:0,0:0:0
7509,14664,GT Power Pack,0,40,0:0:0,0:0:0,0:0:0,0:0:0
7509,28171,WTCC 2010 Expansion Pack,0,40,0:0:0,0:0:0,0:0:0,0:0:0
7509,28234,The Retro,0,40,0:0:0,0:0:0,0:0:0,0:0:0
7512,7509,RACE 07,6,55,4:0:0,22:0:0,0:0:0,8:0:0
7526,7530,Wasteland Sewer Missions,12,65,0:56:0,1:0:0,1:0:0,1:0:0
7526,7529,The Scorchers,33,70,2:0:0,2:0:0,3:0:0,2:0:0
7529,7526,Rage,1100,70,11:0:0,16:0:0,23:0:0,14:0:0
7530,7526,Rage,1100,70,11:0:0,16:0:0,23:0:0,14:0:0
7676,7677,Red Dead Redemption: Undead Nightmare,483,80,7:0:0,8:0:0,13:0:0,8:0:0
7685,7686,Path to War,51,55,1:0:0,2:0:0,2:0:0,2:0:0
7686,7685,Red Faction: Armageddon,420,65,8:0:0,10:0:0,20:0:0,9:0:0
7689,15889,Demons of the Badlands,19,70,2:0:0,4:0:0,7:0:0,3:0:0
7706,7705,Renegade Ops,184,70,5:0:0,7:0:0,14:0:0,6:0:0
7705,7706,Coldstrike,44,70,1:0:0,1:0:0,2:0:0,1:0:0
7720,74335,Assignment Ada,32,70,0:55:0,0:59:0,1:0:0,1:0:0
7720,66855,Separate Ways,209,75,3:0:0,4:0:0,5:0:0,4:0:0
7722,7724,Lost In Nightmares,183,70,0:59:0,1:0:0,2:0:0,1:0:0
7722,7723,Desperate Escape,157,65,0:57:0,1:0:0,2:0:0,1:0:0
7723,7722,Resident Evil 5,1800,70,12:0:0,17:0:0,34:0:0,15:0:0
7724,7722,Resident Evil 5,1800,70,12:0:0,17:0:0,34:0:0,15:0:0
7740,7739,Resident Evil: Operation Raccoon City,175,50,6:0:0,8:0:0,16:0:0,7:0:0
7739,7741,Echo Six Expansion Pack 2,6,55,1:0:0,2:0:0,2:0:0,2:0:0
7739,7740,Echo Six Expansion Pack 1,7,55,1:0:0,2:0:0,2:0:0,2:0:0
7739,80365,Echo Six Prologue Mission,4,50,0:40:0,0:0:0,0:0:0,0:40:0
7741,7739,Resident Evil: Operation Raccoon City,175,50,6:0:0,8:0:0,16:0:0,7:0:0
7832,7835,Thrones and Patriots,13,80,17:0:0,25:0:0,49:0:0,22:0:0
7835,7832,Rise of Nations,32,80,16:0:0,41:0:0,93:0:0,25:0:0
7842,19119,Rise of the Triad: The HUNT Begins,4,75,3:0:0,0:0:0,4:0:0,4:0:0
7842,11862,Extreme Rise of the Triad,1,0,26:0:0,0:0:0,0:0:0,26:0:0
7842,19120,Return of the Triad,2,70,9:0:0,0:0:0,0:0:0,9:0:0
7845,29930,Treasure Isle,14,70,1:0:0,1:0:0,2:0:0,1:0:0
7845,29938,Air Temple,15,65,1:0:0,2:0:0,2:0:0,2:0:0
7908,18975,Hard Times,8,75,1:0:0,2:0:0,2:0:0,2:0:0
7958,7962,Corkscrew Follies,4,85,12:0:0,0:0:0,128:0:0,64:0:0
7958,7963,Loopy Landscapes,5,80,8:0:0,14:0:0,72:0:0,23:0:0
7959,19295,Wacky Worlds,1,75,12:0:0,0:0:0,0:0:0,12:0:0
7959,19294,Time Twister,1,65,12:0:0,0:0:0,0:0:0,12:0:0
7960,7961,Soaked!,2,80,7:0:0,0:0:0,20:0:0,13:0:0
7960,12060,Wild!,0,100,0:0:0,0:0:0,0:0:0,0:0:0
7961,7960,RollerCoaster Tycoon 3,27,75,16:0:0,31:0:0,35:0:0,26:0:0
7962,7958,RollerCoaster Tycoon,30,85,61:0:0,77:0:0,157:0:0,77:0:0
7963,7958,RollerCoaster Tycoon,30,85,61:0:0,77:0:0,157:0:0,77:0:0
7980,7984,Barbarian Invasion,6,75,17:0:0,52:0:0,0:0:0,21:0:0
7980,7981,Alexander,25,75,9:0:0,12:0:0,20:0:0,10:0:0
7981,7980,Rome: Total War,111,85,34:0:0,53:0:0,125:0:0,52:0:0
7984,7980,Rome: Total War,111,85,34:0:0,53:0:0,125:0:0,52:0:0
8049,8055,Underworld,11,70,5:0:0,12:0:0,14:0:0,7:0:0
8052,18119,Jungle Hunt,5,55,1:0:0,1:0:0,0:0:0,1:0:0
8055,8049,Sacred,53,75,25:0:0,37:0:0,67:0:0,36:0:0
8072,8074,Ultor Exposed,10,65,0:44:0,0:47:0,0:48:0,0:46:0
8072,8073,Corporate Warfare,9,65,0:59:0,1:0:0,2:0:0,1:0:0
8073,8072,Saints Row 2,770,75,20:0:0,29:0:0,51:0:0,26:0:0
8074,8072,Saints Row 2,770,75,20:0:0,29:0:0,51:0:0,26:0:0
8076,29223,Initiation Station,4,70,0:59:0,0:0:0,1:0:0,0:59:0
8076,8078,Genkibowl VII,79,65,1:0:0,2:0:0,3:0:0,2:0:0
8076,8077,Gangstas in Space,99,70,0:58:0,1:0:0,1:0:0,1:0:0
8076,8079,The Trouble with Clones,91,70,0:55:0,0:59:0,1:0:0,0:58:0
8077,8076,Saints Row: The Third,2600,80,15:0:0,27:0:0,45:0:0,26:0:0
8078,8076,Saints Row: The Third,2600,80,15:0:0,27:0:0,45:0:0,26:0:0
8079,8076,Saints Row: The Third,2600,80,15:0:0,27:0:0,45:0:0,26:0:0
8095,8113,Sam & Max: Save the World,122,75,13:0:0,13:0:0,14:0:0,13:0:0
8096,8113,Sam & Max: Save the World,122,75,13:0:0,13:0:0,14:0:0,13:0:0
8097,8113,Sam & Max: Save the World,122,75,13:0:0,13:0:0,14:0:0,13:0:0
8098,8113,Sam & Max: Save the World,122,75,13:0:0,13:0:0,14:0:0,13:0:0
8099,8113,Sam & Max: Save the World,122,75,13:0:0,13:0:0,14:0:0,13:0:0
8100,8113,Sam & Max: Save the World,122,75,13:0:0,13:0:0,14:0:0,13:0:0
8101,8111,Sam & Max: Beyond Time and Space,66,80,14:0:0,15:0:0,16:0:0,15:0:0
8102,8111,Sam & Max: Beyond Time and Space,66,80,14:0:0,15:0:0,16:0:0,15:0:0
8103,8111,Sam & Max: Beyond Time and Space,66,80,14:0:0,15:0:0,16:0:0,15:0:0
8104,8111,Sam & Max: Beyond Time and Space,66,80,14:0:0,15:0:0,16:0:0,15:0:0
8105,8111,Sam & Max: Beyond Time and Space,66,80,14:0:0,15:0:0,16:0:0,15:0:0
8106,8114,Sam & Max: The Devil's Playhouse,44,75,14:0:0,16:0:0,16:0:0,15:0:0
8107,8114,Sam & Max: The Devil's Playhouse,44,75,14:0:0,16:0:0,16:0:0,15:0:0
8108,8114,Sam & Max: The Devil's Playhouse,44,75,14:0:0,16:0:0,16:0:0,15:0:0
8109,8114,Sam & Max: The Devil's Playhouse,44,75,14:0:0,16:0:0,16:0:0,15:0:0
8110,8114,Sam & Max: The Devil's Playhouse,44,75,14:0:0,16:0:0,16:0:0,15:0:0
8111,8101,Sam & Max 201: Ice Station Santa,85,70,3:0:0,3:0:0,3:0:0,3:0:0
8111,8102,Sam & Max 202: Moai Better Blues,80,70,2:0:0,2:0:0,3:0:0,2:0:0
8111,8103,Sam & Max 203: Night of the Raving Dead,79,70,3:0:0,3:0:0,3:0:0,3:0:0
8111,8104,Sam & Max 204: Chariots of the Dogs,82,75,3:0:0,3:0:0,3:0:0,3:0:0
8111,8105,"Sam & Max 205: What's New, Beelzebub?",72,75,3:0:0,3:0:0,4:0:0,3:0:0
8113,8095,Sam & Max 101: Culture Shock,190,70,2:0:0,3:0:0,3:0:0,3:0:0
8113,8096,Sam & Max 102: Situation: Comedy,146,70,2:0:0,2:0:0,2:0:0,2:0:0
8113,8097,"Sam & Max 103: The Mole, the Mob, and the Meatball",140,70,2:0:0,2:0:0,2:0:0,2:0:0
8113,8098,Sam & Max 104: Abe Lincoln Must Die!,118,75,2:0:0,2:0:0,3:0:0,2:0:0
8113,8099,Sam & Max 105: Reality 2.0,109,75,2:0:0,2:0:0,3:0:0,2:0:0
8113,8100,Sam & Max 106: Bright Side of the Moon,103,70,2:0:0,2:0:0,2:0:0,2:0:0
8114,8106,Sam & Max 301: The Penal Zone,108,75,4:0:0,4:0:0,4:0:0,4:0:0
8114,8107,Sam & Max 302: The Tomb of  Sammun-Mak,85,75,3:0:0,4:0:0,4:0:0,3:0:0
8114,8108,Sam & Max 303: They Stole Max's Brain!,81,75,3:0:0,3:0:0,3:0:0,3:0:0
8114,8109,Sam & Max 304: Beyond the Alley of the Dolls,76,75,3:0:0,3:0:0,3:0:0,3:0:0
8114,8110,Sam & Max 305: The City That Dares Not Sleep,76,75,3:0:0,3:0:0,3:0:0,3:0:0
8309,8310,Serious Sam 3: Jewel of the Nile,64,65,2:0:0,3:0:0,5:0:0,3:0:0
8310,8309,Serious Sam 3: BFE,361,65,10:0:0,14:0:0,27:0:0,12:0:0
8313,20754,Legend of the Beast,21,55,2:0:0,3:0:0,4:0:0,2:0:0
8351,8353,Twin Dragon,22,70,3:0:0,4:0:0,5:0:0,3:0:0
8351,8354,Wanton Destruction,20,75,3:0:0,4:0:0,5:0:0,3:0:0
8353,8351,Shadow Warrior,80,75,10:0:0,12:0:0,14:0:0,11:0:0
8354,8351,Shadow Warrior,80,75,10:0:0,12:0:0,14:0:0,11:0:0
8361,21083,The Extra,4,65,1:0:0,0:0:0,0:0:0,1:0:0
8367,17070,Shadowrun: Dragonfall,44,85,20:0:0,23:0:0,27:0:0,23:0:0
8404,26979,Sherlock Holmes: Consulting Detective - The Case of the Mummy's Curse,10,65,1:0:0,1:0:0,2:0:0,1:0:0
8404,26980,Sherlock Holmes: Consulting Detective - The Case of the Mystified Murderess,7,65,1:0:0,0:0:0,1:0:0,1:0:0
8404,26981,Sherlock Holmes: Consulting Detective - The Case of the Tin Soldier,9,65,1:0:0,0:0:0,3:0:0,1:0:0
8440,45481,The Answer,81,65,29:0:0,40:0:0,59:0:0,32:0:0
8484,36599,The Mongol Invasion,3,70,6:0:0,8:0:0,0:0:0,7:0:0
8496,8497,Sid Meier's Alpha Centauri,27,85,25:0:0,39:0:0,85:0:0,35:0:0
8497,8496,Sid Meier's Alien Crossfire,4,95,10:0:0,15:0:0,119:0:0,27:0:0
8499,110874,Conflicts in Civilization Scenarios,0,0,0:0:0,0:0:0,0:0:0,0:0:0
8501,8504,Play the World,0,100,0:0:0,0:0:0,0:0:0,0:0:0
8504,8501,Sid Meier's Civilization III,16,80,25:0:0,37:0:0,58:0:0,32:0:0
8505,8508,Warlords,17,75,6:0:0,8:0:0,15:0:0,7:0:0
8508,8505,Sid Meier's Civilization IV,98,80,13:0:0,43:0:0,117:0:0,28:0:0
8510,8512,Gods & Kings,12,85,14:0:0,33:0:0,72:0:0,23:0:0
8510,12144,Brave New World,16,90,13:0:0,106:0:0,784:0:0,54:0:0
8512,8510,Sid Meier's Civilization V,470,85,39:0:0,124:0:0,431:0:0,96:0:0
8523,8524,Born From A Wish,222,75,1:0:0,1:0:0,1:0:0,1:0:0
8524,8523,Silent Hill 2,1300,90,8:0:0,10:0:0,15:0:0,9:0:0
8542,12830,Sentinels,6,80,22:0:0,30:0:0,33:0:0,27:0:0
8560,8561,Rush Hour,0,85,0:0:0,0:0:0,0:0:0,0:0:0
8561,8560,SimCity 4,19,80,9:0:0,35:0:0,113:0:0,17:0:0
8575,19970,Mission Pack: Wages of Sin,15,70,5:0:0,5:0:0,5:0:0,5:0:0
8624,19869,Nihon no Mura,1,0,3:0:0,0:0:0,0:0:0,3:0:0
8640,17193,Street Racer Pack,11,70,0:25:0,0:0:0,0:29:0,0:26:0
8640,17191,The SWAT Pack,10,60,0:45:0,0:0:0,0:46:0,0:45:0
8640,8642,Nightmare in North Point,201,65,1:0:0,2:0:0,2:0:0,2:0:0
8640,17190,Dragon Master Pack,10,65,0:31:0,0:42:0,0:49:0,0:43:0
8640,15303,Zodiac Tournament,40,70,0:51:0,1:0:0,1:0:0,0:59:0
8640,17192,Wheels of Fury,17,70,0:43:0,0:46:0,0:49:0,0:47:0
8640,8643,The Year of the Snake,146,65,2:0:0,2:0:0,3:0:0,2:0:0
8642,8640,Sleeping Dogs,1900,80,15:0:0,22:0:0,34:0:0,22:0:0
8643,8640,Sleeping Dogs,1900,80,15:0:0,22:0:0,34:0:0,22:0:0
8679,8680,Assassinate The Fuhrer,17,65,0:19:0,0:33:0,0:45:0,0:22:0
8679,8681,St. Pierre,13,65,0:23:0,0:32:0,0:45:0,0:27:0
8679,8682,The Landwehr Canal,12,65,0:43:0,1:0:0,1:0:0,1:0:0
8679,8683,The Neudorf Outpost,15,65,0:26:0,0:38:0,1:0:0,0:32:0
8680,8679,Sniper Elite V2,677,70,7:0:0,12:0:0,29:0:0,9:0:0
8681,8679,Sniper Elite V2,677,70,7:0:0,12:0:0,29:0:0,9:0:0
8682,8679,Sniper Elite V2,677,70,7:0:0,12:0:0,29:0:0,9:0:0
8683,8679,Sniper Elite V2,677,70,7:0:0,12:0:0,29:0:0,9:0:0
8685,8688,Sniper: Ghost Warrior 2,372,65,5:0:0,7:0:0,11:0:0,6:0:0
8686,8687,Second Strike,23,60,2:0:0,2:0:0,2:0:0,2:0:0
8687,8686,Sniper: Ghost Warrior,312,55,5:0:0,7:0:0,14:0:0,6:0:0
8688,8685,Sniper Ghost Warrior 2: Siberian Strike,33,70,2:0:0,2:0:0,3:0:0,2:0:0
8728,14701,The Last Chapter,3,70,0:57:0,0:0:0,0:0:0,0:57:0
8740,8739,Sonic & All-Stars Racing Transformed,366,80,8:0:0,18:0:0,44:0:0,15:0:0
8739,8740,Metal Sonic & Outrun,2,70,0:7:0,0:15:0,0:0:0,0:15:0
8763,150971,Casino Night,1,55,0:27:0,0:0:0,0:0:0,0:27:0
8763,74893,Unleashed Project,2,85,0:46:0,0:0:0,0:0:0,0:46:0
8788,33639,Sonic the Hedgehog - The Lost Worlds,4,55,0:54:0,0:0:0,1:0:0,0:57:0
8791,38598,Sonic the Hedgehog 4: Episode Metal,19,55,0:17:0,0:0:0,0:27:0,0:25:0
8881,70837,63 Corvi,0,0,0:0:0,0:0:0,0:0:0,0:0:0
8918,8922,SpellForce 2: Faith in Destiny,11,65,10:0:0,11:0:0,14:0:0,12:0:0
8919,8922,SpellForce 2: Faith in Destiny,11,65,10:0:0,11:0:0,14:0:0,12:0:0
8920,8922,SpellForce 2: Faith in Destiny,11,65,10:0:0,11:0:0,14:0:0,12:0:0
8922,8918,SpellForce 2 - Faith in Destiny Scenario 1: Flink's Secret Diary,3,65,3:0:0,3:0:0,4:0:0,3:0:0
8922,8919,SpellForce 2 - Faith in Destiny Scenario 2: The Golden Fool,2,65,5:0:0,6:0:0,0:0:0,5:0:0
8922,8920,SpellForce 2 - Faith in Destiny Scenario 3: The Last Stand,2,65,3:0:0,3:0:0,0:0:0,3:0:0
8985,27379,Creepy & Cute Parts Pack,4,65,2:0:0,4:0:0,0:0:0,3:0:0
8985,8986,Galactic Adventures,27,70,10:0:0,25:0:0,46:0:0,17:0:0
8986,8985,Spore,229,75,12:0:0,30:0:0,103:0:0,21:0:0
9024,9025,The Lost Hobo King,103,75,0:46:0,1:0:0,1:0:0,1:0:0
9025,9024,Stacking,411,75,4:0:0,6:0:0,9:0:0,7:0:0
9068,21406,Expansion Pack,5,55,0:0:0,1:0:0,6:0:0,4:0:0
9108,9107,Star Wars: Galactic Battlegrounds,12,80,20:0:0,21:0:0,45:0:0,22:0:0
9107,9108,Clone Campaigns,5,75,10:0:0,15:0:0,25:0:0,15:0:0
9132,9134,Jedi Temple,32,60,0:38:0,2:0:0,2:0:0,0:57:0
9132,9135,Tatooine,34,70,0:32:0,0:38:0,0:40:0,0:34:0
9132,9133,Hoth,33,65,0:40:0,0:49:0,1:0:0,0:43:0
9133,9132,Star Wars: The Force Unleashed,586,70,8:0:0,11:0:0,17:0:0,10:0:0
9134,9132,Star Wars: The Force Unleashed,586,70,8:0:0,11:0:0,17:0:0,10:0:0
9135,9132,Star Wars: The Force Unleashed,586,70,8:0:0,11:0:0,17:0:0,10:0:0
9136,26185,Endor,6,60,0:47:0,1:0:0,1:0:0,0:53:0
9137,134034,Legacy of the Sith,0,65,0:0:0,0:0:0,0:0:0,0:0:0
9137,134035,Onslaught,1,70,20:0:0,0:0:0,0:0:0,20:0:0
9137,23448,Rise of the Hutt Cartel,3,70,4:0:0,15:0:0,0:0:0,11:0:0
9137,23446,Shadow of Revan,2,65,6:0:0,14:0:0,0:0:0,10:0:0
9137,33162,Knights of the Fallen Empire,3,70,10:0:0,15:0:0,0:0:0,14:0:0
9137,134036,Knights of the Eternal Throne,0,75,0:0:0,0:0:0,0:0:0,0:0:0
9138,9139,Defender of the Empire,3,95,8:0:0,12:0:0,0:0:0,9:0:0
9138,35528,Enemies of the Empire,2,95,6:0:0,18:0:0,0:0:0,12:0:0
9139,9138,Star Wars: TIE Fighter,19,85,20:0:0,22:0:0,33:0:0,22:0:0
9150,38769,Retribution,1,70,2:0:0,0:0:0,0:0:0,2:0:0
9150,38768,Insurrection,0,80,0:0:0,0:0:0,0:0:0,0:0:0
9153,9155,StarCraft II: Wings of Liberty,390,85,18:0:0,22:0:0,51:0:0,21:0:0
9155,9153,StarCraft II: Heart of the Swarm,268,85,12:0:0,14:0:0,93:0:0,17:0:0
9155,9154,StarCraft II: Legacy of the Void,197,85,13:0:0,19:0:0,32:0:0,17:0:0
9155,36919,StarCraft II: Nova Covert Ops,33,75,6:0:0,8:0:0,11:0:0,7:0:0
9184,18667,Breakdown,12,70,6:0:0,14:0:0,33:0:0,11:0:0
9184,18995,Lifeline,30,70,6:0:0,7:0:0,11:0:0,7:0:0
9193,22714,The Teleporter Chambers,2,100,2:0:0,0:0:0,0:0:0,2:0:0
9255,17380,Monster Manor,2,85,10:0:0,12:0:0,0:0:0,11:0:0
9255,17379,Warrior's Way,3,65,10:0:0,40:0:0,0:0:0,15:0:0
9255,40240,Puzzle Swap,1,65,0:0:0,0:0:0,22:0:0,22:0:0
9255,11920,Find Mii,15,60,1:0:0,2:0:0,18:0:0,6:0:0
9255,17147,Find Mii II,3,65,17:0:0,0:0:0,0:0:0,17:0:0
9255,14811,Mii Force,2,75,0:52:0,0:0:0,0:0:0,0:52:0
9255,16584,Flower Town,3,65,2:0:0,11:0:0,0:0:0,4:0:0
9255,30417,Battleground Z,1,65,3:0:0,0:0:0,0:0:0,3:0:0
9255,30416,Ultimate Angler,0,80,0:0:0,0:0:0,0:0:0,0:0:0
9255,77887,Slot Car Rivals,0,50,0:0:0,0:0:0,0:0:0,0:0:0
9255,149232,Mii Trek,0,0,0:0:0,0:0:0,0:0:0,0:0:0
9255,138819,Feed Mii,0,0,0:0:0,0:0:0,0:0:0,0:0:0
9255,138818,Ninja Launcher,0,0,0:0:0,0:0:0,0:0:0,0:0:0
9271,9272,Episode 1: Homestar Ruiner,70,70,3:0:0,4:0:0,4:0:0,3:0:0
9271,9273,Episode 2: Strong Badia the Free,43,75,3:0:0,4:0:0,4:0:0,3:0:0
9271,9274,Episode 3: Baddest of the Bands,39,70,3:0:0,4:0:0,4:0:0,3:0:0
9271,9275,Episode 4: Dangeresque 3: The Criminal Projective,37,70,2:0:0,3:0:0,5:0:0,3:0:0
9271,9276,Episode 5: 8-Bit Is Enough,36,75,3:0:0,3:0:0,4:0:0,3:0:0
9272,9271,Strong Bad's Cool Game for Attractive People,25,80,13:0:0,16:0:0,18:0:0,16:0:0
9273,9271,Strong Bad's Cool Game for Attractive People,25,80,13:0:0,16:0:0,18:0:0,16:0:0
9274,9271,Strong Bad's Cool Game for Attractive People,25,80,13:0:0,16:0:0,18:0:0,16:0:0
9275,9271,Strong Bad's Cool Game for Attractive People,25,80,13:0:0,16:0:0,18:0:0,16:0:0
9276,9271,Strong Bad's Cool Game for Attractive People,25,80,13:0:0,16:0:0,18:0:0,16:0:0
9283,24034,Extreme,6,75,37:0:0,0:0:0,43:0:0,39:0:0
9368,58632,World-E,21,75,4:0:0,6:0:0,8:0:0,5:0:0
9373,38143,Mix,8,85,4:0:0,9:0:0,11:0:0,9:0:0
9390,23822,Phazon Hack,1,0,0:0:0,6:0:0,0:0:0,6:0:0
9441,23219,Project M,3,90,6:0:0,20:0:0,0:0:0,10:0:0
9498,9499,The Stetchkov Syndicate,24,80,5:0:0,6:0:0,9:0:0,5:0:0
9499,9498,SWAT 4,69,80,9:0:0,13:0:0,18:0:0,11:0:0
9510,29146,Argos Naval Yard,0,0,0:0:0,0:0:0,0:0:0,0:0:0
9517,14809,Super Saucy Sausage Fest,3,0,2:0:0,2:0:0,0:0:0,2:0:0
9533,38183,American Revolt,1,80,8:0:0,0:0:0,0:0:0,8:0:0
9593,47680,Embers of Rage,0,0,0:0:0,0:0:0,0:0:0,0:0:0
9595,9594,Tales of Monkey Island,139,75,15:0:0,15:0:0,15:0:0,15:0:0
9594,9595,Chapter 1 - Launch of the Screaming Narwhal,96,70,3:0:0,3:0:0,3:0:0,3:0:0
9594,9596,Chapter 2 - The Siege of Spinner Cay,82,70,3:0:0,3:0:0,3:0:0,3:0:0
9594,9597,Chapter 3 - Lair of the Leviathan,75,75,3:0:0,3:0:0,3:0:0,3:0:0
9594,9598,Chapter 4 - The Trial and Execution of Guybrush Threepwood,69,75,3:0:0,4:0:0,4:0:0,3:0:0
9594,9599,Chapter 5 - Rise of the Pirate God,69,75,3:0:0,3:0:0,4:0:0,3:0:0
9596,9594,Tales of Monkey Island,139,75,15:0:0,15:0:0,15:0:0,15:0:0
9597,9594,Tales of Monkey Island,139,75,15:0:0,15:0:0,15:0:0,15:0:0
9598,9594,Tales of Monkey Island,139,75,15:0:0,15:0:0,15:0:0,15:0:0
9599,9594,Tales of Monkey Island,139,75,15:0:0,15:0:0,15:0:0,15:0:0
9705,128019,Thorium Mod,3,75,25:0:0,79:0:0,0:0:0,39:0:0
9705,128018,Calamity Mod,34,85,53:0:0,70:0:0,174:0:0,83:0:0
9781,9783,Wrath of the Lamb,127,85,12:0:0,53:0:0,138:0:0,86:0:0
9782,31136,The Binding of Isaac: Afterbirth,41,85,5:0:0,44:0:0,204:0:0,134:0:0
9782,55146,The Binding of Isaac: Antibirth,1,90,0:0:0,0:0:0,150:0:0,150:0:0
9782,42641,The Binding of Isaac: Afterbirth+,160,80,5:0:0,101:0:0,345:0:0,135:0:0
9782,87531,The Binding of Isaac: Repentance,204,90,10:0:0,207:0:0,597:0:0,408:0:0
9783,9781,The Binding of Isaac,528,75,11:0:0,48:0:0,138:0:0,43:0:0
9841,9842,Chapter 1,39,70,0:55:0,0:55:0,0:55:0,0:55:0
9841,9843,Chapter 2,31,70,1:0:0,1:0:0,1:0:0,1:0:0
9841,9844,Chapter 3,20,70,1:0:0,2:0:0,2:0:0,2:0:0
9841,12709,Chapter 4,10,75,1:0:0,2:0:0,2:0:0,2:0:0
9841,22911,Chapter 5,6,75,4:0:0,5:0:0,0:0:0,4:0:0
9841,30076,Chapter 6,2,70,3:0:0,3:0:0,0:0:0,3:0:0
9843,9841,The Dream Machine,48,80,13:0:0,14:0:0,19:0:0,14:0:0
9842,9841,The Dream Machine,48,80,13:0:0,14:0:0,19:0:0,14:0:0
9844,9841,The Dream Machine,48,80,13:0:0,14:0:0,19:0:0,14:0:0
9849,9850,The Elder Scrolls III: Morrowind,353,85,44:0:0,105:0:0,322:0:0,94:0:0
9850,9852,The Elder Scrolls III: Tribunal,44,80,8:0:0,11:0:0,17:0:0,11:0:0
9850,9849,The Elder Scrolls III: Bloodmoon,37,80,10:0:0,14:0:0,23:0:0,14:0:0
9850,65904,Tamriel Rebuilt,0,0,0:0:0,0:0:0,0:0:0,0:0:0
9852,9850,The Elder Scrolls III: Morrowind,353,85,44:0:0,105:0:0,322:0:0,94:0:0
9853,9854,The Elder Scrolls IV: Oblivion,947,85,28:0:0,85:0:0,184:0:0,80:0:0
9855,9854,The Elder Scrolls IV: Oblivion,947,85,28:0:0,85:0:0,184:0:0,80:0:0
9854,9856,The Elder Scrolls IV: Orrery,12,60,1:0:0,2:0:0,3:0:0,2:0:0
9854,69494,The Elder Scrolls IV: Wizard's Tower,6,55,0:23:0,0:30:0,0:30:0,0:27:0
9854,69495,The Elder Scrolls IV: Thieves Den,5,50,0:22:0,0:30:0,0:0:0,0:26:0
9854,9855,The Elder Scrolls IV: Mehrunes' Razor,14,70,2:0:0,3:0:0,3:0:0,3:0:0
9854,69497,The Elder Scrolls IV: Vile Lair,6,45,0:22:0,0:30:0,0:30:0,0:27:0
9854,9853,The Elder Scrolls IV: Knights of the Nine,56,70,4:0:0,9:0:0,12:0:0,6:0:0
9854,9857,The Elder Scrolls IV: Shivering Isles,75,80,11:0:0,19:0:0,39:0:0,17:0:0
9854,69493,The Elder Scrolls IV: Fighter's Stronghold,6,55,0:30:0,0:30:0,0:40:0,0:30:0
9854,17538,Nehrim: At Fate's Edge,26,75,34:0:0,63:0:0,112:0:0,65:0:0
9856,9854,The Elder Scrolls IV: Oblivion,947,85,28:0:0,85:0:0,184:0:0,80:0:0
9857,9854,The Elder Scrolls IV: Oblivion,947,85,28:0:0,85:0:0,184:0:0,80:0:0
9859,9860,Dawnguard,176,80,7:0:0,10:0:0,19:0:0,10:0:0
9859,20609,Hearthfire,60,70,3:0:0,6:0:0,7:0:0,5:0:0
9859,9861,Dragonborn,172,80,7:0:0,14:0:0,24:0:0,13:0:0
9859,39396,Enderal: The Shards of Order,59,85,34:0:0,67:0:0,110:0:0,64:0:0
9860,9859,The Elder Scrolls V: Skyrim,4300,85,35:0:0,109:0:0,234:0:0,114:0:0
9861,9859,The Elder Scrolls V: Skyrim,4300,85,35:0:0,109:0:0,234:0:0,114:0:0
9866,24634,The Assignment,268,75,3:0:0,3:0:0,4:0:0,3:0:0
9866,26049,The Consequence,233,75,3:0:0,3:0:0,3:0:0,3:0:0
9866,26456,The Executioner,170,70,1:0:0,2:0:0,2:0:0,2:0:0
9997,16622,Left Behind,1500,85,2:0:0,3:0:0,3:0:0,2:0:0
10056,10057,The Lord of the Rings Online,18,70,149:0:0,243:0:0,1583:0:0,533:0:0
10057,10056,Rise of Isengard,0,0,0:0:0,0:0:0,0:0:0,0:0:0
10057,15899,Helm's Deep,1,0,49:0:0,0:0:0,0:0:0,49:0:0
10091,10092,Brute Force,4,60,0:25:0,0:30:0,1:0:0,0:32:0
10091,10093,River Redirect,3,50,0:0:0,0:17:0,0:27:0,0:23:0
10091,10094,Speeder Lane,3,30,0:24:0,0:25:0,0:30:0,0:26:0
10092,10091,The Maw,86,65,3:0:0,4:0:0,5:0:0,4:0:0
10093,10091,The Maw,86,65,3:0:0,4:0:0,5:0:0,4:0:0
10094,10091,The Maw,86,65,3:0:0,4:0:0,5:0:0,4:0:0
10102,10101,The Movies,18,70,30:0:0,33:0:0,36:0:0,31:0:0
10101,10102,Stunts and Effects,0,70,0:0:0,0:0:0,0:0:0,0:0:0
10186,10202,Livin' Large,3,70,67:0:0,0:0:0,0:0:0,67:0:0
10186,10201,House Party,3,70,3:0:0,0:0:0,0:0:0,3:0:0
10186,10200,Hot Date,0,70,0:0:0,0:0:0,0:0:0,0:0:0
10186,10203,Unleashed,1,65,10:0:0,0:0:0,0:0:0,10:0:0
10186,10204,Vacation,2,60,6:0:0,0:0:0,0:0:0,6:0:0
10186,17884,Superstar,3,65,8:0:0,20:0:0,0:0:0,11:0:0
10186,17885,Makin' Magic,0,80,0:0:0,0:0:0,0:0:0,0:0:0
10187,10193,University,3,75,20:0:0,25:0:0,0:0:0,22:0:0
10187,10190,Nightlife,2,75,1:0:0,20:0:0,0:0:0,11:0:0
10187,74595,Holiday Party Pack,1,75,7:0:0,0:0:0,0:0:0,7:0:0
10187,10191,Open for Business,2,75,1:0:0,20:0:0,0:0:0,11:0:0
10187,10192,Pets,12,65,18:0:0,28:0:0,42:0:0,23:0:0
10187,74598,Celebration! Stuff,1,75,5:0:0,0:0:0,0:0:0,5:0:0
10187,18864,Seasons,1,75,4:0:0,0:0:0,0:0:0,4:0:0
10187,74599,H&M Fashion Stuff,1,80,3:0:0,0:0:0,0:0:0,3:0:0
10187,20106,Bon Voyage,1,80,6:0:0,0:0:0,0:0:0,6:0:0
10187,17500,Castaway,28,70,6:0:0,10:0:0,22:0:0,10:0:0
10187,125982,Teen Style,1,75,4:0:0,0:0:0,0:0:0,4:0:0
10187,20107,FreeTime,1,70,3:0:0,0:0:0,0:0:0,3:0:0
10187,74601,Kitchen & Bath Interior Design Stuff,1,75,2:0:0,0:0:0,0:0:0,2:0:0
10187,20108,Apartment Life,1,70,2:0:0,0:0:0,0:0:0,2:0:0
10187,74603,Mansion & Garden Stuff,0,75,0:0:0,0:0:0,0:0:0,0:0:0
10190,10187,The Sims 2,121,75,26:0:0,49:0:0,122:0:0,39:0:0
10191,10187,The Sims 2,121,75,26:0:0,49:0:0,122:0:0,39:0:0
10193,10187,The Sims 2,121,75,26:0:0,49:0:0,122:0:0,39:0:0
10192,10187,The Sims 2,121,75,26:0:0,49:0:0,122:0:0,39:0:0
10195,12112,Katy Perry - Sweet Treats,1,50,0:0:0,0:0:0,20:0:0,20:0:0
10195,16439,World Adventures,1,70,0:0:0,20:0:0,0:0:0,20:0:0
10195,17648,Ambitions,2,65,0:0:0,15:0:0,20:0:0,17:0:0
10195,21231,Late Night,1,70,0:0:0,20:0:0,0:0:0,20:0:0
10195,38591,Generations,0,75,0:0:0,0:0:0,0:0:0,0:0:0
10195,74604,Town Life Stuff,0,70,0:0:0,0:0:0,0:0:0,0:0:0
10195,10197,Pets,3,65,8:0:0,20:0:0,0:0:0,18:0:0
10195,38419,Showtime,0,70,0:0:0,0:0:0,0:0:0,0:0:0
10195,38426,Supernatural,0,80,0:0:0,0:0:0,0:0:0,0:0:0
10195,38422,Seasons,0,80,0:0:0,0:0:0,0:0:0,0:0:0
10195,38428,"70's, 80's, & 90's Stuff",0,70,0:0:0,0:0:0,0:0:0,0:0:0
10195,38427,University Life,0,75,0:0:0,0:0:0,0:0:0,0:0:0
10195,38421,Island Paradise,0,75,0:0:0,0:0:0,0:0:0,0:0:0
10195,38420,Into the Future,0,75,0:0:0,0:0:0,0:0:0,0:0:0
10197,10195,The Sims 3,96,75,54:0:0,85:0:0,168:0:0,81:0:0
10199,74607,Pirates and Nobles,0,0,0:0:0,0:0:0,0:0:0,0:0:0
10200,10186,The Sims,59,75,25:0:0,41:0:0,69:0:0,35:0:0
10201,10186,The Sims,59,75,25:0:0,41:0:0,69:0:0,35:0:0
10202,10186,The Sims,59,75,25:0:0,41:0:0,69:0:0,35:0:0
10203,10186,The Sims,59,75,25:0:0,41:0:0,69:0:0,35:0:0
10204,10186,The Sims,59,75,25:0:0,41:0:0,69:0:0,35:0:0
10250,10253,The Walking Dead - Episode 1: A New Day,374,85,2:0:0,2:0:0,2:0:0,2:0:0
10250,10254,The Walking Dead - Episode 2: Starved for Help,305,85,2:0:0,3:0:0,3:0:0,3:0:0
10250,10255,The Walking Dead - Episode 3: Long Road Ahead,264,85,3:0:0,3:0:0,3:0:0,3:0:0
10250,10256,The Walking Dead - Episode 4: Around Every Corner,254,85,3:0:0,3:0:0,3:0:0,3:0:0
10250,10257,The Walking Dead - Episode 5: No Time Left,262,90,2:0:0,2:0:0,2:0:0,2:0:0
10250,10252,The Walking Dead: 400 Days,781,75,2:0:0,2:0:0,2:0:0,2:0:0
10253,10250,The Walking Dead - A Telltale Games Series,4300,85,12:0:0,14:0:0,15:0:0,13:0:0
10252,10250,The Walking Dead - A Telltale Games Series,4300,85,12:0:0,14:0:0,15:0:0,13:0:0
10254,10250,The Walking Dead - A Telltale Games Series,4300,85,12:0:0,14:0:0,15:0:0,13:0:0
10255,10250,The Walking Dead - A Telltale Games Series,4300,85,12:0:0,14:0:0,15:0:0,13:0:0
10256,10250,The Walking Dead - A Telltale Games Series,4300,85,12:0:0,14:0:0,15:0:0,13:0:0
10257,10250,The Walking Dead - A Telltale Games Series,4300,85,12:0:0,14:0:0,15:0:0,13:0:0
10270,107256,New Quest 'Contract: Missing Miners',10,75,0:18:0,0:24:0,0:30:0,0:21:0
10270,107393,New Quest 'Fool's Gold',10,75,0:18:0,0:26:0,0:37:0,0:27:0
10270,107302,New Quest: 'Scavenger Hunt: Wolf School Gear',10,70,0:26:0,0:30:0,0:30:0,0:28:0
10270,107257,New Quest 'Contract: Skellige's Most Wanted',10,70,0:23:0,0:28:0,0:30:0,0:25:0
10270,107515,New Quest 'Where the Cat and Wolf Play...',9,80,0:29:0,0:30:0,0:31:0,0:30:0
10270,30003,Hearts of Stone,1200,90,10:0:0,14:0:0,18:0:0,14:0:0
10270,33660,Blood and Wine,1000,95,15:0:0,28:0:0,41:0:0,28:0:0
10286,13262,Theatre of War 2: Centauro,0,0,0:0:0,0:0:0,0:0:0,0:0:0
10298,25436,Thief II - Fan Mission: The Inverted Manse,0,0,0:0:0,0:0:0,0:0:0,0:0:0
10298,25437,Thief II - Fan Mission: The 7th Crystal,0,0,0:0:0,0:0:0,0:0:0,0:0:0
10298,25441,Thief II - Fan Mission: The Circle of Stone and Shadow,0,0,0:0:0,0:0:0,0:0:0,0:0:0
10298,25440,Thief II - Fan Mission: Ominous Bequest,0,0,0:0:0,0:0:0,0:0:0,0:0:0
10298,18961,Thief 2X: Shadows of the Metal Age,6,90,11:0:0,0:0:0,30:0:0,15:0:0
10298,25435,Thief II - Fan Mission: A Night in Rocksbourg,0,0,0:0:0,0:0:0,0:0:0,0:0:0
10298,39589,Thief II - Fan Mission: Bad Debts,0,0,0:0:0,0:0:0,0:0:0,0:0:0
10298,25438,Thief II - Fan Mission: The Seven Sisters,3,0,7:0:0,9:0:0,11:0:0,9:0:0
10298,25439,Thief II - Fan Mission: Broken Triad,0,0,0:0:0,0:0:0,0:0:0,0:0:0
10298,24371,Thief II - Fan Mission: Fables of the Penitent Thief,0,0,0:0:0,0:0:0,0:0:0,0:0:0
10300,39377,Thief - Fan Mission: Lord Edmund Entertains,0,0,0:0:0,0:0:0,0:0:0,0:0:0
10300,25442,Thief - Fan Mission: Cult of the Resurrection,0,0,0:0:0,0:0:0,0:0:0,0:0:0
10300,39258,Thief - Fan Mission: Prowler of the Dark,0,0,0:0:0,0:0:0,0:0:0,0:0:0
10300,141644,Thief: The Black Parade,8,85,16:0:0,30:0:0,0:0:0,26:0:0
10306,19690,Benjamin's Flight,66,75,0:30:0,0:31:0,0:32:0,0:31:0
10330,14715,Europe,0,0,0:0:0,0:0:0,0:0:0,0:0:0
10330,14714,USA 1910,0,0,0:0:0,0:0:0,0:0:0,0:0:0
10379,10380,Immortal Throne,116,75,16:0:0,27:0:0,38:0:0,23:0:0
10380,10379,Titan Quest,175,75,26:0:0,36:0:0,54:0:0,34:0:0
10387,15959,Holiday Minisode,134,70,0:30:0,0:30:0,0:30:0,0:30:0
10387,26129,Holiday Minisode 2,120,75,0:29:0,0:30:0,0:29:0,0:29:0
10434,10435,Raven Strike,8,65,2:0:0,3:0:0,0:0:0,2:0:0
10435,10434,Tom Clancy's Ghost Recon: Future Soldier,212,70,10:0:0,13:0:0,17:0:0,11:0:0
10457,17546,Mission Pack,11,70,2:0:0,0:0:0,3:0:0,2:0:0
10469,12075,Tomb of the Lost Adventurer,65,60,0:15:0,0:15:0,0:15:0,0:15:0
10480,81548,Tomb Raider: The Times,4,70,0:20:0,0:26:0,0:43:0,0:27:0
10482,17489,Beneath the Ashes,15,70,2:0:0,2:0:0,2:0:0,2:0:0
10482,17490,Lara's Shadow,13,65,2:0:0,2:0:0,3:0:0,2:0:0
10548,84057,Battle of Kawagoe,1,0,0:15:0,0:0:0,0:0:0,0:15:0
10548,14618,Total War: Shogun 2 - Fall of the Samurai,18,80,19:0:0,34:0:0,143:0:0,28:0:0
10548,30663,Rise of the Samurai,8,75,12:0:0,0:0:0,0:0:0,12:0:0
10547,22944,Caesar in Gaul,3,75,15:0:0,22:0:0,0:0:0,16:0:0
10547,22945,Hannibal at the Gates,1,70,0:0:0,16:0:0,0:0:0,16:0:0
10547,120969,Imperator Augustus,0,0,0:0:0,0:0:0,0:0:0,0:0:0
10547,22946,Wrath of Sparta,3,70,13:0:0,17:0:0,0:0:0,16:0:0
10637,19877,Rise of the Martian Bear,3,60,3:0:0,0:0:0,0:0:0,3:0:0
10641,86584,Origin of Pain,0,90,0:0:0,0:0:0,0:0:0,0:0:0
10641,86585,Riders of Doom,0,90,0:0:0,0:0:0,0:0:0,0:0:0
10652,10653,Goblin Menace,62,80,3:0:0,5:0:0,8:0:0,4:0:0
10653,10652,Trine 2,571,75,8:0:0,12:0:0,22:0:0,10:0:0
10666,22939,User Error,0,0,0:0:0,0:0:0,0:0:0,0:0:0
10674,20817,Apocalypse,1,70,0:0:0,0:0:0,50:0:0,50:0:0
10674,20818,Megalopolis,1,70,0:0:0,0:0:0,50:0:0,50:0:0
10674,20819,Pirate Heaven,1,70,0:0:0,50:0:0,0:0:0,50:0:0
10674,20820,Plantador,1,70,0:0:0,0:0:0,50:0:0,50:0:0
10674,20821,Propaganda!,1,70,0:0:0,0:0:0,50:0:0,50:0:0
10674,20822,Quick-dry Cement,1,70,0:0:0,0:0:0,50:0:0,50:0:0
10674,20823,The Academy,1,70,0:0:0,0:0:0,50:0:0,50:0:0
10674,20824,Vigilante,1,70,0:0:0,0:0:0,50:0:0,50:0:0
10674,20825,Voodoo,1,70,0:0:0,0:0:0,50:0:0,50:0:0
10674,20726,Junta Military,1,70,0:0:0,0:0:0,50:0:0,50:0:0
10674,10675,Modern Times,14,80,25:0:0,28:0:0,41:0:0,30:0:0
10675,10674,Tropico 4,156,75,40:0:0,61:0:0,103:0:0,61:0:0
10700,117486,The Heat Is On,0,0,0:0:0,0:0:0,0:0:0,0:0:0
10700,157207,Deeper Underground,1,60,6:0:0,0:0:0,0:0:0,6:0:0
10732,10735,Pirates of the Flying Fortress,17,70,6:0:0,12:0:0,13:0:0,11:0:0
10732,48907,Two Worlds II: Call of the Tenebrae,5,0,7:0:0,14:0:0,24:0:0,19:0:0
10735,10732,Two Worlds II,109,65,30:0:0,40:0:0,49:0:0,38:0:0
10761,76565,Age Of Shadows,0,0,0:0:0,0:0:0,0:0:0,0:0:0
10769,10768,Ultima VII Part Two: Serpent Isle,12,80,54:0:0,66:0:0,80:0:0,66:0:0
10770,10771,Ultima VII: The Forge of Virtue,6,80,4:0:0,5:0:0,6:0:0,5:0:0
10768,10769,"Ultima VII, Part Two: The Silver Seed",2,75,0:0:0,9:0:0,30:0:0,20:0:0
10771,10770,Ultima VII: The Black Gate,25,80,37:0:0,52:0:0,88:0:0,53:0:0
10807,98606,Expedition,3,70,25:0:0,35:0:0,0:0:0,29:0:0
10824,10829,Mission Pack I: Return to Na Pali,35,70,5:0:0,6:0:0,8:0:0,5:0:0
10829,10824,Unreal,79,80,10:0:0,16:0:0,19:0:0,12:0:0
10830,39359,Thievery UT,0,0,0:0:0,0:0:0,0:0:0,0:0:0
10925,20990,A House Divided,1,75,26:0:0,0:0:0,0:0:0,26:0:0
10925,10926,Heart of Darkness,4,80,38:0:0,0:0:0,69:0:0,43:0:0
10926,10925,Victoria II,34,80,25:0:0,86:0:0,262:0:0,62:0:0
10927,10928,Victoria: Revolutions,2,70,12:0:0,0:0:0,0:0:0,12:0:0
10928,10927,Victoria: An Empire Under the Sun,12,80,22:0:0,34:0:0,275:0:0,61:0:0
11014,98493,Ep 1: Fright of the Bumblebees,81,65,3:0:0,3:0:0,3:0:0,3:0:0
11014,98492,Ep 2: The Last Resort,66,65,2:0:0,2:0:0,2:0:0,2:0:0
11014,98491,Ep 3: Muzzled!,59,70,2:0:0,2:0:0,2:0:0,2:0:0
11014,98490,Ep 4: The Bogey Man,53,65,2:0:0,3:0:0,2:0:0,2:0:0
11026,11025,War of the Roses,5,60,11:0:0,12:0:0,50:0:0,16:0:0
11025,11026,Kingmaker,1,60,12:0:0,0:0:0,0:0:0,12:0:0
11033,23992,Morecraft for WarCraft II,0,10,0:0:0,0:0:0,0:0:0,0:0:0
11034,80372,Defense of the Ancients,0,85,0:0:0,0:0:0,0:0:0,0:0:0
11045,31415,The Last Standalone,0,0,0:0:0,0:0:0,0:0:0,0:0:0
11060,11061,Operation: Broken Mirror,0,0,0:0:0,0:0:0,0:0:0,0:0:0
11061,11060,Warhawk,5,75,158:0:0,159:0:0,0:0:0,143:0:0
11101,39475,Breakthrough,19,55,0:18:0,0:30:0,0:20:0,0:22:0
11101,39474,Signature Shot,19,55,0:15:0,0:15:0,0:22:0,0:16:0
11101,39476,The Palace,24,55,0:25:0,0:33:0,0:33:0,0:29:0
11101,23119,Conspiracy,20,50,0:54:0,0:55:0,0:57:0,0:56:0
11101,21312,Bad Blood,166,70,4:0:0,8:0:0,16:0:0,7:0:0
11102,27814,Watchmen: The End Is Nigh - Complete,10,65,5:0:0,0:0:0,0:0:0,5:0:0
11103,27814,Watchmen: The End Is Nigh - Complete,10,65,5:0:0,0:0:0,0:0:0,5:0:0
11209,11211,Wipeout HD Game Pack,1,90,0:0:0,8:0:0,0:0:0,8:0:0
11211,11209,Wipeout 2048,56,75,5:0:0,15:0:0,40:0:0,9:0:0
11250,32206,Operation Eisenfaust: Origins,1,60,14:0:0,0:0:0,0:0:0,14:0:0
11250,32204,Witching Hour,4,70,4:0:0,0:0:0,7:0:0,5:0:0
11251,35939,Mission 2: Return to Danger,20,55,3:0:0,3:0:0,3:0:0,3:0:0
11251,35940,Mission 3 - Ultimate Challenge,19,55,3:0:0,3:0:0,4:0:0,3:0:0
11287,11286,World of Warcraft,135,85,518:0:0,1308:0:0,5574:0:0,1414:0:0
11286,11289,The Burning Crusade,41,85,81:0:0,601:0:0,1031:0:0,420:0:0
11286,11290,Wrath of the Lich King,42,90,140:0:0,546:0:0,1208:0:0,452:0:0
11286,11287,Cataclysm,25,75,202:0:0,385:0:0,658:0:0,304:0:0
11286,11288,Mists of Pandaria,29,75,111:0:0,251:0:0,632:0:0,189:0:0
11286,22654,Warlords of Draenor,23,70,91:0:0,215:0:0,771:0:0,196:0:0
11286,37892,Legion,41,80,41:0:0,288:0:0,2677:0:0,331:0:0
11286,50481,Battle for Azeroth,34,65,46:0:0,390:0:0,1804:0:0,190:0:0
11286,84021,Shadowlands,20,55,91:0:0,183:0:0,415:0:0,145:0:0
11286,107578,Dragonflight,27,80,44:0:0,336:0:0,1983:0:0,180:0:0
11286,155254,The War Within,12,75,43:0:0,46:0:0,120:0:0,46:0:0
11288,11286,World of Warcraft,135,85,518:0:0,1308:0:0,5574:0:0,1414:0:0
11289,11286,World of Warcraft,135,85,518:0:0,1308:0:0,5574:0:0,1414:0:0
11290,11286,World of Warcraft,135,85,518:0:0,1308:0:0,5574:0:0,1414:0:0
11360,105911,The Teladi Outpost,0,0,0:0:0,0:0:0,0:0:0,0:0:0
11360,36477,Home of Light,0,0,0:0:0,0:0:0,0:0:0,0:0:0
11397,96716,Slingshot Pack,1,50,0:0:0,17:0:0,0:0:0,17:0:0
11397,43438,XCOM: Long War,3,90,154:0:0,0:0:0,300:0:0,180:0:0
11397,14323,XCOM: Enemy Within,244,85,28:0:0,37:0:0,51:0:0,35:0:0
11460,12037,Ys I Complete,401,70,7:0:0,8:0:0,12:0:0,7:0:0
11460,12038,Ys II Complete,262,70,9:0:0,11:0:0,14:0:0,10:0:0
11562,7236,Poseidon: Master of Atlantis,2,95,0:0:0,40:0:0,100:0:0,70:0:0
11574,27938,Apocalypse Pack,1,0,0:15:0,0:0:0,0:0:0,0:15:0
11574,27939,Tropical Race Rage,0,0,0:0:0,0:0:0,0:0:0,0:0:0
11574,124315,Burning Garden of Slaughter,1,0,0:15:0,0:0:0,0:0:0,0:15:0
11627,25409,Jaws of Hakkon,137,75,6:0:0,9:0:0,11:0:0,9:0:0
11627,29063,The Descent,116,70,4:0:0,6:0:0,8:0:0,6:0:0
11627,30012,Trespasser,145,80,6:0:0,8:0:0,9:0:0,7:0:0
11713,17258,Expansion,3,70,0:0:0,6:0:0,13:0:0,7:0:0
11718,42572,Fishy Tales of the Nekomata,32,80,3:0:0,11:0:0,14:0:0,5:0:0
11718,42673,A Cause to Daikon for,24,80,3:0:0,12:0:0,15:0:0,4:0:0
11718,42674,A Spirited Seven Nights' Haunting,26,80,3:0:0,11:0:0,15:0:0,5:0:0
11718,42675,Hell's Where the Heart Is,24,85,2:0:0,8:0:0,12:0:0,4:0:0
11746,19506,American McGee's Grimm,15,60,12:0:0,18:0:0,21:0:0,16:0:0
11761,1717,Cities in Motion,15,65,25:0:0,42:0:0,61:0:0,36:0:0
11762,1717,Cities in Motion,15,65,25:0:0,42:0:0,61:0:0,36:0:0
11764,1717,Cities in Motion,15,65,25:0:0,42:0:0,61:0:0,36:0:0
11765,1717,Cities in Motion,15,65,25:0:0,42:0:0,61:0:0,36:0:0
11766,1717,Cities in Motion,15,65,25:0:0,42:0:0,61:0:0,36:0:0
11785,19506,American McGee's Grimm,15,60,12:0:0,18:0:0,21:0:0,16:0:0
11787,19506,American McGee's Grimm,15,60,12:0:0,18:0:0,21:0:0,16:0:0
11788,1274,Borderlands 2,3500,80,30:0:0,55:0:0,130:0:0,52:0:0
11806,19506,American McGee's Grimm,15,60,12:0:0,18:0:0,21:0:0,16:0:0
11811,19506,American McGee's Grimm,15,60,12:0:0,18:0:0,21:0:0,16:0:0
11814,19506,American McGee's Grimm,15,60,12:0:0,18:0:0,21:0:0,16:0:0
11843,19506,American McGee's Grimm,15,60,12:0:0,18:0:0,21:0:0,16:0:0
11847,112779,The Crucible,3,60,5:0:0,7:0:0,0:0:0,6:0:0
11847,50191,Ashes of Malmouth,45,75,10:0:0,14:0:0,24:0:0,12:0:0
11847,65563,Forgotten Gods,26,75,7:0:0,9:0:0,18:0:0,9:0:0
11851,5561,Mahjong Quest Collection,0,0,0:0:0,0:0:0,0:0:0,0:0:0
11852,5561,Mahjong Quest Collection,0,0,0:0:0,0:0:0,0:0:0,0:0:0
11859,3211,Vae Victis,0,0,0:0:0,0:0:0,0:0:0,0:0:0
11862,7842,Rise of the Triad: Dark War,14,60,9:0:0,13:0:0,17:0:0,12:0:0
11865,47647,Flavour Nexus,18,55,0:21:0,0:47:0,2:0:0,0:41:0
11873,19506,American McGee's Grimm,15,60,12:0:0,18:0:0,21:0:0,16:0:0
11910,19506,American McGee's Grimm,15,60,12:0:0,18:0:0,21:0:0,16:0:0
11920,9255,StreetPass Mii Plaza,15,70,23:0:0,38:0:0,197:0:0,51:0:0
11931,19506,American McGee's Grimm,15,60,12:0:0,18:0:0,21:0:0,16:0:0
11939,19506,American McGee's Grimm,15,60,12:0:0,18:0:0,21:0:0,16:0:0
11945,19506,American McGee's Grimm,15,60,12:0:0,18:0:0,21:0:0,16:0:0
11946,19506,American McGee's Grimm,15,60,12:0:0,18:0:0,21:0:0,16:0:0
11966,19506,American McGee's Grimm,15,60,12:0:0,18:0:0,21:0:0,16:0:0
11968,19506,American McGee's Grimm,15,60,12:0:0,18:0:0,21:0:0,16:0:0
11977,19506,American McGee's Grimm,15,60,12:0:0,18:0:0,21:0:0,16:0:0
11985,19506,American McGee's Grimm,15,60,12:0:0,18:0:0,21:0:0,16:0:0
11993,19506,American McGee's Grimm,15,60,12:0:0,18:0:0,21:0:0,16:0:0
12007,4860,Joint Operations: Typhoon Rising,1,70,4:0:0,0:0:0,0:0:0,4:0:0
12008,19506,American McGee's Grimm,15,60,12:0:0,18:0:0,21:0:0,16:0:0
12013,19506,American McGee's Grimm,15,60,12:0:0,18:0:0,21:0:0,16:0:0
12012,19506,American McGee's Grimm,15,60,12:0:0,18:0:0,21:0:0,16:0:0
12015,19506,American McGee's Grimm,15,60,12:0:0,18:0:0,21:0:0,16:0:0
12016,19506,American McGee's Grimm,15,60,12:0:0,18:0:0,21:0:0,16:0:0
12038,11460,Ys I & II Chronicles Plus,129,75,14:0:0,17:0:0,21:0:0,17:0:0
12057,21041,The Raven: Legacy of a Master Thief,51,70,11:0:0,11:0:0,14:0:0,12:0:0
12060,7960,RollerCoaster Tycoon 3,27,75,16:0:0,31:0:0,35:0:0,26:0:0
12075,10469,Tomb Raider,10400,80,11:0:0,15:0:0,21:0:0,14:0:0
12112,10195,The Sims 3,96,75,54:0:0,85:0:0,168:0:0,81:0:0
12144,8510,Sid Meier's Civilization V,470,85,39:0:0,124:0:0,431:0:0,96:0:0
12174,5549,Magicka,383,70,10:0:0,16:0:0,45:0:0,13:0:0
12193,17292,The Forgotten,6,70,46:0:0,58:0:0,72:0:0,53:0:0
12193,37893,The African Kingdoms,5,80,13:0:0,25:0:0,30:0:0,21:0:0
12193,43523,The Rise of the Rajas,3,75,12:0:0,19:0:0,0:0:0,16:0:0
12194,2434,"Demolition, Inc.",16,65,3:0:0,5:0:0,6:0:0,5:0:0
12211,65388,Mission Pack 1,0,0,0:0:0,0:0:0,0:0:0,0:0:0
12211,65512,Mission Pack 2 - Final Conflict,0,0,0:0:0,0:0:0,0:0:0,0:0:0
12239,15668,Digital Combat Simulator World,1,85,0:0:0,67:0:0,0:0:0,67:0:0
12391,88955,From Outcast to Savior,1,0,3:0:0,0:0:0,0:0:0,3:0:0
12391,88956,The Warrior Queen,1,0,3:0:0,0:0:0,0:0:0,3:0:0
12402,76460,Origin Island,5,80,0:0:0,11:0:0,0:0:0,11:0:0
12496,62187,DADDY MULK -Groove remix-,0,0,0:0:0,0:0:0,0:0:0,0:0:0
12648,1068,BioShock Infinite,7700,85,12:0:0,16:0:0,28:0:0,14:0:0
12649,45320,Armored Transport,3,60,2:0:0,0:0:0,0:0:0,2:0:0
12649,45327,The Big Bank Heist,3,80,0:41:0,0:0:0,0:0:0,0:41:0
12649,45329,Hotline Miami,3,80,0:33:0,0:0:0,0:0:0,0:33:0
12649,45330,The Diamond Heist,3,80,0:29:0,0:0:0,0:0:0,0:29:0
12649,45331,The Bomb Heists,3,70,1:0:0,0:0:0,0:0:0,1:0:0
12649,45332,The Alesso Heist,3,80,0:31:0,0:0:0,0:0:0,0:31:0
12649,45357,The Biker Heist,3,80,0:34:0,0:0:0,0:0:0,0:34:0
12649,45361,Scarface Heist,3,85,0:38:0,0:0:0,0:0:0,0:38:0
12650,14232,Enter the Dominatrix,111,65,1:0:0,1:0:0,2:0:0,1:0:0
12650,15273,How the Saints Save Christmas,110,65,1:0:0,1:0:0,2:0:0,1:0:0
12652,15318,Hangar 6 R&D,29,65,3:0:0,3:0:0,4:0:0,3:0:0
12652,29347,Code Breakers,3,65,0:25:0,0:0:0,0:0:0,0:25:0
12654,32607,A Realm Awoken,56,70,6:0:0,19:0:0,55:0:0,10:0:0
12654,32609,Through the Maelstrom,46,70,6:0:0,11:0:0,19:0:0,8:0:0
12654,32610,Defenders of Eorzea,44,70,6:0:0,14:0:0,30:0:0,8:0:0
12654,32611,Dreams of Ice,41,75,7:0:0,12:0:0,21:0:0,9:0:0
12654,32612,Before the Fall,40,85,11:0:0,22:0:0,39:0:0,13:0:0
12654,28431,Heavensward,206,85,62:0:0,122:0:0,298:0:0,93:0:0
12654,34011,"As Goes Light, So Goes Darkness",37,80,4:0:0,12:0:0,29:0:0,6:0:0
12654,34012,The Gears of Change,33,85,8:0:0,13:0:0,24:0:0,10:0:0
12654,39949,Revenge of the Horde,31,90,3:0:0,7:0:0,17:0:0,4:0:0
12654,45903,Soul Surrender,31,80,5:0:0,10:0:0,25:0:0,6:0:0
12654,45904,The Far Edge of Fate,32,80,4:0:0,7:0:0,12:0:0,5:0:0
12654,46463,Stormblood,141,80,60:0:0,143:0:0,395:0:0,94:0:0
12654,55791,The Legend Returns,30,80,5:0:0,16:0:0,50:0:0,7:0:0
12654,55925,Rise of a New Sun,26,80,4:0:0,9:0:0,0:0:0,4:0:0
12654,65502,Under the Moonlight,26,85,4:0:0,9:0:0,19:0:0,5:0:0
12654,60919,Prelude in Violet,27,85,4:0:0,12:0:0,0:0:0,5:0:0
12654,65503,A Requiem for Heroes,28,85,4:0:0,7:0:0,10:0:0,5:0:0
12654,66979,Shadowbringers,135,95,59:0:0,161:0:0,263:0:0,102:0:0
12654,71521,"Vows of Virtue, Deeds of Cruelty",24,85,5:0:0,10:0:0,22:0:0,6:0:0
12654,74973,Echoes of a Fallen Star,24,85,5:0:0,12:0:0,27:0:0,6:0:0
12654,77770,Reflections in Crystal,25,90,7:0:0,13:0:0,24:0:0,8:0:0
12654,85514,Futures Rewritten,23,80,4:0:0,7:0:0,13:0:0,5:0:0
12654,88047,Death Unto Dawn,21,85,5:0:0,11:0:0,0:0:0,6:0:0
12654,88046,Endwalker,128,90,50:0:0,107:0:0,312:0:0,82:0:0
12654,106614,Newfound Adventure,16,85,4:0:0,8:0:0,16:0:0,5:0:0
12654,112638,Buried Memory,14,85,4:0:0,16:0:0,59:0:0,7:0:0
12654,120989,"Gods Revel, Lands Tremble",12,80,3:0:0,7:0:0,16:0:0,5:0:0
12654,129068,The Dark Throne,14,80,4:0:0,9:0:0,20:0:0,5:0:0
12654,138605,Growing Light,11,80,5:0:0,7:0:0,10:0:0,6:0:0
12654,132429,Dawntrail,49,75,48:0:0,66:0:0,91:0:0,56:0:0
12676,19842,Initiation,21,70,0:49:0,4:0:0,16:0:0,2:0:0
12676,17981,"Cold, Cold Heart",201,75,3:0:0,3:0:0,4:0:0,3:0:0
12707,15418,Aveline,174,60,0:43:0,0:45:0,0:46:0,0:45:0
12709,9841,The Dream Machine,48,80,13:0:0,14:0:0,19:0:0,14:0:0
12762,5947,Metro: Last Light,855,80,10:0:0,14:0:0,36:0:0,12:0:0
12804,30781,Temple of the Sun,5,75,7:0:0,10:0:0,0:0:0,9:0:0
12830,8542,Silent Storm,15,80,37:0:0,43:0:0,50:0:0,41:0:0
12871,5947,Metro: Last Light,855,80,10:0:0,14:0:0,36:0:0,12:0:0
12882,5671,Mark of the Ninja,1200,85,8:0:0,12:0:0,21:0:0,11:0:0
12977,15376,Turnabout Reclaimed,74,80,6:0:0,6:0:0,7:0:0,6:0:0
12980,2602,Dishonored,4900,85,12:0:0,18:0:0,37:0:0,16:0:0
13060,4058,Grand Theft Auto,75,65,13:0:0,14:0:0,16:0:0,14:0:0
13154,49946,House of Horror,3,85,4:0:0,4:0:0,5:0:0,4:0:0
13157,74017,Re:Mind,173,75,4:0:0,10:0:0,18:0:0,7:0:0
13158,127914,NiGHTMARE Zone,0,0,0:0:0,0:0:0,0:0:0,0:0:0
13158,127915,Yoshi's Island Zone,0,0,0:0:0,0:0:0,0:0:0,0:0:0
13158,127916,The Legend of Zelda Zone,1,80,0:4:0,0:0:0,0:0:0,0:4:0
13259,21041,The Raven: Legacy of a Master Thief,51,70,11:0:0,11:0:0,14:0:0,12:0:0
13260,82636,Theatre of War 2 - Battle for Caen,0,0,0:0:0,0:0:0,0:0:0,0:0:0
13262,10286,Theatre of War 2: Africa 1943,1,0,8:0:0,0:0:0,0:0:0,8:0:0
13291,57808,Italian Wars,0,0,0:0:0,0:0:0,0:0:0,0:0:0
13291,57809,Rome,0,0,0:0:0,0:0:0,0:0:0,0:0:0
13291,57810,Holidays,0,0,0:0:0,0:0:0,0:0:0,0:0:0
13291,57811,Divine Science,0,0,0:0:0,0:0:0,0:0:0,0:0:0
13379,5947,Metro: Last Light,855,80,10:0:0,14:0:0,36:0:0,12:0:0
13383,1274,Borderlands 2,3500,80,30:0:0,55:0:0,130:0:0,52:0:0
13407,18471,Whistleblower,438,75,2:0:0,3:0:0,4:0:0,3:0:0
13434,29710,The White March - Part I,59,80,8:0:0,12:0:0,18:0:0,12:0:0
13434,34642,The White March - Part II,48,80,5:0:0,12:0:0,20:0:0,12:0:0
13672,1965,Crackdown 2,69,65,7:0:0,14:0:0,29:0:0,10:0:0
13704,4617,IL-2 Sturmovik,3,65,14:0:0,0:0:0,0:0:0,14:0:0
13707,21041,The Raven: Legacy of a Master Thief,51,70,11:0:0,11:0:0,14:0:0,12:0:0
13711,5609,Marathon,24,75,7:0:0,9:0:0,8:0:0,8:0:0
13774,5947,Metro: Last Light,855,80,10:0:0,14:0:0,36:0:0,12:0:0
13779,28950,F-777 Song Pack,0,0,0:0:0,0:0:0,0:0:0,0:0:0
13834,4064,Grand Theft Auto V,7100,85,32:0:0,50:0:0,85:0:0,45:0:0
14013,14020,Episode 1: Faith,290,85,2:0:0,2:0:0,2:0:0,2:0:0
14013,14079,Episode 2: Smoke and Mirrors,214,80,2:0:0,2:0:0,2:0:0,2:0:0
14013,14080,Episode 3: A Crooked Mile,188,80,1:0:0,2:0:0,2:0:0,2:0:0
14013,14081,Episode 4: In Sheep's Clothing,182,80,1:0:0,2:0:0,2:0:0,1:0:0
14013,14082,Episode 5: Cry Wolf,181,85,1:0:0,1:0:0,1:0:0,1:0:0
14020,14013,The Wolf Among Us,3000,85,9:0:0,9:0:0,11:0:0,9:0:0
14074,5947,Metro: Last Light,855,80,10:0:0,14:0:0,36:0:0,12:0:0
14076,4956,Kentucky Route Zero,393,70,9:0:0,11:0:0,14:0:0,10:0:0
14077,4956,Kentucky Route Zero,393,70,9:0:0,11:0:0,14:0:0,10:0:0
14079,14013,The Wolf Among Us,3000,85,9:0:0,9:0:0,11:0:0,9:0:0
14080,14013,The Wolf Among Us,3000,85,9:0:0,9:0:0,11:0:0,9:0:0
14081,14013,The Wolf Among Us,3000,85,9:0:0,9:0:0,11:0:0,9:0:0
14082,14013,The Wolf Among Us,3000,85,9:0:0,9:0:0,11:0:0,9:0:0
14083,14118,Demo,86,85,0:30:0,0:33:0,0:49:0,0:34:0
14086,4956,Kentucky Route Zero,393,70,9:0:0,11:0:0,14:0:0,10:0:0
14088,4956,Kentucky Route Zero,393,70,9:0:0,11:0:0,14:0:0,10:0:0
14087,4956,Kentucky Route Zero,393,70,9:0:0,11:0:0,14:0:0,10:0:0
14118,14083,The Stanley Parable,2900,80,1:0:0,3:0:0,9:0:0,3:0:0
14121,70812,Hearthstone: Tombs of Terror,3,95,10:0:0,16:0:0,0:0:0,15:0:0
14121,32752,Hearthstone: Curse of Naxxramas,9,75,2:0:0,3:0:0,3:0:0,3:0:0
14121,32754,Hearthstone: Blackrock Mountain,7,75,2:0:0,2:0:0,4:0:0,2:0:0
14121,33605,Hearthstone: League of Explorers,5,75,2:0:0,3:0:0,3:0:0,3:0:0
14121,65934,Hearthstone: One Night in Karazhan,0,90,0:0:0,0:0:0,0:0:0,0:0:0
14121,74480,Hearthstone: Descent of Dragons,0,70,0:0:0,0:0:0,0:0:0,0:0:0
14121,78702,Hearthstone: Ashes of Outland,0,70,0:0:0,0:0:0,0:0:0,0:0:0
14121,85145,Hearthstone: Book of Heroes,1,0,14:0:0,0:0:0,0:0:0,14:0:0
14121,91810,Hearthstone: Book of Mercenaries,1,0,12:0:0,0:0:0,0:0:0,12:0:0
14152,1023,Beyond: Two Souls,1500,75,11:0:0,12:0:0,27:0:0,12:0:0
14198,48687,Pirate Queen's Quest,58,75,3:0:0,3:0:0,3:0:0,3:0:0
14198,51473,Friends To The End,30,70,2:0:0,3:0:0,3:0:0,2:0:0
14198,55706,Costume Pack,7,75,3:0:0,0:0:0,4:0:0,4:0:0
14232,12650,Saints Row IV,1700,75,15:0:0,25:0:0,36:0:0,24:0:0
14265,23151,El Diablo Islands,3,55,0:0:0,8:0:0,0:0:0,8:0:0
14306,32166,Kurumi,0,0,0:0:0,0:0:0,0:0:0,0:0:0
14322,46209,Onslaught,1,50,0:0:0,0:0:0,2:0:0,2:0:0
14322,46210,Devastation,1,55,0:0:0,0:0:0,2:0:0,2:0:0
14322,46211,Invasion,1,50,0:0:0,0:0:0,2:0:0,2:0:0
14322,46212,Nemesis,1,50,0:0:0,0:0:0,3:0:0,3:0:0
14343,16633,Fallen Angel,22,60,1:0:0,3:0:0,5:0:0,2:0:0
14343,16207,Operation Broken Eagle,23,60,1:0:0,2:0:0,2:0:0,2:0:0
14343,19971,Chaos Rising,19,60,2:0:0,2:0:0,3:0:0,2:0:0
14343,19972,The Last Agent,15,55,2:0:0,3:0:0,3:0:0,2:0:0
14343,19274,Super Ultra Dead Rising 3 Arcade Remix Hyper Edition EX Plus Alpha,9,85,2:0:0,4:0:0,7:0:0,4:0:0
14348,20526,Heroes,2,90,5:0:0,0:0:0,8:0:0,6:0:0
14358,30534,The Dark Below,27,65,3:0:0,3:0:0,5:0:0,3:0:0
14358,30535,House of Wolves,23,70,3:0:0,5:0:0,20:0:0,5:0:0
14358,30371,The Taken King,68,85,9:0:0,29:0:0,164:0:0,21:0:0
14358,38186,Rise of Iron,32,75,3:0:0,6:0:0,16:0:0,6:0:0
14385,1274,Borderlands 2,3500,80,30:0:0,55:0:0,130:0:0,52:0:0
14412,4854,Joe Danger 2: The Movie,51,65,2:0:0,4:0:0,13:0:0,4:0:0
14452,655,Assassin's Creed III,2600,70,16:0:0,31:0:0,56:0:0,27:0:0
14481,29378,Untold Legends,0,0,0:0:0,0:0:0,0:0:0,0:0:0
14503,81558,Trains - Expansion Pack,1,0,1:0:0,0:0:0,0:0:0,1:0:0
14529,28748,All Access,0,0,0:0:0,0:0:0,0:0:0,0:0:0
14532,1068,BioShock Infinite,7700,85,12:0:0,16:0:0,28:0:0,14:0:0
14664,7509,RACE 07,6,55,4:0:0,22:0:0,0:0:0,8:0:0
14668,7509,RACE 07,6,55,4:0:0,22:0:0,0:0:0,8:0:0
14701,8728,Soldner-X 2: Final Prototype,14,70,3:0:0,0:0:0,0:0:0,3:0:0
14714,10330,Ticket to Ride,43,65,0:43:0,5:0:0,138:0:0,26:0:0
14715,10330,Ticket to Ride,43,65,0:43:0,5:0:0,138:0:0,26:0:0
14757,5795,Medieval: Total War,13,80,32:0:0,36:0:0,40:0:0,33:0:0
14809,9517,Swords & Soldiers HD,91,60,5:0:0,7:0:0,14:0:0,6:0:0
14811,9255,StreetPass Mii Plaza,15,70,23:0:0,38:0:0,197:0:0,51:0:0
14919,21111,The Rise of Dmitry,1,0,0:0:0,7:0:0,0:0:0,7:0:0
14919,21110,Blood and Ironclads,0,0,0:0:0,0:0:0,0:0:0,0:0:0
14938,75811,Doom II: Unofficial WADs,0,85,0:0:0,0:0:0,0:0:0,0:0:0
15105,75811,Doom II: Unofficial WADs,0,85,0:0:0,0:0:0,0:0:0,0:0:0
15177,24028,Broken Sword 5: The Serpent's Curse,202,70,11:0:0,13:0:0,13:0:0,12:0:0
15260,51055,Friend's Journey,6,50,1:0:0,1:0:0,1:0:0,1:0:0
15273,12650,Saints Row IV,1700,75,15:0:0,25:0:0,36:0:0,24:0:0
15303,8640,Sleeping Dogs,1900,80,15:0:0,22:0:0,34:0:0,22:0:0
15315,107809,Endangered Species,0,0,0:0:0,0:0:0,0:0:0,0:0:0
15315,107811,African Adventure,0,0,0:0:0,0:0:0,0:0:0,0:0:0
15315,107810,Marine Mania,0,75,0:0:0,0:0:0,0:0:0,0:0:0
15315,107808,Extinct Animals,0,0,0:0:0,0:0:0,0:0:0,0:0:0
15315,107784,Zoo Tycoon 2: Ultimate Collection,0,80,0:0:0,0:0:0,0:0:0,0:0:0
15318,12652,The Bureau: XCOM Declassified,504,65,10:0:0,14:0:0,18:0:0,13:0:0
15336,75811,Doom II: Unofficial WADs,0,85,0:0:0,0:0:0,0:0:0,0:0:0
15338,15343,The Walking Dead: Season 2,2300,80,9:0:0,10:0:0,10:0:0,10:0:0
15344,15343,The Walking Dead: Season 2,2300,80,9:0:0,10:0:0,10:0:0,10:0:0
15343,15338,Episode 1: All That Remains,235,85,2:0:0,2:0:0,2:0:0,2:0:0
15343,15344,Episode 2: A House Divided,189,85,2:0:0,2:0:0,2:0:0,2:0:0
15343,15345,Episode 3: In Harm's Way,164,85,2:0:0,2:0:0,2:0:0,2:0:0
15343,15346,Episode 4: Amid The Ruins,163,80,2:0:0,2:0:0,2:0:0,2:0:0
15343,15347,Episode 5: No Going Back,158,85,2:0:0,2:0:0,2:0:0,2:0:0
15345,15343,The Walking Dead: Season 2,2300,80,9:0:0,10:0:0,10:0:0,10:0:0
15346,15343,The Walking Dead: Season 2,2300,80,9:0:0,10:0:0,10:0:0,10:0:0
15347,15343,The Walking Dead: Season 2,2300,80,9:0:0,10:0:0,10:0:0,10:0:0
15376,12977,Phoenix Wright: Ace Attorney - Dual Destinies,524,80,27:0:0,32:0:0,34:0:0,30:0:0
15418,12707,Assassin's Creed IV: Black Flag,3800,80,23:0:0,41:0:0,61:0:0,39:0:0
15539,27875,The Depths of Hell,1,50,0:35:0,0:0:0,0:0:0,0:35:0
15539,33561,Wrath of Mevius,1,0,2:0:0,0:0:0,0:0:0,2:0:0
15554,5609,Marathon,24,75,7:0:0,9:0:0,8:0:0,8:0:0
15654,29797,Secrets of Aethera,1,0,0:47:0,0:0:0,0:0:0,0:47:0
15654,50668,Titans,1,0,0:45:0,0:0:0,0:0:0,0:45:0
15668,12239,DCS: A-10C Warthog,1,80,62:0:0,0:0:0,0:0:0,62:0:0
15675,24348,Republique,66,65,12:0:0,15:0:0,21:0:0,14:0:0
15686,2412,Defense Grid: The Awakening,225,75,11:0:0,29:0:0,102:0:0,21:0:0
15836,6064,Minecraft,1100,90,65:0:0,141:0:0,274:0:0,129:0:0
15872,39259,Fan Mission: Return to the City,0,0,0:0:0,0:0:0,0:0:0,0:0:0
15872,39260,Fan Mission: Fiasco at Fauchard Street,0,0,0:0:0,0:0:0,0:0:0,0:0:0
15889,7689,Red Faction: Guerrilla,382,75,13:0:0,21:0:0,43:0:0,18:0:0
15921,1177,Blood,104,85,10:0:0,12:0:0,21:0:0,11:0:0
15941,17527,Revelations,33,75,3:0:0,3:0:0,3:0:0,3:0:0
15959,10387,To the Moon,3000,80,4:0:0,4:0:0,5:0:0,4:0:0
15964,72273,Adventures Pack,0,0,0:0:0,0:0:0,0:0:0,0:0:0
16004,382,Aliens: Colonial Marines,301,50,7:0:0,10:0:0,23:0:0,8:0:0
16136,109883,Throw-A-Santa + Sneak Peek 2.0,0,100,0:0:0,0:0:0,0:0:0,0:0:0
16207,14343,Dead Rising 3,397,75,14:0:0,23:0:0,45:0:0,19:0:0
16232,20681,The Bank Heist,14,70,0:44:0,0:59:0,1:0:0,0:51:0
16380,24519,Shorts: Dad Romance,13,70,0:22:0,0:30:0,0:37:0,0:23:0
16380,39678,Shorts: Medical Mess,10,70,0:26:0,0:28:0,0:32:0,0:28:0
16439,10195,The Sims 3,96,75,54:0:0,85:0:0,168:0:0,81:0:0
16584,9255,StreetPass Mii Plaza,15,70,23:0:0,38:0:0,197:0:0,51:0:0
16585,42334,Wild West Pack,0,0,0:0:0,0:0:0,0:0:0,0:0:0
16606,76841,Cole's Legacy,6,55,0:37:0,2:0:0,0:0:0,0:46:0
16621,61314,Expedition,0,0,0:0:0,0:0:0,0:0:0,0:0:0
16622,9997,The Last of Us,2600,90,15:0:0,18:0:0,22:0:0,16:0:0
16624,1068,BioShock Infinite,7700,85,12:0:0,16:0:0,28:0:0,14:0:0
16633,14343,Dead Rising 3,397,75,14:0:0,23:0:0,45:0:0,19:0:0
16638,21665,Crew Expendable,96,75,0:32:0,0:39:0,0:44:0,0:35:0
16638,21666,Last Survivor,92,70,0:25:0,0:27:0,0:28:0,0:26:0
16657,1274,Borderlands 2,3500,80,30:0:0,55:0:0,130:0:0,52:0:0
16658,1274,Borderlands 2,3500,80,30:0:0,55:0:0,130:0:0,52:0:0
16659,1274,Borderlands 2,3500,80,30:0:0,55:0:0,130:0:0,52:0:0
16671,27439,AR-K,13,40,5:0:0,6:0:0,7:0:0,6:0:0
16689,27829,Doctor Who: The Adventure Games,24,65,7:0:0,8:0:0,10:0:0,8:0:0
16690,27829,Doctor Who: The Adventure Games,24,65,7:0:0,8:0:0,10:0:0,8:0:0
16691,27829,Doctor Who: The Adventure Games,24,65,7:0:0,8:0:0,10:0:0,8:0:0
16692,27829,Doctor Who: The Adventure Games,24,65,7:0:0,8:0:0,10:0:0,8:0:0
16887,28448,Dream Pack 1,1,0,0:15:0,0:0:0,0:0:0,0:15:0
16887,101774,Dream Pack 2,1,0,0:5:0,0:0:0,0:0:0,0:5:0
16887,101775,Dream Pack 3,0,0,0:0:0,0:0:0,0:0:0,0:0:0
16887,145889,Red Pack,1,0,0:15:0,0:0:0,0:0:0,0:15:0
17070,8367,Shadowrun Returns,996,75,12:0:0,14:0:0,18:0:0,14:0:0
17133,6795,Orcs Must Die!,474,75,8:0:0,13:0:0,28:0:0,12:0:0
17147,9255,StreetPass Mii Plaza,15,70,23:0:0,38:0:0,197:0:0,51:0:0
17190,8640,Sleeping Dogs,1900,80,15:0:0,22:0:0,34:0:0,22:0:0
17191,8640,Sleeping Dogs,1900,80,15:0:0,22:0:0,34:0:0,22:0:0
17192,8640,Sleeping Dogs,1900,80,15:0:0,22:0:0,34:0:0,22:0:0
17193,8640,Sleeping Dogs,1900,80,15:0:0,22:0:0,34:0:0,22:0:0
17258,11713,Magic: The Gathering - Duels of the Planeswalkers 2014,69,70,12:0:0,22:0:0,49:0:0,23:0:0
17292,12193,Age of Empires II: HD Edition,77,85,32:0:0,83:0:0,130:0:0,66:0:0
17299,26663,Towerfall: Dark World,4,85,3:0:0,0:0:0,4:0:0,4:0:0
17379,9255,StreetPass Mii Plaza,15,70,23:0:0,38:0:0,197:0:0,51:0:0
17380,9255,StreetPass Mii Plaza,15,70,23:0:0,38:0:0,197:0:0,51:0:0
17484,3314,Fable II,447,75,13:0:0,24:0:0,52:0:0,22:0:0
17489,10482,Tomb Raider: Underworld,418,70,10:0:0,12:0:0,19:0:0,11:0:0
17490,10482,Tomb Raider: Underworld,418,70,10:0:0,12:0:0,19:0:0,11:0:0
17491,2514,Diablo III,847,80,18:0:0,45:0:0,170:0:0,34:0:0
17494,28418,Caterham,1,0,0:25:0,0:0:0,0:0:0,0:25:0
17500,10187,The Sims 2,121,75,26:0:0,49:0:0,122:0:0,39:0:0
17507,24639,Welcome to the Abyss,2,0,0:20:0,0:0:0,0:0:0,0:20:0
17507,24638,Riders of the Rustlands,2,0,0:44:0,0:0:0,0:0:0,0:44:0
17507,24635,Empire of the Sky,2,0,0:42:0,0:0:0,0:0:0,0:42:0
17507,24637,Fire in the Deep,2,0,0:38:0,0:0:0,0:0:0,0:38:0
17507,24636,Fault One Zero,2,0,2:0:0,0:0:0,0:0:0,2:0:0
17507,25379,After The Incident,2,0,0:40:0,0:0:0,0:0:0,0:40:0
17507,30721,Awesome Level Max,2,0,2:0:0,0:0:0,0:0:0,2:0:0
17527,15941,Castlevania: Lords of Shadow 2,306,70,15:0:0,20:0:0,31:0:0,17:0:0
17536,42533,Goat MMO Simulator,20,65,1:0:0,2:0:0,3:0:0,2:0:0
17536,42487,PAYDAY,19,65,1:0:0,2:0:0,3:0:0,2:0:0
17536,42489,Waste of Space,16,55,5:0:0,4:0:0,5:0:0,5:0:0
17538,9854,The Elder Scrolls IV: Oblivion,947,85,28:0:0,85:0:0,184:0:0,80:0:0
17546,10457,Tom Clancy's Splinter Cell,449,75,12:0:0,15:0:0,16:0:0,13:0:0
17548,1587,Castlevania: Lords of Shadow,318,80,18:0:0,22:0:0,39:0:0,21:0:0
17549,1587,Castlevania: Lords of Shadow,318,80,18:0:0,22:0:0,39:0:0,21:0:0
17567,91477,Golden Realms,0,0,0:0:0,0:0:0,0:0:0,0:0:0
17567,33296,Eternal Lords,2,75,0:0:0,11:0:0,0:0:0,11:0:0
17578,1066,BioShock 2,3500,80,11:0:0,14:0:0,24:0:0,13:0:0
17581,23033,Forgotten Shores,83,85,1:0:0,1:0:0,1:0:0,1:0:0
17581,34835,Ida's Dream,69,80,0:23:0,0:23:0,0:24:0,0:23:0
17596,74193,Murkmire,3,70,3:0:0,0:0:0,13:0:0,10:0:0
17596,88911,Imperial City,2,45,1:0:0,0:0:0,8:0:0,5:0:0
17596,74188,Orsinium,11,80,13:0:0,16:0:0,21:0:0,16:0:0
17596,74189,Thieves Guild,7,55,9:0:0,0:0:0,11:0:0,9:0:0
17596,74190,Dark Brotherhood,7,55,11:0:0,12:0:0,13:0:0,11:0:0
17596,107252,Shadows of the Hist,2,40,3:0:0,0:0:0,0:0:0,3:0:0
17596,46786,Morrowind,21,75,7:0:0,42:0:0,224:0:0,24:0:0
17596,74192,Clockwork City,7,75,10:0:0,11:0:0,12:0:0,11:0:0
17596,96684,Dragon Bones,1,45,2:0:0,0:0:0,0:0:0,2:0:0
17596,60641,Summerset,17,80,12:0:0,38:0:0,101:0:0,22:0:0
17596,90546,Wrathstone,2,60,2:0:0,0:0:0,2:0:0,2:0:0
17596,68084,Elsweyr,10,80,6:0:0,29:0:0,44:0:0,16:0:0
17596,96906,Scalebreaker,1,65,2:0:0,0:0:0,0:0:0,2:0:0
17596,88912,Dragonhold,2,60,4:0:0,0:0:0,14:0:0,9:0:0
17596,78853,Greymoor,9,70,7:0:0,29:0:0,35:0:0,28:0:0
17596,97526,Markarth,2,65,0:0:0,10:0:0,11:0:0,11:0:0
17596,102876,Blackwood,3,65,0:0:0,16:0:0,18:0:0,17:0:0
17596,103359,Deadlands,3,50,0:0:0,6:0:0,12:0:0,9:0:0
17596,109973,High Isle,1,60,0:0:0,12:0:0,0:0:0,12:0:0
17596,129065,Necrom,5,90,8:0:0,13:0:0,24:0:0,13:0:0
17596,144456,Gold Road,0,0,0:0:0,0:0:0,0:0:0,0:0:0
17611,1124,Blades of Time,133,70,9:0:0,10:0:0,15:0:0,10:0:0
17620,97778,Nevada Silver,1,50,0:0:0,0:0:0,6:0:0,6:0:0
17648,10195,The Sims 3,96,75,54:0:0,85:0:0,168:0:0,81:0:0
17852,26835,Half Minute Hero: The Second Coming - Time Goddess' Treasure Pack,1,0,0:0:0,0:0:0,1:0:0,1:0:0
17877,79160,Wishing Sarah,6,60,0:45:0,0:0:0,1:0:0,0:49:0
17883,1274,Borderlands 2,3500,80,30:0:0,55:0:0,130:0:0,52:0:0
17884,10186,The Sims,59,75,25:0:0,41:0:0,69:0:0,35:0:0
17885,10186,The Sims,59,75,25:0:0,41:0:0,69:0:0,35:0:0
17898,5056,Kingdoms of Amalur: Reckoning,665,75,31:0:0,58:0:0,104:0:0,60:0:0
17899,5056,Kingdoms of Amalur: Reckoning,665,75,31:0:0,58:0:0,104:0:0,60:0:0
17918,24028,Broken Sword 5: The Serpent's Curse,202,70,11:0:0,13:0:0,13:0:0,12:0:0
17973,7019,Pharaoh,10,80,38:0:0,53:0:0,0:0:0,46:0:0
17981,12676,Batman: Arkham Origins,2600,75,13:0:0,22:0:0,41:0:0,19:0:0
17990,7441,Q.U.B.E.,225,70,3:0:0,4:0:0,4:0:0,4:0:0
18005,27095,Red Hood Story Pack,139,65,0:21:0,0:23:0,0:24:0,0:22:0
18005,101936,1989 Movie Batmobile Pack,0,0,0:0:0,0:0:0,0:0:0,0:0:0
18005,37569,2008 Tumbler Batmobile Pack,0,0,0:0:0,0:0:0,0:0:0,0:0:0
18005,28884,A Matter of Family,133,75,1:0:0,2:0:0,2:0:0,2:0:0
18005,101934,Batman Classic TV Series Batmobile Pack,0,0,0:0:0,0:0:0,0:0:0,0:0:0
18005,101929,Crime Fighter Challenge Pack #1,0,0,0:0:0,0:0:0,0:0:0,0:0:0
18005,101930,Crime Fighter Challenge Pack #2,0,0,0:0:0,0:0:0,0:0:0,0:0:0
18005,101931,Crime Fighter Challenge Pack #3,0,0,0:0:0,0:0:0,0:0:0,0:0:0
18005,30738,GCPD Lockdown,109,70,0:27:0,0:28:0,0:30:0,0:29:0
18005,27298,Harley Quinn Story Pack,161,70,0:24:0,0:27:0,0:28:0,0:25:0
18005,33352,A Flip of a Coin,95,70,0:26:0,0:31:0,0:31:0,0:30:0
18005,33351,Catwoman's Revenge,100,65,0:36:0,0:37:0,0:39:0,0:38:0
18005,101932,Crime Fighter Challenge Pack #4,0,0,0:0:0,0:0:0,0:0:0,0:0:0
18005,101935,WayneTech Track Pack,0,0,0:0:0,0:0:0,0:0:0,0:0:0
18005,101933,Crime Fighter Challenge Pack #5,0,0,0:0:0,0:0:0,0:0:0,0:0:0
18005,33170,Season of Infamy: Most Wanted,80,80,3:0:0,3:0:0,3:0:0,3:0:0
18006,23640,Lord of the Hunt,199,70,2:0:0,3:0:0,4:0:0,3:0:0
18006,24353,The Bright Lord,184,70,3:0:0,3:0:0,4:0:0,3:0:0
18101,24348,Republique,66,65,12:0:0,15:0:0,21:0:0,14:0:0
18119,8052,Sacred Citadel,79,65,5:0:0,6:0:0,22:0:0,6:0:0
18192,34250,Chronicles of a Dark Lord: Rhapsody Clash,0,20,0:0:0,0:0:0,0:0:0,0:0:0
18195,3314,Fable II,447,75,13:0:0,24:0:0,52:0:0,22:0:0
18220,37577,Havoc,2,65,2:0:0,0:0:0,3:0:0,2:0:0
18220,37578,Ascendance,2,70,3:0:0,0:0:0,3:0:0,3:0:0
18220,37579,Supremacy,2,80,2:0:0,0:0:0,3:0:0,3:0:0
18220,37580,Reckoning,2,70,1:0:0,0:0:0,2:0:0,1:0:0
18305,4905,Just Cause 2,1100,75,18:0:0,35:0:0,86:0:0,31:0:0
18461,2974,Dungeons of Dredmor,67,75,18:0:0,37:0:0,81:0:0,30:0:0
18471,13407,Outlast,1800,75,5:0:0,7:0:0,11:0:0,6:0:0
18664,655,Assassin's Creed III,2600,70,16:0:0,31:0:0,56:0:0,27:0:0
18667,9184,State of Decay,277,75,16:0:0,22:0:0,37:0:0,21:0:0
18690,1478,Call of Duty: Modern Warfare 3,1600,75,6:0:0,10:0:0,38:0:0,8:0:0
18691,1478,Call of Duty: Modern Warfare 3,1600,75,6:0:0,10:0:0,38:0:0,8:0:0
18692,1478,Call of Duty: Modern Warfare 3,1600,75,6:0:0,10:0:0,38:0:0,8:0:0
18693,1472,Call of Duty: Black Ops II,1300,75,7:0:0,10:0:0,31:0:0,8:0:0
18695,1472,Call of Duty: Black Ops II,1300,75,7:0:0,10:0:0,31:0:0,8:0:0
18694,1472,Call of Duty: Black Ops II,1300,75,7:0:0,10:0:0,31:0:0,8:0:0
18696,1472,Call of Duty: Black Ops II,1300,75,7:0:0,10:0:0,31:0:0,8:0:0
18810,44657,Sisters Prologue,13,70,5:0:0,6:0:0,8:0:0,6:0:0
18854,21038,The Big Cheese,4,65,1:0:0,0:0:0,0:0:0,1:0:0
18854,23204,Mad World,4,65,2:0:0,0:0:0,0:0:0,2:0:0
18854,23203,Generalissimo,4,75,2:0:0,0:0:0,0:0:0,2:0:0
18854,23205,Joint Venture,4,65,1:0:0,0:0:0,0:0:0,1:0:0
18854,23330,Waterborne,5,80,12:0:0,16:0:0,0:0:0,14:0:0
18854,23818,Surf's Up!,4,70,2:0:0,0:0:0,0:0:0,2:0:0
18854,26532,Gone Green,4,75,3:0:0,0:0:0,0:0:0,3:0:0
18854,26533,Supervillain,4,75,2:0:0,0:0:0,0:0:0,2:0:0
18854,26528,Inquisition,4,65,0:49:0,0:0:0,0:0:0,0:49:0
18854,26558,Espionage,4,85,7:0:0,0:0:0,0:0:0,7:0:0
18854,27901,The Supercomputer,4,70,2:0:0,0:0:0,0:0:0,2:0:0
18854,32724,T-Day,4,75,2:0:0,0:0:0,0:0:0,2:0:0
18864,10187,The Sims 2,121,75,26:0:0,49:0:0,122:0:0,39:0:0
18925,87833,:Destruction,2,55,0:15:0,0:0:0,0:0:0,0:15:0
18961,10298,Thief II: The Metal Age,181,85,20:0:0,27:0:0,37:0:0,25:0:0
18975,7908,Rochard,230,70,6:0:0,6:0:0,11:0:0,6:0:0
18995,9184,State of Decay,277,75,16:0:0,22:0:0,37:0:0,21:0:0
18999,4299,Hard Reset,165,65,6:0:0,8:0:0,19:0:0,7:0:0
19076,27829,Doctor Who: The Adventure Games,24,65,7:0:0,8:0:0,10:0:0,8:0:0
19119,7842,Rise of the Triad: Dark War,14,60,9:0:0,13:0:0,17:0:0,12:0:0
19120,7842,Rise of the Triad: Dark War,14,60,9:0:0,13:0:0,17:0:0,12:0:0
19165,268,Age of Empires II: The Age of Kings,88,85,42:0:0,59:0:0,72:0:0,51:0:0
19211,3316,Fable III,514,70,13:0:0,26:0:0,46:0:0,22:0:0
19212,4983,Killing Floor,84,70,19:0:0,52:0:0,289:0:0,56:0:0
19217,65706,Special Episode,59,75,2:0:0,3:0:0,3:0:0,3:0:0
19218,63969,Raid on St. Nazaire,3,50,0:19:0,0:0:0,0:0:0,0:19:0
19256,9103,Star Wars: Empire at War,30,75,15:0:0,27:0:0,46:0:0,19:0:0
19256,9104,Star Wars: Empire at War: Forces of Corruption,9,80,7:0:0,10:0:0,30:0:0,11:0:0
19266,33962,Baba Yaga: The Temple of the Witch,247,70,2:0:0,2:0:0,3:0:0,2:0:0
19266,36489,Cold Darkness Awakened,64,65,1:0:0,1:0:0,2:0:0,1:0:0
19266,40520,Blood Ties,215,70,1:0:0,1:0:0,2:0:0,2:0:0
19266,59820,Rise of the Tomb Raider: 20 Year Celebration,982,80,14:0:0,23:0:0,39:0:0,23:0:0
19268,40064,Wild Run,6,50,2:0:0,4:0:0,4:0:0,3:0:0
19268,42130,Calling All Units,9,55,1:0:0,2:0:0,3:0:0,2:0:0
19274,14343,Dead Rising 3,397,75,14:0:0,23:0:0,45:0:0,19:0:0
19294,7959,RollerCoaster Tycoon 2,18,85,79:0:0,80:0:0,202:0:0,87:0:0
19295,7959,RollerCoaster Tycoon 2,18,85,79:0:0,80:0:0,202:0:0,87:0:0
19310,36333,Blood Ruby,29,60,0:17:0,0:21:0,0:23:0,0:19:0
19310,36331,Hurk's Redemption,29,70,0:40:0,0:42:0,0:43:0,0:42:0
19310,36335,The Syringe,27,60,0:19:0,0:20:0,0:21:0,0:20:0
19310,36334,Yak Farm,29,60,0:15:0,0:17:0,0:18:0,0:16:0
19310,36332,Escape from Durgesh Prison,24,55,3:0:0,5:0:0,6:0:0,4:0:0
19310,25930,Valley of the Yetis,117,75,3:0:0,5:0:0,6:0:0,5:0:0
19325,7231,Portal 2,7800,90,9:0:0,14:0:0,22:0:0,11:0:0
19336,24677,The Hangman's Ballad,0,0,0:0:0,0:0:0,0:0:0,0:0:0
19365,77795,Aftermath,0,60,0:0:0,0:0:0,0:0:0,0:0:0
19365,77819,Chernobyl,0,70,0:0:0,0:0:0,0:0:0,0:0:0
19365,156767,SHERP Ural Challenge,0,0,0:0:0,0:0:0,0:0:0,0:0:0
19381,26139,The Perils of Man,26,65,4:0:0,4:0:0,4:0:0,4:0:0
19385,1683,Chivalry: Medieval Warfare,39,65,15:0:0,32:0:0,172:0:0,65:0:0
19455,55768,Age of Mythology EX: Tale of the Dragon,7,60,8:0:0,9:0:0,9:0:0,9:0:0
19456,26675,Discover Great Britain,1,70,0:0:0,0:0:0,59:0:0,59:0:0
19506,11746,Episode 01 - A Boy Learns What Fear Is,22,50,0:40:0,0:49:0,1:0:0,0:49:0
19506,11873,Episode 08 - Beauty and the Beast,5,45,0:48:0,1:0:0,0:0:0,0:51:0
19506,11785,Episode 02 - Little Red Riding Hood,9,55,0:32:0,0:40:0,0:0:0,0:33:0
19506,11787,Episode 03 - The Fisherman and His Wife,8,55,0:28:0,0:33:0,0:0:0,0:32:0
19506,11806,Episode 04 - Puss in Boots,6,60,0:41:0,0:44:0,0:0:0,0:43:0
19506,11811,Episode 05 - The Girl Without Hands,5,50,0:47:0,0:47:0,0:0:0,0:47:0
19506,11814,Episode 06 - Godfather Death,5,65,0:39:0,0:44:0,0:0:0,0:42:0
19506,11843,Episode 07 - The Devil and His Three Golden Hairs,5,55,0:50:0,0:58:0,0:0:0,0:52:0
19506,11910,Episode 09 - The Master Thief,4,55,0:47:0,0:53:0,0:0:0,0:52:0
19506,11931,Episode 10 - The Singing Bone,4,60,0:43:0,0:46:0,0:0:0,0:44:0
19506,11939,Episode 11 - King Midas,4,55,0:39:0,0:52:0,0:0:0,0:41:0
19506,11945,Episode 12 - Cinderella,4,65,0:41:0,0:53:0,0:0:0,0:45:0
19506,11946,Episode 13 - The Golden Goose,4,60,0:35:0,0:46:0,0:0:0,0:39:0
19506,11966,Episode 14 - Iron John,4,45,0:47:0,0:50:0,0:0:0,0:48:0
19506,11968,Episode 15 - The Pied Piper,5,65,0:28:0,0:38:0,6:0:0,1:0:0
19506,11977,Episode 16 - A Christmas Carol,4,55,0:44:0,0:57:0,0:0:0,0:48:0
19506,11993,Episode 17 - The Frog King,4,55,0:37:0,0:50:0,0:0:0,0:42:0
19506,11985,Episode 18 - Jack and the Beanstalk,4,50,0:44:0,1:0:0,0:0:0,0:49:0
19506,12008,Episode 19 - Mulan,4,65,0:44:0,0:56:0,0:0:0,0:46:0
19506,12012,Episode 20 - Pinocchio,4,40,0:40:0,0:55:0,0:0:0,0:42:0
19506,12013,Episode 21 - Sleeping Beauty,4,55,0:48:0,0:55:0,0:0:0,0:50:0
19506,12015,Episode 22 - The Adventures of Thumbling,4,55,0:37:0,0:51:0,0:0:0,0:41:0
19506,12016,Episode 23 - Snow White,4,75,1:0:0,2:0:0,0:0:0,1:0:0
19512,30457,Plague of Shadows,412,80,6:0:0,8:0:0,12:0:0,7:0:0
19512,42837,Specter of Torment,517,85,5:0:0,6:0:0,7:0:0,5:0:0
19512,72000,Shovel Knight Showdown,31,65,1:0:0,3:0:0,11:0:0,2:0:0
19512,69570,King of Cards,319,85,7:0:0,12:0:0,16:0:0,11:0:0
19521,104712,Sprint Pack,2,85,2:0:0,0:0:0,2:0:0,2:0:0
19521,104713,Touring Legends Pack,2,90,2:0:0,0:0:0,2:0:0,2:0:0
19547,24349,Hunt the Grey Wolf,19,65,0:36:0,1:0:0,2:0:0,0:44:0
19547,24350,Save Churchill Part 1: In Shadows,17,60,0:25:0,0:59:0,2:0:0,0:41:0
19547,24351,Save Churchill Part 2: Belly of the Beast,19,70,0:40:0,1:0:0,2:0:0,0:53:0
19547,24352,Save Churchill Part 3: Confrontation,17,70,0:48:0,2:0:0,3:0:0,1:0:0
19550,85677,The Journey Home,3,65,0:44:0,0:0:0,1:0:0,0:48:0
19612,1274,Borderlands 2,3500,80,30:0:0,55:0:0,130:0:0,52:0:0
19615,5764,MechWarrior 2: 31st Century Combat,8,80,8:0:0,9:0:0,15:0:0,9:0:0
19619,179,Aces of the Pacific,1,65,0:0:0,28:0:0,0:0:0,28:0:0
19654,2947,Dungeon Keeper,34,80,16:0:0,21:0:0,29:0:0,20:0:0
19690,10306,Thomas Was Alone,1900,75,4:0:0,4:0:0,4:0:0,4:0:0
19710,4481,Hoard,17,60,8:0:0,16:0:0,36:0:0,12:0:0
19711,4481,Hoard,17,60,8:0:0,16:0:0,36:0:0,12:0:0
19782,4443,Hexen II,36,70,10:0:0,12:0:0,16:0:0,11:0:0
19842,12676,Batman: Arkham Origins,2600,75,13:0:0,22:0:0,41:0:0,19:0:0
19852,23138,Storm Island,9,80,4:0:0,5:0:0,0:0:0,4:0:0
19869,8624,Skyward Collapse,5,55,3:0:0,0:0:0,0:0:0,3:0:0
19877,10637,Iron Brigade,44,70,6:0:0,13:0:0,19:0:0,9:0:0
19895,7231,Portal 2,7800,90,9:0:0,14:0:0,22:0:0,11:0:0
19926,56665,Beyond the Sea,0,0,0:0:0,0:0:0,0:0:0,0:0:0
19966,1945,Cossacks II: Napoleonic Wars,6,75,34:0:0,53:0:0,85:0:0,49:0:0
19970,8575,SiN,50,70,7:0:0,12:0:0,13:0:0,9:0:0
19971,14343,Dead Rising 3,397,75,14:0:0,23:0:0,45:0:0,19:0:0
19972,14343,Dead Rising 3,397,75,14:0:0,23:0:0,45:0:0,19:0:0
19974,1273,Borderlands,2200,75,22:0:0,35:0:0,63:0:0,33:0:0
20002,186,Act of War: Direct Action,13,75,12:0:0,12:0:0,12:0:0,12:0:0
20046,2225,Dark Souls II,1300,80,43:0:0,62:0:0,119:0:0,61:0:0
20048,127918,2.5: Unified Wisdom,0,0,0:0:0,0:0:0,0:0:0,0:0:0
20073,38252,Underground,6,65,4:0:0,9:0:0,33:0:0,17:0:0
20073,38253,Survival,3,70,2:0:0,2:0:0,0:0:0,2:0:0
20073,65971,Last Stand,1,55,0:0:0,4:0:0,0:0:0,4:0:0
20082,20084,Ogredeath,0,0,0:0:0,0:0:0,0:0:0,0:0:0
20082,20083,For the Gods,0,0,0:0:0,0:0:0,0:0:0,0:0:0
20083,20082,Realms of Arkania: Blade of Destiny,3,70,23:0:0,0:0:0,49:0:0,41:0:0
20084,20082,Realms of Arkania: Blade of Destiny,3,70,23:0:0,0:0:0,49:0:0,41:0:0
20094,5212,Left 4 Dead 2,992,80,10:0:0,26:0:0,57:0:0,17:0:0
20104,27439,AR-K,13,40,5:0:0,6:0:0,7:0:0,6:0:0
20105,2068,Crysis,1600,75,10:0:0,12:0:0,12:0:0,10:0:0
20106,10187,The Sims 2,121,75,26:0:0,49:0:0,122:0:0,39:0:0
20107,10187,The Sims 2,121,75,26:0:0,49:0:0,122:0:0,39:0:0
20108,10187,The Sims 2,121,75,26:0:0,49:0:0,122:0:0,39:0:0
20113,29738,Oddworld: New 'n' Tasty - Alf's Escape,8,55,1:0:0,2:0:0,3:0:0,2:0:0
20163,25817,Daidouji,2,60,0:22:0,0:0:0,0:0:0,0:22:0
20163,25818,Rin,2,70,0:47:0,0:0:0,0:0:0,0:47:0
20253,38593,Underworld Story,5,55,1:0:0,1:0:0,0:0:0,1:0:0
20253,38589,Orcland Story,5,60,1:0:0,2:0:0,0:0:0,2:0:0
20446,2756,Dragon Age II,1500,75,27:0:0,37:0:0,58:0:0,38:0:0
20526,14348,Resogun,215,80,2:0:0,6:0:0,16:0:0,6:0:0
20578,2224,Dark Souls,1800,90,42:0:0,60:0:0,105:0:0,57:0:0
20609,9859,The Elder Scrolls V: Skyrim,4300,85,35:0:0,109:0:0,234:0:0,114:0:0
20633,34803,Risen 3 - Fog Island,9,80,0:0:0,2:0:0,3:0:0,2:0:0
20633,34804,Risen 3 - Uprising of the Little Guys,9,80,0:0:0,2:0:0,2:0:0,2:0:0
20681,16232,Thief,794,65,11:0:0,22:0:0,45:0:0,18:0:0
20722,20883,Metro: Last Light Redux,2200,80,10:0:0,13:0:0,28:0:0,12:0:0
20722,20737,Metro 2033 Redux,3000,75,9:0:0,11:0:0,24:0:0,11:0:0
20726,10674,Tropico 4,156,75,40:0:0,61:0:0,103:0:0,61:0:0
20754,8313,Serious Sam HD: The Second Encounter,208,75,7:0:0,13:0:0,20:0:0,10:0:0
20791,2760,Dragon Age: Origins,1900,85,40:0:0,58:0:0,87:0:0,57:0:0
20810,43312,AMPLIFIED,3,80,3:0:0,0:0:0,0:0:0,3:0:0
20817,10674,Tropico 4,156,75,40:0:0,61:0:0,103:0:0,61:0:0
20818,10674,Tropico 4,156,75,40:0:0,61:0:0,103:0:0,61:0:0
20819,10674,Tropico 4,156,75,40:0:0,61:0:0,103:0:0,61:0:0
20820,10674,Tropico 4,156,75,40:0:0,61:0:0,103:0:0,61:0:0
20821,10674,Tropico 4,156,75,40:0:0,61:0:0,103:0:0,61:0:0
20822,10674,Tropico 4,156,75,40:0:0,61:0:0,103:0:0,61:0:0
20823,10674,Tropico 4,156,75,40:0:0,61:0:0,103:0:0,61:0:0
20824,10674,Tropico 4,156,75,40:0:0,61:0:0,103:0:0,61:0:0
20825,10674,Tropico 4,156,75,40:0:0,61:0:0,103:0:0,61:0:0
20847,4247,Half-Life,2900,85,12:0:0,14:0:0,15:0:0,13:0:0
20857,2225,Dark Souls II,1300,80,43:0:0,62:0:0,119:0:0,61:0:0
20952,2292,DC Universe Online,19,65,81:0:0,98:0:0,168:0:0,110:0:0
20986,57818,Cold Blood,0,0,0:0:0,0:0:0,0:0:0,0:0:0
20986,57819,The Lost Temples,0,0,0:0:0,0:0:0,0:0:0,0:0:0
20986,57820,Quest for Eden,0,0,0:0:0,0:0:0,0:0:0,0:0:0
20990,10925,Victoria II,34,80,25:0:0,86:0:0,262:0:0,62:0:0
20992,74616,Discover University,0,65,0:0:0,0:0:0,0:0:0,0:0:0
20992,74637,Laundry Day Stuff,0,70,0:0:0,0:0:0,0:0:0,0:0:0
20992,74617,Outdoor Retreat,0,70,0:0:0,0:0:0,0:0:0,0:0:0
20992,128535,Luxury Party,0,70,0:0:0,0:0:0,0:0:0,0:0:0
20992,74618,Spa Day,0,70,0:0:0,0:0:0,0:0:0,0:0:0
20992,74610,Get Together,0,75,0:0:0,0:0:0,0:0:0,0:0:0
20992,74623,StrangerVille,0,35,0:0:0,0:0:0,0:0:0,0:0:0
20992,74619,Dine Out,1,40,0:0:0,10:0:0,0:0:0,10:0:0
20992,74632,Backyard Stuff,0,70,0:0:0,0:0:0,0:0:0,0:0:0
20992,74611,City Living,1,75,0:0:0,0:0:0,20:0:0,20:0:0
20992,74620,Vampires,0,60,0:0:0,0:0:0,0:0:0,0:0:0
20992,74621,Parenthood,1,70,0:0:0,20:0:0,0:0:0,20:0:0
20992,74635,Fitness Stuff,0,70,0:0:0,0:0:0,0:0:0,0:0:0
20992,74636,Toddler Stuff,0,70,0:0:0,0:0:0,0:0:0,0:0:0
20992,74612,Cats & Dogs,0,75,0:0:0,0:0:0,0:0:0,0:0:0
20992,74638,My First Pet Stuff,0,40,0:0:0,0:0:0,0:0:0,0:0:0
20992,74613,Seasons,0,85,0:0:0,0:0:0,0:0:0,0:0:0
20992,74614,Get Famous,0,70,0:0:0,0:0:0,0:0:0,0:0:0
20992,74624,Realm of Magic,0,65,0:0:0,0:0:0,0:0:0,0:0:0
20992,75437,Tiny Living Stuff,0,70,0:0:0,0:0:0,0:0:0,0:0:0
20992,74609,Get to Work,1,55,0:0:0,10:0:0,0:0:0,10:0:0
20992,74615,Island Living,0,70,0:0:0,0:0:0,0:0:0,0:0:0
20992,74622,Jungle Adventure,1,60,0:0:0,0:0:0,100:0:0,100:0:0
20992,74630,Romantic Garden Stuff,0,70,0:0:0,0:0:0,0:0:0,0:0:0
20992,118355,Nifty Knitting,0,40,0:0:0,0:0:0,0:0:0,0:0:0
20992,89410,Country Kitchen Kit,0,70,0:0:0,0:0:0,0:0:0,0:0:0
20992,118358,Cottage Living,0,70,0:0:0,0:0:0,0:0:0,0:0:0
21004,75811,Doom II: Unofficial WADs,0,85,0:0:0,0:0:0,0:0:0,0:0:0
21020,75811,Doom II: Unofficial WADs,0,85,0:0:0,0:0:0,0:0:0,0:0:0
21038,18854,Tropico 5,91,70,22:0:0,38:0:0,103:0:0,30:0:0
21041,13259,Chapter II,14,70,3:0:0,3:0:0,3:0:0,3:0:0
21041,13707,Chapter III,14,70,3:0:0,3:0:0,3:0:0,3:0:0
21041,12057,Chapter I,25,70,6:0:0,6:0:0,7:0:0,6:0:0
21083,8361,Shadowgun,7,70,3:0:0,4:0:0,0:0:0,4:0:0
21087,1875,Company of Heroes 2,158,75,16:0:0,25:0:0,59:0:0,20:0:0
21110,14919,Ironclad Tactics,25,70,5:0:0,11:0:0,21:0:0,7:0:0
21111,14919,Ironclad Tactics,25,70,5:0:0,11:0:0,21:0:0,7:0:0
21117,37648,Bonus Chapter: Alisha's Conviction,24,50,3:0:0,3:0:0,3:0:0,3:0:0
21123,75811,Doom II: Unofficial WADs,0,85,0:0:0,0:0:0,0:0:0,0:0:0
21203,36244,Champions Quest,3,70,0:58:0,1:0:0,9:0:0,2:0:0
21203,26133,Conker's Big Reunion,11,50,0:53:0,0:0:0,2:0:0,0:57:0
21231,10195,The Sims 3,96,75,54:0:0,85:0:0,168:0:0,81:0:0
21246,63695,Templar Legacy Pack,0,85,0:0:0,0:0:0,0:0:0,0:0:0
21248,34850,Shock Drop Slaughter Pit,11,55,0:52:0,0:57:0,1:0:0,0:54:0
21248,24998,The Holodome Onslaught,27,55,2:0:0,2:0:0,2:0:0,2:0:0
21248,24997,Claptastic Voyage,67,75,5:0:0,7:0:0,10:0:0,7:0:0
21251,52199,GT Pack 1,5,60,0:56:0,0:0:0,0:56:0,0:56:0
21251,52202,GT Pack 2,5,60,0:44:0,0:0:0,0:44:0,0:44:0
21251,138008,Resurrection ‘F’ pack,2,60,1:0:0,0:0:0,0:0:0,1:0:0
21252,33705,The Following,277,75,9:0:0,13:0:0,20:0:0,12:0:0
21252,78191,Hellraid,20,65,3:0:0,10:0:0,29:0:0,4:0:0
21253,25200,Underwater Labs,6,55,1:0:0,2:0:0,3:0:0,2:0:0
21257,57873,Episode Adachi,17,70,1:0:0,1:0:0,2:0:0,1:0:0
21258,24495,Episode 1,75,75,2:0:0,3:0:0,5:0:0,2:0:0
21258,24510,Episode 2,37,75,2:0:0,3:0:0,4:0:0,3:0:0
21258,24511,Episode 3,35,75,3:0:0,4:0:0,5:0:0,3:0:0
21258,24512,Episode 4,32,75,2:0:0,3:0:0,5:0:0,2:0:0
21258,29123,Little Miss,57,60,0:37:0,0:43:0,0:51:0,0:38:0
21258,29124,The Struggle,52,60,0:45:0,0:50:0,0:58:0,0:47:0
21262,30315,The Old Hunters,353,95,8:0:0,10:0:0,11:0:0,10:0:0
21269,23639,Dead Kings,267,65,4:0:0,5:0:0,8:0:0,5:0:0
21273,140434,Haus,24,75,3:0:0,3:0:0,4:0:0,3:0:0
21273,147442,SoLA,15,70,4:0:0,4:0:0,5:0:0,4:0:0
21276,42150,The Voice of Freedom,30,60,0:41:0,1:0:0,3:0:0,0:51:0
21276,42151,Aftermath,26,65,0:51:0,2:0:0,3:0:0,0:59:0
21276,44238,Beyond the Walls,22,70,1:0:0,2:0:0,2:0:0,1:0:0
21278,29248,The Mystery of Mooil Rig,54,70,1:0:0,2:0:0,2:0:0,1:0:0
21278,26534,Dawn of the Rise of the Fallen Machines,64,70,2:0:0,2:0:0,2:0:0,2:0:0
21312,11101,Watch Dogs,2100,70,20:0:0,33:0:0,62:0:0,28:0:0
21387,2412,Defense Grid: The Awakening,225,75,11:0:0,29:0:0,102:0:0,21:0:0
21390,30921,Rising Tide,10,80,13:0:0,21:0:0,65:0:0,19:0:0
21402,3378,Far Cry 3,4500,80,16:0:0,26:0:0,37:0:0,24:0:0
21406,9068,Star Trek: Voyager - Elite Force,54,75,6:0:0,8:0:0,11:0:0,7:0:0
21410,2225,Dark Souls II,1300,80,43:0:0,62:0:0,119:0:0,61:0:0
21444,882,Batman: Arkham City,1700,85,12:0:0,22:0:0,45:0:0,18:0:0
21490,33291,My Lands: Age of Prosperity - Premium DLC Pack,0,0,0:0:0,0:0:0,0:0:0,0:0:0
21502,45986,Sorcerer Lords Pack,0,0,0:0:0,0:0:0,0:0:0,0:0:0
21580,24662,Dreamfall Chapters,206,75,22:0:0,25:0:0,35:0:0,25:0:0
21618,29967,Ancient Labyrinth,15,60,2:0:0,2:0:0,2:0:0,2:0:0
21665,16638,Alien: Isolation,1800,85,18:0:0,23:0:0,34:0:0,21:0:0
21666,16638,Alien: Isolation,1800,85,18:0:0,23:0:0,34:0:0,21:0:0
21680,60691,The Delicious Last Course,417,90,3:0:0,5:0:0,9:0:0,5:0:0
21697,65966,Treasures of The Past,5,70,0:36:0,0:58:0,2:0:0,1:0:0
21697,58363,From the Ashes,23,75,5:0:0,6:0:0,7:0:0,6:0:0
21697,65951,The Amorous Adventures of Bold Sir Hans Capon,21,75,3:0:0,5:0:0,5:0:0,5:0:0
21697,65056,Band of Bastards,18,80,3:0:0,4:0:0,5:0:0,4:0:0
21697,67803,A Woman's Lot,26,75,6:0:0,8:0:0,10:0:0,8:0:0
21699,76850,Icy Death Pack,4,45,0:25:0,1:0:0,2:0:0,1:0:0
21699,76851,Twisted Gears Pack,5,45,0:15:0,0:57:0,2:0:0,0:58:0
21702,23836,Episode 1: Chrysalis,487,80,2:0:0,3:0:0,3:0:0,3:0:0
21702,23845,Episode 2: Out of Time,280,85,2:0:0,3:0:0,3:0:0,3:0:0
21702,23846,Episode 3: Chaos Theory,249,85,3:0:0,3:0:0,3:0:0,3:0:0
21702,23847,Episode 4: Dark Room,245,85,3:0:0,4:0:0,4:0:0,4:0:0
21702,23848,Episode 5: Polarized,233,85,3:0:0,3:0:0,3:0:0,3:0:0
21708,28728,Foxtales,189,65,1:0:0,1:0:0,1:0:0,1:0:0
22301,24348,Republique,66,65,12:0:0,15:0:0,21:0:0,14:0:0
22371,22370,Dragon Quest X: Rise of the Five Tribes,13,75,40:0:0,53:0:0,0:0:0,46:0:0
22370,22371,Dragon Quest X: The Sleeping Brave and the Guided Allies,1,85,0:0:0,85:0:0,0:0:0,85:0:0
22370,124422,Dragon Quest X: Lore of the Ancient Dragon,1,75,0:0:0,65:0:0,0:0:0,65:0:0
22370,124423,Dragon Quest X: The 5000 Year Voyage to a Faraway Hometown,0,80,0:0:0,0:0:0,0:0:0,0:0:0
22370,124424,Dragon Quest X: Thorn Lady and the God of Destruction,1,80,100:0:0,0:0:0,0:0:0,100:0:0
22370,124425,Dragon Quest X: Heroes of the Heavenly Stars,0,0,0:0:0,0:0:0,0:0:0,0:0:0
22412,6731,Omerta: City of Gangsters,33,65,18:0:0,31:0:0,71:0:0,29:0:0
22530,28715,Road to Gehenna,170,85,7:0:0,10:0:0,13:0:0,10:0:0
22535,46575,The Crimson Court,2,80,0:0:0,40:0:0,0:0:0,40:0:0
22535,57681,The Color Of Madness,2,75,0:0:0,27:0:0,0:0:0,27:0:0
22535,107834,The Butcher's Circus,0,0,0:0:0,0:0:0,0:0:0,0:0:0
22577,25098,!: Gessen x Hebijo,3,85,0:0:0,0:0:0,8:0:0,8:0:0
22651,5549,Magicka,383,70,10:0:0,16:0:0,45:0:0,13:0:0
22654,11286,World of Warcraft,135,85,518:0:0,1308:0:0,5574:0:0,1414:0:0
22658,50688,Stories - Father's Promise,19,80,3:0:0,5:0:0,5:0:0,4:0:0
22658,62469,Stories - The Last Broadcast,14,90,4:0:0,5:0:0,9:0:0,5:0:0
22658,69556,Stories - Fading Embers,11,85,5:0:0,6:0:0,19:0:0,6:0:0
22705,37080,The Detail,26,60,4:0:0,6:0:0,9:0:0,5:0:0
22706,441,Among the Sleep,637,65,2:0:0,3:0:0,3:0:0,3:0:0
22714,9193,Stealth Bastard Deluxe,103,70,6:0:0,10:0:0,28:0:0,8:0:0
22765,34700,One Pioneer's Story,4,70,0:58:0,0:0:0,2:0:0,1:0:0
22787,1409,Burnout Paradise,308,80,13:0:0,26:0:0,57:0:0,22:0:0
22788,146,A World of Keflings,37,70,7:0:0,11:0:0,14:0:0,10:0:0
22789,146,A World of Keflings,37,70,7:0:0,11:0:0,14:0:0,10:0:0
22790,146,A World of Keflings,37,70,7:0:0,11:0:0,14:0:0,10:0:0
22796,22804,Tales from the Borderlands,1500,85,11:0:0,11:0:0,12:0:0,11:0:0
22800,3154,Escape Plan,60,65,4:0:0,5:0:0,10:0:0,4:0:0
22804,22796,Episode 1 - Zer0 Sum,156,80,2:0:0,2:0:0,2:0:0,2:0:0
22804,24729,Episode 2 - Atlas Mugged,119,80,2:0:0,2:0:0,2:0:0,2:0:0
22804,26934,Episode 3 - Catch A Ride,111,80,2:0:0,2:0:0,2:0:0,2:0:0
22804,29127,Episode 4 - Escape Plan Bravo,97,80,2:0:0,2:0:0,2:0:0,2:0:0
22804,29258,Episode 5 - The Vault of the Traveler,103,85,2:0:0,2:0:0,2:0:0,2:0:0
22831,22876,Game of Thrones - A Telltale Games Series,901,70,12:0:0,13:0:0,13:0:0,13:0:0
22876,22831,Game of Thrones - Episode 1: Iron From Ice,135,75,2:0:0,2:0:0,2:0:0,2:0:0
22876,23889,Game of Thrones - Episode 2: The Lost Lords,91,75,2:0:0,2:0:0,2:0:0,2:0:0
22876,23940,Game of Thrones - Episode 3: The Sword in the Darkness,80,75,2:0:0,2:0:0,2:0:0,2:0:0
22876,23941,Game of Thrones - Episode 4: Sons of Winter,73,75,2:0:0,2:0:0,2:0:0,2:0:0
22876,23942,Game of Thrones - Episode 5: A Nest of Vipers,68,75,1:0:0,2:0:0,2:0:0,2:0:0
22876,23943,Game of Thrones - Episode 6: The Ice Dragon,66,75,2:0:0,2:0:0,2:0:0,2:0:0
22881,83248,Invisible Threat,0,0,0:0:0,0:0:0,0:0:0,0:0:0
22911,9841,The Dream Machine,48,80,13:0:0,14:0:0,19:0:0,14:0:0
22926,26706,Assassin's Creed: Syndicate,2300,75,19:0:0,33:0:0,55:0:0,33:0:0
22927,24829,Chapter 0: Sunset After Dark,1,30,0:0:0,1:0:0,0:0:0,1:0:0
22927,24830,Chapter 1: Covert Genesis,1,0,0:0:0,2:0:0,0:0:0,2:0:0
22939,10666,Tron 2.0,53,80,12:0:0,13:0:0,14:0:0,13:0:0
22942,2150,Daigasso! Band Brothers,2,85,12:0:0,20:0:0,0:0:0,16:0:0
22944,10547,Total War: Rome II,83,75,49:0:0,98:0:0,220:0:0,76:0:0
22945,10547,Total War: Rome II,83,75,49:0:0,98:0:0,220:0:0,76:0:0
22946,10547,Total War: Rome II,83,75,49:0:0,98:0:0,220:0:0,76:0:0
22975,5360,Book I: Flight From The Dark,3,80,0:53:0,5:0:0,0:0:0,2:0:0
22975,5361,Book II: Fire On The Water,1,80,1:0:0,0:0:0,0:0:0,1:0:0
22975,5362,Book III: Caverns Of Kalte,0,0,0:0:0,0:0:0,0:0:0,0:0:0
22975,5363,Book IV: The Chasm Of Doom,0,0,0:0:0,0:0:0,0:0:0,0:0:0
22975,5364,Book V: Shadow On The Sand,0,0,0:0:0,0:0:0,0:0:0,0:0:0
23033,17581,Monument Valley,618,80,1:0:0,2:0:0,3:0:0,2:0:0
23119,11101,Watch Dogs,2100,70,20:0:0,33:0:0,62:0:0,28:0:0
23136,2486,Deus Ex,944,90,23:0:0,29:0:0,39:0:0,28:0:0
23138,19852,Forza Horizon 2,289,85,18:0:0,34:0:0,111:0:0,27:0:0
23151,14265,How to Survive,131,65,10:0:0,14:0:0,33:0:0,14:0:0
23203,18854,Tropico 5,91,70,22:0:0,38:0:0,103:0:0,30:0:0
23204,18854,Tropico 5,91,70,22:0:0,38:0:0,103:0:0,30:0:0
23205,18854,Tropico 5,91,70,22:0:0,38:0:0,103:0:0,30:0:0
23219,9441,Super Smash Bros. Brawl,422,85,12:0:0,54:0:0,188:0:0,37:0:0
23230,5021,King's Bounty: Warriors of the North,35,70,55:0:0,78:0:0,86:0:0,74:0:0
23297,5635,Mario Kart 8,517,85,6:0:0,20:0:0,44:0:0,17:0:0
23330,18854,Tropico 5,91,70,22:0:0,38:0:0,103:0:0,30:0:0
23446,9137,Star Wars: The Old Republic,73,75,81:0:0,194:0:0,890:0:0,174:0:0
23448,9137,Star Wars: The Old Republic,73,75,81:0:0,194:0:0,890:0:0,174:0:0
23587,37174,The Abyss,4,65,0:0:0,0:0:0,2:0:0,2:0:0
23639,21269,Assassin's Creed: Unity,2100,70,17:0:0,35:0:0,79:0:0,32:0:0
23640,18006,Middle-Earth: Shadow of Mordor,4500,80,16:0:0,24:0:0,33:0:0,24:0:0
23809,143222,Emergence,0,0,0:0:0,0:0:0,0:0:0,0:0:0
23818,18854,Tropico 5,91,70,22:0:0,38:0:0,103:0:0,30:0:0
23836,21702,Life Is Strange,5200,85,14:0:0,16:0:0,19:0:0,16:0:0
23845,21702,Life Is Strange,5200,85,14:0:0,16:0:0,19:0:0,16:0:0
23846,21702,Life Is Strange,5200,85,14:0:0,16:0:0,19:0:0,16:0:0
23847,21702,Life Is Strange,5200,85,14:0:0,16:0:0,19:0:0,16:0:0
23848,21702,Life Is Strange,5200,85,14:0:0,16:0:0,19:0:0,16:0:0
23889,22876,Game of Thrones - A Telltale Games Series,901,70,12:0:0,13:0:0,13:0:0,13:0:0
23941,22876,Game of Thrones - A Telltale Games Series,901,70,12:0:0,13:0:0,13:0:0,13:0:0
23940,22876,Game of Thrones - A Telltale Games Series,901,70,12:0:0,13:0:0,13:0:0,13:0:0
23942,22876,Game of Thrones - A Telltale Games Series,901,70,12:0:0,13:0:0,13:0:0,13:0:0
23943,22876,Game of Thrones - A Telltale Games Series,901,70,12:0:0,13:0:0,13:0:0,13:0:0
23992,11033,Warcraft II: Tides of Darkness,96,80,21:0:0,26:0:0,37:0:0,25:0:0
24008,33764,Penumbra: Twilight of the Archaic,6,75,4:0:0,0:0:0,7:0:0,5:0:0
24012,36970,The Outsider,6,80,4:0:0,7:0:0,0:0:0,4:0:0
24022,29799,The Plot Deepens,0,0,0:0:0,0:0:0,0:0:0,0:0:0
24028,15177,Episode 1,52,75,6:0:0,6:0:0,7:0:0,7:0:0
24028,17918,Episode 2,34,70,4:0:0,5:0:0,6:0:0,5:0:0
24034,9283,Stronghold: Crusader,43,85,15:0:0,43:0:0,103:0:0,44:0:0
24056,29705,Vulture for Slash'EM,0,0,0:0:0,0:0:0,0:0:0,0:0:0
24167,69869,Porsche,3,80,11:0:0,0:0:0,12:0:0,12:0:0
24167,101262,Nascar,1,70,10:0:0,0:0:0,0:0:0,10:0:0
24233,29906,LISA: The Joyful,93,75,3:0:0,4:0:0,8:0:0,4:0:0
24348,15675,Episode 1 - Exordium,14,70,2:0:0,3:0:0,4:0:0,3:0:0
24348,18101,Episode 2 - Metamorphosis,7,75,3:0:0,3:0:0,0:0:0,3:0:0
24348,22301,Episode 3 - Ones & Zeroes,6,70,2:0:0,3:0:0,4:0:0,3:0:0
24348,32756,Episode 4 - God's Acre,3,50,2:0:0,2:0:0,3:0:0,2:0:0
24348,36217,Episode 5 - Terminus,3,55,2:0:0,2:0:0,5:0:0,3:0:0
24349,19547,Sniper Elite III,533,70,9:0:0,14:0:0,30:0:0,12:0:0
24350,19547,Sniper Elite III,533,70,9:0:0,14:0:0,30:0:0,12:0:0
24351,19547,Sniper Elite III,533,70,9:0:0,14:0:0,30:0:0,12:0:0
24352,19547,Sniper Elite III,533,70,9:0:0,14:0:0,30:0:0,12:0:0
24353,18006,Middle-Earth: Shadow of Mordor,4500,80,16:0:0,24:0:0,33:0:0,24:0:0
24371,10298,Thief II: The Metal Age,181,85,20:0:0,27:0:0,37:0:0,25:0:0
24495,21258,Resident Evil: Revelations 2,764,70,10:0:0,16:0:0,36:0:0,13:0:0
24510,21258,Resident Evil: Revelations 2,764,70,10:0:0,16:0:0,36:0:0,13:0:0
24512,21258,Resident Evil: Revelations 2,764,70,10:0:0,16:0:0,36:0:0,13:0:0
24511,21258,Resident Evil: Revelations 2,764,70,10:0:0,16:0:0,36:0:0,13:0:0
24515,24662,Dreamfall Chapters,206,75,22:0:0,25:0:0,35:0:0,25:0:0
24519,16380,Octodad: Dadliest Catch,594,70,2:0:0,4:0:0,8:0:0,3:0:0
24559,28972,Expansion Pack,0,0,0:0:0,0:0:0,0:0:0,0:0:0
24634,9866,The Evil Within,1700,75,15:0:0,20:0:0,40:0:0,18:0:0
24635,17507,Trials Fusion,152,70,7:0:0,23:0:0,89:0:0,12:0:0
24636,17507,Trials Fusion,152,70,7:0:0,23:0:0,89:0:0,12:0:0
24637,17507,Trials Fusion,152,70,7:0:0,23:0:0,89:0:0,12:0:0
24638,17507,Trials Fusion,152,70,7:0:0,23:0:0,89:0:0,12:0:0
24639,17507,Trials Fusion,152,70,7:0:0,23:0:0,89:0:0,12:0:0
24662,21580,Book One - Reborn,41,80,4:0:0,5:0:0,7:0:0,5:0:0
24662,24515,Book Two - Rebels,29,85,6:0:0,6:0:0,7:0:0,6:0:0
24662,27117,Book Three - Realms,23,85,4:0:0,4:0:0,5:0:0,4:0:0
24662,32399,Book Four - Revelations,21,90,4:0:0,4:0:0,5:0:0,4:0:0
24662,38123,Book Five - Redux,20,80,4:0:0,4:0:0,8:0:0,4:0:0
24677,19336,Boot Hill Heroes,8,80,11:0:0,18:0:0,26:0:0,17:0:0
24729,22804,Tales from the Borderlands,1500,85,11:0:0,11:0:0,12:0:0,11:0:0
24739,3537,Final Fantasy XV,2800,75,28:0:0,53:0:0,95:0:0,51:0:0
24759,27409,Karmaflow: The Rock Opera Videogame,5,80,7:0:0,8:0:0,10:0:0,8:0:0
24762,29463,God Eater 2: Rage Burst,66,70,53:0:0,77:0:0,120:0:0,73:0:0
24829,22927,Majestic Nights,0,30,0:0:0,0:0:0,0:0:0,0:0:0
24830,22927,Majestic Nights,0,30,0:0:0,0:0:0,0:0:0,0:0:0
24876,925,Battle Realms,13,75,20:0:0,39:0:0,50:0:0,30:0:0
24970,89438,A New Home,39,85,9:0:0,15:0:0,15:0:0,13:0:0
24997,21248,Borderlands: The Pre-Sequel!,1300,70,18:0:0,30:0:0,58:0:0,27:0:0
24998,21248,Borderlands: The Pre-Sequel!,1300,70,18:0:0,30:0:0,58:0:0,27:0:0
25014,39955,Indie Island,3,0,0:53:0,0:0:0,0:0:0,0:53:0
25034,50938,"Me, Myself & Bunnylord",2,70,1:0:0,0:0:0,2:0:0,2:0:0
25074,4248,Half-Life 2,4500,90,13:0:0,16:0:0,19:0:0,14:0:0
25098,22577,Senran Kagura: Bon Appétit,58,70,7:0:0,13:0:0,26:0:0,15:0:0
25200,21253,Escape Dead Island,68,55,6:0:0,9:0:0,18:0:0,8:0:0
25223,100519,French campaign,1,70,4:0:0,0:0:0,0:0:0,4:0:0
25223,100518,Russian Empire,1,70,10:0:0,0:0:0,0:0:0,10:0:0
25223,100517,Blazing guns,1,70,10:0:0,0:0:0,0:0:0,10:0:0
25223,100516,British Empire,1,70,5:0:0,0:0:0,0:0:0,5:0:0
25223,100515,German campaign,1,70,6:0:0,0:0:0,0:0:0,6:0:0
25223,100514,Ottoman Empire,1,60,2:0:0,0:0:0,0:0:0,2:0:0
25223,100513,Honor of the Empire,1,70,5:0:0,0:0:0,0:0:0,5:0:0
25238,46415,Fractured Worlds,3,65,6:0:0,7:0:0,0:0:0,7:0:0
25238,70882,Mötorhead Through The Ages,8,70,3:0:0,9:0:0,0:0:0,5:0:0
25379,17507,Trials Fusion,152,70,7:0:0,23:0:0,89:0:0,12:0:0
25409,11627,Dragon Age: Inquisition,2300,80,47:0:0,87:0:0,129:0:0,88:0:0
25434,42969,Desperate Measures,130,70,0:57:0,1:0:0,2:0:0,1:0:0
25434,40148,System Rift,139,75,2:0:0,4:0:0,5:0:0,4:0:0
25434,40367,A Criminal Past,138,80,4:0:0,5:0:0,7:0:0,5:0:0
25435,10298,Thief II: The Metal Age,181,85,20:0:0,27:0:0,37:0:0,25:0:0
25436,10298,Thief II: The Metal Age,181,85,20:0:0,27:0:0,37:0:0,25:0:0
25437,10298,Thief II: The Metal Age,181,85,20:0:0,27:0:0,37:0:0,25:0:0
25438,10298,Thief II: The Metal Age,181,85,20:0:0,27:0:0,37:0:0,25:0:0
25439,10298,Thief II: The Metal Age,181,85,20:0:0,27:0:0,37:0:0,25:0:0
25440,10298,Thief II: The Metal Age,181,85,20:0:0,27:0:0,37:0:0,25:0:0
25441,10298,Thief II: The Metal Age,181,85,20:0:0,27:0:0,37:0:0,25:0:0
25442,10300,Thief: The Dark Project,25,85,13:0:0,23:0:0,33:0:0,17:0:0
25503,75811,Doom II: Unofficial WADs,0,85,0:0:0,0:0:0,0:0:0,0:0:0
25817,20163,Senran Kagura: Shinovi Versus,110,70,18:0:0,27:0:0,36:0:0,29:0:0
25818,20163,Senran Kagura: Shinovi Versus,110,70,18:0:0,27:0:0,36:0:0,29:0:0
25822,34250,Chronicles of a Dark Lord: Rhapsody Clash,0,20,0:0:0,0:0:0,0:0:0,0:0:0
25825,153809,On a Roll 2D,0,0,0:0:0,0:0:0,0:0:0,0:0:0
25925,7240,Postal 2,453,70,7:0:0,12:0:0,29:0:0,10:0:0
25930,19310,Far Cry 4,2800,75,18:0:0,31:0:0,47:0:0,31:0:0
26049,9866,The Evil Within,1700,75,15:0:0,20:0:0,40:0:0,18:0:0
26085,5635,Mario Kart 8,517,85,6:0:0,20:0:0,44:0:0,17:0:0
26101,26791,Broken Age: The Complete Adventure,627,70,10:0:0,12:0:0,13:0:0,11:0:0
26100,83728,Karamari Hospital,0,70,0:0:0,0:0:0,0:0:0,0:0:0
26100,83950,The Doll House,0,70,0:0:0,0:0:0,0:0:0,0:0:0
26129,10387,To the Moon,3000,80,4:0:0,4:0:0,5:0:0,4:0:0
26133,21203,Project Spark,11,60,2:0:0,37:0:0,74:0:0,12:0:0
26139,19381,Chapter 1,1,50,2:0:0,0:0:0,0:0:0,2:0:0
26185,9136,Star Wars: The Force Unleashed II,614,65,5:0:0,7:0:0,12:0:0,6:0:0
26266,152668,Classic II: Dominique's Curse,7,75,3:0:0,5:0:0,6:0:0,5:0:0
26286,66080,Hidden Dreams,20,85,0:42:0,0:54:0,1:0:0,0:57:0
26286,66081,The Grimm Troupe,33,90,2:0:0,3:0:0,4:0:0,2:0:0
26286,66083,Lifeblood,22,80,0:26:0,2:0:0,4:0:0,2:0:0
26286,69681,Godmaster,31,85,9:0:0,20:0:0,25:0:0,19:0:0
26286,132278,Pale Court,4,90,3:0:0,8:0:0,26:0:0,8:0:0
26334,36537,Dual Blooming Hearts,2,70,2:0:0,0:0:0,0:0:0,2:0:0
26334,36714,Mission Set,2,85,3:0:0,0:0:0,0:0:0,3:0:0
26368,1874,Company of Heroes,226,80,19:0:0,27:0:0,80:0:0,23:0:0
26404,38288,Sky Fortress,56,65,2:0:0,2:0:0,4:0:0,3:0:0
26404,38289,Mech Land Assault,54,65,2:0:0,3:0:0,4:0:0,3:0:0
26404,43487,Bavarium Sea Heist,51,65,2:0:0,2:0:0,4:0:0,3:0:0
26404,47848,Multiplayer Mod,0,60,0:0:0,0:0:0,0:0:0,0:0:0
26456,9866,The Evil Within,1700,75,15:0:0,20:0:0,40:0:0,18:0:0
26458,26460,Moon Chronicles,4,80,0:0:0,8:0:0,8:0:0,8:0:0
26460,26525,Episode 2,1,70,0:45:0,0:0:0,0:0:0,0:45:0
26460,26527,Episode 3,0,0,0:0:0,0:0:0,0:0:0,0:0:0
26460,26526,Episode 4,0,0,0:0:0,0:0:0,0:0:0,0:0:0
26460,26458,Episode 1,10,70,1:0:0,2:0:0,0:0:0,1:0:0
26478,42771,Rivals,4,75,3:0:0,6:0:0,0:0:0,3:0:0
26524,27409,Karmaflow: The Rock Opera Videogame,5,80,7:0:0,8:0:0,10:0:0,8:0:0
26525,26460,Moon Chronicles,4,80,0:0:0,8:0:0,8:0:0,8:0:0
26527,26460,Moon Chronicles,4,80,0:0:0,8:0:0,8:0:0,8:0:0
26526,26460,Moon Chronicles,4,80,0:0:0,8:0:0,8:0:0,8:0:0
26528,18854,Tropico 5,91,70,22:0:0,38:0:0,103:0:0,30:0:0
26532,18854,Tropico 5,91,70,22:0:0,38:0:0,103:0:0,30:0:0
26533,18854,Tropico 5,91,70,22:0:0,38:0:0,103:0:0,30:0:0
26534,21278,Sunset Overdrive,1100,80,10:0:0,18:0:0,34:0:0,15:0:0
26558,18854,Tropico 5,91,70,22:0:0,38:0:0,103:0:0,30:0:0
26577,37080,The Detail,26,60,4:0:0,6:0:0,9:0:0,5:0:0
26631,117715,Mission Pack,0,0,0:0:0,0:0:0,0:0:0,0:0:0
26663,17299,TowerFall Ascension,72,80,4:0:0,11:0:0,33:0:0,7:0:0
26675,19456,Microsoft Flight Simulator X,7,80,74:0:0,182:0:0,3100:0:0,368:0:0
26706,22926,Jack the Ripper,220,70,3:0:0,5:0:0,8:0:0,5:0:0
26706,33661,The Last Maharaja,91,65,3:0:0,3:0:0,3:0:0,3:0:0
26706,57736,The Dreadful Crimes,50,70,3:0:0,4:0:0,4:0:0,4:0:0
26729,36153,Automatron,123,65,4:0:0,5:0:0,6:0:0,5:0:0
26729,37328,Far Harbor,156,80,7:0:0,15:0:0,22:0:0,15:0:0
26729,39673,Contraptions Workshop,14,50,0:44:0,0:43:0,0:48:0,0:44:0
26729,38904,Vault-Tec Workshop,48,60,2:0:0,3:0:0,4:0:0,3:0:0
26729,39674,Nuka-World,98,70,11:0:0,17:0:0,24:0:0,16:0:0
26730,65957,Fall of the Dark Brotherhood,0,0,0:0:0,0:0:0,0:0:0,0:0:0
26767,72058,Nightstorm Isle,7,80,2:0:0,2:0:0,3:0:0,3:0:0
26784,46430,The Frozen Wilds,623,85,7:0:0,12:0:0,18:0:0,13:0:0
26791,1331,Broken Age: Act 1,225,80,4:0:0,4:0:0,5:0:0,4:0:0
26791,26101,Broken Age: Act 2,72,70,6:0:0,7:0:0,9:0:0,6:0:0
26801,54990,From Dusk till Casa Bonita,111,75,2:0:0,3:0:0,3:0:0,3:0:0
26801,59592,Bring The Crunch,113,75,3:0:0,3:0:0,4:0:0,3:0:0
26803,40747,Ashes of Ariandel,324,80,4:0:0,5:0:0,6:0:0,5:0:0
26803,43427,The Ringed City,287,85,7:0:0,8:0:0,11:0:0,8:0:0
26803,75808,Cinders,5,90,24:0:0,26:0:0,0:0:0,25:0:0
26804,96652,Prestige and Speedlists,2,0,0:0:0,20:0:0,100:0:0,60:0:0
26831,35944,Episode 1: Paris,49,75,2:0:0,4:0:0,10:0:0,3:0:0
26831,35945,Episode 2: Sapienza,40,80,1:0:0,3:0:0,6:0:0,2:0:0
26831,35946,Episode 3: Marrakesh,30,75,1:0:0,3:0:0,7:0:0,2:0:0
26831,124879,Bonus Mission: A House Built on Sand,5,75,0:25:0,1:0:0,0:0:0,0:30:0
26831,124877,Bonus Mission: The Icon,4,70,0:16:0,0:0:0,0:0:0,0:16:0
26831,35947,Episode 4: Bangkok,27,75,0:54:0,3:0:0,9:0:0,2:0:0
26831,35948,Episode 5: Colorado,28,75,1:0:0,3:0:0,5:0:0,2:0:0
26831,41467,Episode 6: Hokkaido,29,80,1:0:0,2:0:0,6:0:0,2:0:0
26831,124880,Bonus Mission: Holiday Hoarders,1,75,0:28:0,0:0:0,0:0:0,0:28:0
26831,124878,Bonus Mission: Landslide,4,70,0:15:0,0:0:0,0:0:0,0:15:0
26831,51652,Bonus Campaign: Patient Zero,37,75,2:0:0,3:0:0,6:0:0,3:0:0
26835,17852,Half-Minute Hero: The Second Coming,39,80,17:0:0,23:0:0,37:0:0,22:0:0
26836,86298,The Knobbly Crook,2,0,3:0:0,4:0:0,0:0:0,3:0:0
26914,1119,Blade Kitten,42,55,5:0:0,8:0:0,12:0:0,6:0:0
26934,22804,Tales from the Borderlands,1500,85,11:0:0,11:0:0,12:0:0,11:0:0
26954,33551,Americana,0,0,0:0:0,0:0:0,0:0:0,0:0:0
26954,33550,Mediterraneo,0,0,0:0:0,0:0:0,0:0:0,0:0:0
27030,655,Assassin's Creed III,2600,70,16:0:0,31:0:0,56:0:0,27:0:0
27095,18005,Batman: Arkham Knight,3700,85,17:0:0,31:0:0,51:0:0,31:0:0
27102,108497,Roger & James in They Came From Below,5,70,3:0:0,3:0:0,0:0:0,3:0:0
27102,96995,Lightbearer,4,75,2:0:0,3:0:0,4:0:0,3:0:0
27102,72031,We All Fall Down,4,85,2:0:0,4:0:0,0:0:0,3:0:0
27117,24662,Dreamfall Chapters,206,75,22:0:0,25:0:0,35:0:0,25:0:0
27125,114105,Exclusive Starter Pack,0,0,0:0:0,0:0:0,0:0:0,0:0:0
27127,35896,Awakening DLC Pack,1,65,1:0:0,0:0:0,0:0:0,1:0:0
27127,37601,Eclipse DLC Pack,3,75,1:0:0,0:0:0,1:0:0,1:0:0
27269,4247,Half-Life,2900,85,12:0:0,14:0:0,15:0:0,13:0:0
27298,18005,Batman: Arkham Knight,3700,85,17:0:0,31:0:0,51:0:0,31:0:0
27317,579,ARMA II,34,65,17:0:0,32:0:0,82:0:0,26:0:0
27379,8985,Spore,229,75,12:0:0,30:0:0,103:0:0,21:0:0
27409,24759,Act I,2,90,3:0:0,0:0:0,0:0:0,3:0:0
27409,26524,Act II,2,100,4:0:0,0:0:0,0:0:0,4:0:0
27439,16671,"Episode 1 - Sex, Lies and Class Work",14,60,2:0:0,2:0:0,2:0:0,2:0:0
27439,20104,Episode 2 - The Girl Who Wasn't There,10,65,0:58:0,2:0:0,2:0:0,2:0:0
27439,27920,AR-K: Episode 3 - The Great Escape,12,70,3:0:0,6:0:0,10:0:0,5:0:0
27442,7509,RACE 07,6,55,4:0:0,22:0:0,0:0:0,8:0:0
27491,3220,EverQuest,8,85,530:0:0,843:0:0,0:0:0,672:0:0
27492,3220,EverQuest,8,85,530:0:0,843:0:0,0:0:0,672:0:0
27638,7509,RACE 07,6,55,4:0:0,22:0:0,0:0:0,8:0:0
27661,6943,Patrician IV: Conquest by Trade,5,65,6:0:0,31:0:0,0:0:0,16:0:0
27671,814,Baldur's Gate: Enhanced Edition,574,80,31:0:0,53:0:0,93:0:0,53:0:0
27763,29430,Campaign Pack: Shadow Edition,0,0,0:0:0,0:0:0,0:0:0,0:0:0
27814,11102,Watchmen: The End Is Nigh - Part 1,45,55,3:0:0,3:0:0,3:0:0,3:0:0
27814,11103,Watchmen: The End Is Nigh - Part 2,31,45,2:0:0,3:0:0,3:0:0,2:0:0
27829,16690,Doctor Who: Episode 1 - City of the Daleks,8,70,1:0:0,2:0:0,2:0:0,1:0:0
27829,16689,Doctor Who: Episode 2 - Blood of the Cybermen,7,75,1:0:0,2:0:0,2:0:0,2:0:0
27829,16692,Doctor Who: Episode 3 - TARDIS,7,55,0:35:0,0:57:0,1:0:0,0:46:0
27829,16691,Doctor Who: Episode 4 - Shadows of the Vashta Nerada,7,75,1:0:0,1:0:0,1:0:0,1:0:0
27829,19076,Doctor Who: Episode 5 - The Gunpowder Plot,7,80,3:0:0,3:0:0,4:0:0,3:0:0
27836,39530,Awareness,0,0,0:0:0,0:0:0,0:0:0,0:0:0
27836,41217,Waste Walkers - Deliverance,0,0,0:0:0,0:0:0,0:0:0,0:0:0
27836,44072,Waste Walkers - Subsistence,0,0,0:0:0,0:0:0,0:0:0,0:0:0
27875,15539,Hero Siege,75,65,9:0:0,28:0:0,85:0:0,18:0:0
27901,18854,Tropico 5,91,70,22:0:0,38:0:0,103:0:0,30:0:0
27904,4983,Killing Floor,84,70,19:0:0,52:0:0,289:0:0,56:0:0
27917,3534,Final Fantasy XIII-2,1000,75,28:0:0,42:0:0,72:0:0,42:0:0
27918,3534,Final Fantasy XIII-2,1000,75,28:0:0,42:0:0,72:0:0,42:0:0
27919,3534,Final Fantasy XIII-2,1000,75,28:0:0,42:0:0,72:0:0,42:0:0
27938,11574,Zombie Driver HD,115,60,5:0:0,8:0:0,19:0:0,8:0:0
27939,11574,Zombie Driver HD,115,60,5:0:0,8:0:0,19:0:0,8:0:0
28017,34213,Shadows of Hong Kong,50,75,7:0:0,11:0:0,12:0:0,11:0:0
28022,1996,Crazy Machines 2,3,70,22:0:0,50:0:0,0:0:0,27:0:0
28028,1874,Company of Heroes,226,80,19:0:0,27:0:0,80:0:0,23:0:0
28171,7509,RACE 07,6,55,4:0:0,22:0:0,0:0:0,8:0:0
28176,485,Anno 1404,64,75,18:0:0,37:0:0,134:0:0,30:0:0
28221,47577,Savage Worlds Ruleset,0,0,0:0:0,0:0:0,0:0:0,0:0:0
28234,7509,RACE 07,6,55,4:0:0,22:0:0,0:0:0,8:0:0
28257,40332,The Dulce Archives,1,75,0:25:0,0:0:0,0:0:0,0:25:0
28279,43278,Long War 2,4,75,74:0:0,87:0:0,0:0:0,82:0:0
28279,97131,Alien Hunters,0,70,0:0:0,0:0:0,0:0:0,0:0:0
28279,87433,Shen's Last Gift,2,80,3:0:0,0:0:0,0:0:0,3:0:0
28279,48486,War of the Chosen,189,85,36:0:0,53:0:0,91:0:0,55:0:0
28418,17494,RACE: The WTCC Game,2,0,3:0:0,6:0:0,0:0:0,5:0:0
28431,12654,Final Fantasy XIV,442,80,100:0:0,312:0:0,3347:0:0,246:0:0
28434,69740,Let's Get Nepucated,3,60,0:20:0,0:0:0,0:45:0,0:27:0
28448,16887,Assetto Corsa,15,75,43:0:0,74:0:0,168:0:0,88:0:0
28494,41987,Episode 1: The End of Peace,7,80,2:0:0,0:0:0,2:0:0,2:0:0
28494,41988,Episode 2: Shaking the Hive,2,85,2:0:0,0:0:0,0:0:0,2:0:0
28531,28543,King's Quest,92,75,19:0:0,21:0:0,22:0:0,20:0:0
28543,28531,Chapter 1 - A Knight to Remember,77,75,6:0:0,6:0:0,7:0:0,6:0:0
28543,33266,Chapter 2 - Rubble Without a Cause,29,70,3:0:0,3:0:0,4:0:0,3:0:0
28543,37116,Chapter 3 - Once Upon a Climb,23,80,3:0:0,3:0:0,3:0:0,3:0:0
28543,40354,Chapter 4 - Snow Place Like Home,24,70,3:0:0,4:0:0,5:0:0,4:0:0
28543,42649,Chapter 5 - The Good Knight,17,80,3:0:0,3:0:0,3:0:0,3:0:0
28651,48230,Pole to Pole,0,0,0:0:0,0:0:0,0:0:0,0:0:0
28715,22530,The Talos Principle,1400,85,16:0:0,21:0:0,29:0:0,21:0:0
28728,21708,Never Alone,1100,65,3:0:0,4:0:0,4:0:0,4:0:0
28882,489,Anno 1701,12,70,18:0:0,26:0:0,0:0:0,21:0:0
28885,520,Ape Escape 3,69,80,6:0:0,9:0:0,13:0:0,8:0:0
28884,18005,Batman: Arkham Knight,3700,85,17:0:0,31:0:0,51:0:0,31:0:0
28907,35601,Scars of Freedom,13,75,4:0:0,5:0:0,5:0:0,5:0:0
28950,13779,Rhythm Destruction,1,70,0:59:0,0:0:0,0:0:0,0:59:0
28963,65320,Ork Hunters,1,90,0:0:0,8:0:0,0:0:0,8:0:0
28963,45145,Da Orks,0,40,0:0:0,0:0:0,0:0:0,0:0:0
28972,24559,Metaltech: Earthsiege,0,0,0:0:0,0:0:0,0:0:0,0:0:0
28976,34714,Random Levels,0,0,0:0:0,0:0:0,0:0:0,0:0:0
28976,36761,Colors for Organisms,0,0,0:0:0,0:0:0,0:0:0,0:0:0
28976,36760,"Campaign ""New Life""",1,0,2:0:0,0:0:0,0:0:0,2:0:0
29063,11627,Dragon Age: Inquisition,2300,80,47:0:0,87:0:0,129:0:0,88:0:0
29123,21258,Resident Evil: Revelations 2,764,70,10:0:0,16:0:0,36:0:0,13:0:0
29124,21258,Resident Evil: Revelations 2,764,70,10:0:0,16:0:0,36:0:0,13:0:0
29127,22804,Tales from the Borderlands,1500,85,11:0:0,11:0:0,12:0:0,11:0:0
29138,119374,Uncharted Waters Online,0,0,0:0:0,0:0:0,0:0:0,0:0:0
29146,9510,Sword of the Stars,0,70,0:0:0,0:0:0,0:0:0,0:0:0
29174,97203,IL-2 Sturmovik: Blazing Steppe Campaign,1,0,10:0:0,0:0:0,0:0:0,10:0:0
29174,97441,IL-2 Sturmovik: Fortress on the Volga,1,0,10:0:0,0:0:0,0:0:0,10:0:0
29174,97529,IL-2 Sturmovik: Ice Ring,1,0,9:0:0,0:0:0,0:0:0,9:0:0
29185,5307,Lineage II,6,75,934:0:0,1578:0:0,0:0:0,1293:0:0
29223,8076,Saints Row: The Third,2600,80,15:0:0,27:0:0,45:0:0,26:0:0
29225,44823,Labyrinths,24,85,3:0:0,5:0:0,9:0:0,5:0:0
29248,21278,Sunset Overdrive,1100,80,10:0:0,18:0:0,34:0:0,15:0:0
29258,22804,Tales from the Borderlands,1500,85,11:0:0,11:0:0,12:0:0,11:0:0
29347,12652,The Bureau: XCOM Declassified,504,65,10:0:0,14:0:0,18:0:0,13:0:0
29378,14481,Blackguards,71,65,40:0:0,44:0:0,56:0:0,43:0:0
29430,27763,Jagged Alliance Online,0,0,0:0:0,0:0:0,0:0:0,0:0:0
29434,46329,Dark Castle,5,70,0:15:0,0:30:0,0:39:0,0:29:0
29681,6875,Painkiller: Hell & Damnation,106,65,5:0:0,11:0:0,26:0:0,7:0:0
29682,6875,Painkiller: Hell & Damnation,106,65,5:0:0,11:0:0,26:0:0,7:0:0
29684,6875,Painkiller: Hell & Damnation,106,65,5:0:0,11:0:0,26:0:0,7:0:0
29685,6875,Painkiller: Hell & Damnation,106,65,5:0:0,11:0:0,26:0:0,7:0:0
29686,6875,Painkiller: Hell & Damnation,106,65,5:0:0,11:0:0,26:0:0,7:0:0
29705,24056,Vulture for NetHack,3,0,3:0:0,16:0:0,47:0:0,19:0:0
29717,83884,The Cave of Fire,12,70,1:0:0,2:0:0,3:0:0,2:0:0
29717,83913,The Mirror of Spirits,11,75,0:48:0,2:0:0,2:0:0,1:0:0
29710,13434,Pillars of Eternity,858,80,36:0:0,64:0:0,109:0:0,66:0:0
29736,6240,Mount & Blade: Warband,184,80,74:0:0,110:0:0,235:0:0,119:0:0
29738,20113,Oddworld: New 'n' Tasty!,250,75,7:0:0,9:0:0,12:0:0,9:0:0
29797,15654,Starpoint Gemini 2,16,65,37:0:0,47:0:0,52:0:0,44:0:0
29799,24022,Subwar 2050,0,0,0:0:0,0:0:0,0:0:0,0:0:0
29826,36971,Satura's Space Adventure,2,90,1:0:0,0:0:0,2:0:0,1:0:0
29851,39006,Inheritance,165,65,1:0:0,1:0:0,3:0:0,1:0:0
29906,24233,LISA: The Painful,340,85,11:0:0,15:0:0,25:0:0,14:0:0
29923,70723,Marketing and Malpractice,1,100,0:0:0,21:0:0,0:0:0,21:0:0
29930,7845,Risen 2: Dark Waters,330,70,26:0:0,34:0:0,47:0:0,35:0:0
29938,7845,Risen 2: Dark Waters,330,70,26:0:0,34:0:0,47:0:0,35:0:0
29967,21618,Lords of the Fallen,533,65,15:0:0,21:0:0,45:0:0,20:0:0
29996,30682,Senran Kagura 2: Waist Deep,1,70,0:39:0,0:0:0,0:0:0,0:39:0
29996,30752,Senran Kagura 2: Hipster,0,0,0:0:0,0:0:0,0:0:0,0:0:0
29996,30753,Senran Kagura 2: Busticated,0,0,0:0:0,0:0:0,0:0:0,0:0:0
30003,10270,The Witcher 3: Wild Hunt,10800,95,51:0:0,104:0:0,174:0:0,103:0:0
30012,11627,Dragon Age: Inquisition,2300,80,47:0:0,87:0:0,129:0:0,88:0:0
30032,43601,Finding Dory,9,55,3:0:0,3:0:0,4:0:0,4:0:0
30032,43876,Marvel Battlegrounds,7,50,1:0:0,2:0:0,4:0:0,3:0:0
30032,30700,Rise Against the Empire,7,70,6:0:0,11:0:0,0:0:0,9:0:0
30032,40563,Inside Out,2,90,2:0:0,0:0:0,19:0:0,10:0:0
30032,41488,Toy Box Takeover,4,65,4:0:0,10:0:0,12:0:0,10:0:0
30032,30701,Twilight of the Republic,10,75,5:0:0,7:0:0,0:0:0,6:0:0
30032,43263,The Force Awakens,1,80,0:0:0,10:0:0,0:0:0,10:0:0
30076,9841,The Dream Machine,48,80,13:0:0,14:0:0,19:0:0,14:0:0
30300,4256,Half-Life: Opposing Force,1200,75,5:0:0,6:0:0,7:0:0,6:0:0
30301,4256,Half-Life: Opposing Force,1200,75,5:0:0,6:0:0,7:0:0,6:0:0
30313,44680,The Ark of Time - Raven's Choice,93,75,2:0:0,2:0:0,3:0:0,2:0:0
30315,21262,Bloodborne,3400,90,33:0:0,44:0:0,76:0:0,47:0:0
30371,14358,Destiny,715,75,12:0:0,71:0:0,551:0:0,76:0:0
30416,9255,StreetPass Mii Plaza,15,70,23:0:0,38:0:0,197:0:0,51:0:0
30417,9255,StreetPass Mii Plaza,15,70,23:0:0,38:0:0,197:0:0,51:0:0
30429,5517,Mafia,499,85,16:0:0,18:0:0,21:0:0,18:0:0
30457,19512,Shovel Knight,2000,85,7:0:0,9:0:0,18:0:0,8:0:0
30534,14358,Destiny,715,75,12:0:0,71:0:0,551:0:0,76:0:0
30535,14358,Destiny,715,75,12:0:0,71:0:0,551:0:0,76:0:0
30538,77274,Germany,1,80,1:0:0,0:0:0,0:0:0,1:0:0
30602,127894,Back to the Future Level Pack,0,70,0:0:0,0:0:0,0:0:0,0:0:0
30602,127902,Portal Level Pack,2,70,0:45:0,2:0:0,0:0:0,1:0:0
30602,127905,The Simpsons Level Pack,2,0,1:0:0,2:0:0,0:0:0,1:0:0
30602,127895,Doctor Who Level Pack,0,70,0:0:0,0:0:0,0:0:0,0:0:0
30602,127898,Ghostbusters Level Pack,0,0,0:0:0,0:0:0,0:0:0,0:0:0
30602,127900,Midway Arcade Level Pack,1,0,2:0:0,0:0:0,0:0:0,2:0:0
30602,127893,Adventure Time Level Pack,0,0,0:0:0,0:0:0,0:0:0,0:0:0
30602,127897,Ghostbusters (2016) Story Pack,0,0,0:0:0,0:0:0,0:0:0,0:0:0
30602,127901,Mission: Impossible Level Pack,0,0,0:0:0,0:0:0,0:0:0,0:0:0
30602,127896,Fantastic Beasts Story Pack,0,0,0:0:0,0:0:0,0:0:0,0:0:0
30602,127903,Sonic Level Pack,1,70,0:38:0,0:0:0,0:0:0,0:38:0
30602,127904,The LEGO Batman Movie Story Pack,0,0,0:0:0,0:0:0,0:0:0,0:0:0
30602,127899,Goonies Level Pack,0,0,0:0:0,0:0:0,0:0:0,0:0:0
30662,88902,Schluesselschloss,2,70,0:22:0,0:0:0,0:0:0,0:22:0
30662,88841,Last Stand,3,80,0:22:0,0:50:0,0:0:0,0:30:0
30662,132928,Drachenfels,1,80,2:0:0,0:0:0,0:0:0,2:0:0
30662,114127,Karak Azgaraz,1,85,1:0:0,0:0:0,0:0:0,1:0:0
30662,88628,Death on the Reik,4,75,0:53:0,1:0:0,0:0:0,0:57:0
30663,10548,Total War: Shogun 2,148,80,27:0:0,70:0:0,216:0:0,52:0:0
30682,29996,Senran Kagura 2: Deep Crimson,30,70,11:0:0,19:0:0,30:0:0,15:0:0
30700,30032,Disney Infinity 3.0,18,70,5:0:0,12:0:0,16:0:0,9:0:0
30701,30032,Disney Infinity 3.0,18,70,5:0:0,12:0:0,16:0:0,9:0:0
30717,30866,Episode 1,5,65,3:0:0,0:0:0,7:0:0,3:0:0
30717,30880,Episode 2,0,0,0:0:0,0:0:0,0:0:0,0:0:0
30717,30881,Episode 3,0,0,0:0:0,0:0:0,0:0:0,0:0:0
30721,17507,Trials Fusion,152,70,7:0:0,23:0:0,89:0:0,12:0:0
30738,18005,Batman: Arkham Knight,3700,85,17:0:0,31:0:0,51:0:0,31:0:0
30752,29996,Senran Kagura 2: Deep Crimson,30,70,11:0:0,19:0:0,30:0:0,15:0:0
30753,29996,Senran Kagura 2: Deep Crimson,30,70,11:0:0,19:0:0,30:0:0,15:0:0
30781,12804,Hammerwatch,119,70,9:0:0,14:0:0,31:0:0,13:0:0
30791,3220,EverQuest,8,85,530:0:0,843:0:0,0:0:0,672:0:0
30866,30717,Albino Lullaby,0,0,0:0:0,0:0:0,0:0:0,0:0:0
30880,30717,Albino Lullaby,0,0,0:0:0,0:0:0,0:0:0,0:0:0
30881,30717,Albino Lullaby,0,0,0:0:0,0:0:0,0:0:0,0:0:0
30914,30915,Episode 1: The Order of the Stone,70,70,2:0:0,2:0:0,2:0:0,2:0:0
30914,30916,Episode 2: Assembly Required,42,70,1:0:0,1:0:0,1:0:0,1:0:0
30914,30917,Episode 3: The Last Place You Look,35,70,1:0:0,1:0:0,1:0:0,1:0:0
30914,30918,Episode 4: A Block and a Hard Place,35,70,2:0:0,2:0:0,2:0:0,2:0:0
30914,30919,Episode 5: Order Up!,30,70,2:0:0,2:0:0,2:0:0,2:0:0
30914,37866,Episode 6: A Portal to Mystery,29,65,2:0:0,2:0:0,2:0:0,2:0:0
30914,38957,Episode 7: Access Denied,27,70,2:0:0,2:0:0,2:0:0,2:0:0
30914,40007,Episode 8: A Journey's End?,29,70,1:0:0,2:0:0,2:0:0,2:0:0
30915,30914,Minecraft: Story Mode,288,70,12:0:0,14:0:0,15:0:0,13:0:0
30916,30914,Minecraft: Story Mode,288,70,12:0:0,14:0:0,15:0:0,13:0:0
30917,30914,Minecraft: Story Mode,288,70,12:0:0,14:0:0,15:0:0,13:0:0
30918,30914,Minecraft: Story Mode,288,70,12:0:0,14:0:0,15:0:0,13:0:0
30919,30914,Minecraft: Story Mode,288,70,12:0:0,14:0:0,15:0:0,13:0:0
30921,21390,Sid Meier's Civilization: Beyond Earth,82,65,17:0:0,49:0:0,75:0:0,33:0:0
30923,30924,DLC,0,0,0:0:0,0:0:0,0:0:0,0:0:0
30924,30923,The Secret of Tremendous Corporation,18,50,0:42:0,0:46:0,0:48:0,0:46:0
30957,44999,One More Fight,20,70,0:56:0,0:0:0,5:0:0,1:0:0
30976,2486,Deus Ex,944,90,23:0:0,29:0:0,39:0:0,28:0:0
31136,9782,The Binding of Isaac: Rebirth,593,85,6:0:0,97:0:0,348:0:0,121:0:0
31415,11045,"Warhammer 40,000: Dawn of War II - Retribution",158,75,9:0:0,14:0:0,47:0:0,13:0:0
31804,42454,Adventure Time: Artifact Checking,1,70,2:0:0,0:0:0,0:0:0,2:0:0
31810,6515,Neverwinter Nights,87,80,51:0:0,62:0:0,78:0:0,62:0:0
31910,31911,Void & Meddler,1,40,0:0:0,0:0:0,4:0:0,4:0:0
31911,31910,Episode 1,5,60,2:0:0,2:0:0,3:0:0,2:0:0
31911,45093,Episode 2,2,0,2:0:0,7:0:0,0:0:0,4:0:0
31911,45092,Episode 3,0,0,0:0:0,0:0:0,0:0:0,0:0:0
32056,265,Age of Conan: Unchained,8,65,119:0:0,222:0:0,0:0:0,146:0:0
32102,37984,Shadow Ninja: Endless Runner,0,0,0:0:0,0:0:0,0:0:0,0:0:0
32166,14306,Vanguard Princess,23,55,0:42:0,2:0:0,2:0:0,0:54:0
32204,11250,Wolfenstein 3D,246,75,6:0:0,10:0:0,11:0:0,8:0:0
32206,11250,Wolfenstein 3D,246,75,6:0:0,10:0:0,11:0:0,8:0:0
32248,83709,Drawn Below,1,60,0:0:0,0:0:0,2:0:0,2:0:0
32399,24662,Dreamfall Chapters,206,75,22:0:0,25:0:0,35:0:0,25:0:0
32550,3220,EverQuest,8,85,530:0:0,843:0:0,0:0:0,672:0:0
32607,12654,Final Fantasy XIV,442,80,100:0:0,312:0:0,3347:0:0,246:0:0
32609,12654,Final Fantasy XIV,442,80,100:0:0,312:0:0,3347:0:0,246:0:0
32610,12654,Final Fantasy XIV,442,80,100:0:0,312:0:0,3347:0:0,246:0:0
32611,12654,Final Fantasy XIV,442,80,100:0:0,312:0:0,3347:0:0,246:0:0
32612,12654,Final Fantasy XIV,442,80,100:0:0,312:0:0,3347:0:0,246:0:0
32724,18854,Tropico 5,91,70,22:0:0,38:0:0,103:0:0,30:0:0
32752,14121,Hearthstone: Heroes of Warcraft,45,75,37:0:0,80:0:0,524:0:0,95:0:0
32754,14121,Hearthstone: Heroes of Warcraft,45,75,37:0:0,80:0:0,524:0:0,95:0:0
32756,24348,Republique,66,65,12:0:0,15:0:0,21:0:0,14:0:0
32976,131577,Downpour,15,95,59:0:0,79:0:0,160:0:0,104:0:0
33003,3088,Elite: Dangerous,53,75,110:0:0,254:0:0,630:0:0,260:0:0
33027,42217,Trial by Fire,9,55,41:0:0,62:0:0,65:0:0,52:0:0
33162,9137,Star Wars: The Old Republic,73,75,81:0:0,194:0:0,890:0:0,174:0:0
33170,18005,Batman: Arkham Knight,3700,85,17:0:0,31:0:0,51:0:0,31:0:0
33196,5561,Collection,0,0,0:0:0,0:0:0,0:0:0,0:0:0
33210,105565,Earth Defense Force 4.1 - Blood Storm,0,0,0:0:0,0:0:0,0:0:0,0:0:0
33210,67294,Earth Defense Force 4.1 - Mission Pack 1: Time of the Mutants,0,70,0:0:0,0:0:0,0:0:0,0:0:0
33210,67325,Earth Defense Force 4.1 - Mission Pack 2: Extreme Battle,0,0,0:0:0,0:0:0,0:0:0,0:0:0
33266,28543,King's Quest,92,75,19:0:0,21:0:0,22:0:0,20:0:0
33294,33295,Wild Creatures,1,70,11:0:0,0:0:0,0:0:0,11:0:0
33295,33294,Wildlife Park,2,65,23:0:0,0:0:0,0:0:0,23:0:0
33296,17567,Age of Wonders III,43,65,27:0:0,74:0:0,147:0:0,47:0:0
33351,18005,Batman: Arkham Knight,3700,85,17:0:0,31:0:0,51:0:0,31:0:0
33352,18005,Batman: Arkham Knight,3700,85,17:0:0,31:0:0,51:0:0,31:0:0
33533,936,Battlefield 2142,15,75,14:0:0,18:0:0,30:0:0,16:0:0
33550,26954,Backpacker 3,0,55,0:0:0,0:0:0,0:0:0,0:0:0
33551,26954,Backpacker 3,0,55,0:0:0,0:0:0,0:0:0,0:0:0
33561,15539,Hero Siege,75,65,9:0:0,28:0:0,85:0:0,18:0:0
33605,14121,Hearthstone: Heroes of Warcraft,45,75,37:0:0,80:0:0,524:0:0,95:0:0
33621,2701,Doom,860,80,5:0:0,7:0:0,10:0:0,6:0:0
33660,10270,The Witcher 3: Wild Hunt,10800,95,51:0:0,104:0:0,174:0:0,103:0:0
33661,26706,Assassin's Creed: Syndicate,2300,75,19:0:0,33:0:0,55:0:0,33:0:0
33662,36373,Episode 1: In Too Deep,78,70,1:0:0,1:0:0,2:0:0,1:0:0
33662,36342,Episode 2: Give No Shelter,68,70,1:0:0,1:0:0,1:0:0,1:0:0
33662,36374,Episode 3: What We Deserve,66,70,1:0:0,1:0:0,1:0:0,1:0:0
33705,21252,Dying Light,2500,80,18:0:0,36:0:0,63:0:0,31:0:0
33764,24008,Penumbra: Necrologue,16,70,10:0:0,11:0:0,13:0:0,11:0:0
33836,40907,Apollo Justice - Asinine Attorney,20,75,0:29:0,0:35:0,0:35:0,0:35:0
33836,42958,Phoenix Wright - Asinine Attorney,16,70,0:20:0,0:24:0,0:27:0,0:26:0
33836,40247,Turnabout Time Traveler,43,70,5:0:0,6:0:0,6:0:0,6:0:0
33942,75811,Doom II: Unofficial WADs,0,85,0:0:0,0:0:0,0:0:0,0:0:0
33952,50311,The Escape,0,0,0:0:0,0:0:0,0:0:0,0:0:0
33962,19266,Rise of the Tomb Raider,4600,80,13:0:0,22:0:0,35:0:0,20:0:0
33966,1177,Blood,104,85,10:0:0,12:0:0,21:0:0,11:0:0
34000,50401,Cicini's Halloween!,1,90,0:45:0,0:0:0,0:0:0,0:45:0
34000,73948,Is the order a DLC?,2,95,3:0:0,5:0:0,0:0:0,4:0:0
34002,47985,"Faster, Baby!",53,65,2:0:0,3:0:0,5:0:0,3:0:0
34002,47966,Stones Unturned,51,70,2:0:0,3:0:0,3:0:0,3:0:0
34002,47983,Sign of the Times,58,70,3:0:0,3:0:0,4:0:0,3:0:0
34010,2701,Doom,860,80,5:0:0,7:0:0,10:0:0,6:0:0
34011,12654,Final Fantasy XIV,442,80,100:0:0,312:0:0,3347:0:0,246:0:0
34012,12654,Final Fantasy XIV,442,80,100:0:0,312:0:0,3347:0:0,246:0:0
34056,655,Assassin's Creed III,2600,70,16:0:0,31:0:0,56:0:0,27:0:0
34139,36590,Shikamaru's Tale Extra Scenario Pack,8,60,1:0:0,2:0:0,2:0:0,2:0:0
34139,36589,Gaara's Tale Extra Scenario Pack,7,60,2:0:0,2:0:0,3:0:0,2:0:0
34206,75811,Doom II: Unofficial WADs,0,85,0:0:0,0:0:0,0:0:0,0:0:0
34213,28017,Shadowrun: Hong Kong,249,75,21:0:0,31:0:0,45:0:0,31:0:0
34250,18192,Chronicles of a Dark Lord: Episode 1 - Tides of Fate,1,0,18:0:0,0:0:0,0:0:0,18:0:0
34250,25822,Chronicles of a Dark Lord: Episode 2 - War of The Abyss,0,0,0:0:0,0:0:0,0:0:0,0:0:0
34457,92199,Call Of The Beastmen,3,60,6:0:0,13:0:0,0:0:0,7:0:0
34597,4442,Hexen,71,70,10:0:0,11:0:0,12:0:0,11:0:0
34600,4409,Heretic,68,75,8:0:0,8:0:0,8:0:0,8:0:0
34629,7452,Quake,671,80,5:0:0,8:0:0,16:0:0,7:0:0
34642,13434,Pillars of Eternity,858,80,36:0:0,64:0:0,109:0:0,66:0:0
34700,22765,Everlasting Summer,257,75,7:0:0,14:0:0,28:0:0,16:0:0
34714,28976,Microcosmum: Survival of Cells,8,70,5:0:0,8:0:0,10:0:0,8:0:0
34800,2701,Doom,860,80,5:0:0,7:0:0,10:0:0,6:0:0
34803,20633,Risen 3: Titan Lords,232,70,25:0:0,41:0:0,54:0:0,42:0:0
34804,20633,Risen 3: Titan Lords,232,70,25:0:0,41:0:0,54:0:0,42:0:0
34835,17581,Monument Valley,618,80,1:0:0,2:0:0,3:0:0,2:0:0
34848,4395,Hell Yeah! Wrath of the Dead Rabbit,206,65,7:0:0,9:0:0,10:0:0,9:0:0
34850,21248,Borderlands: The Pre-Sequel!,1300,70,18:0:0,30:0:0,58:0:0,27:0:0
34904,75811,Doom II: Unofficial WADs,0,85,0:0:0,0:0:0,0:0:0,0:0:0
34931,103498,Broken Chiptunes,0,60,0:0:0,0:0:0,0:0:0,0:0:0
35074,2675,Don't Starve,77,70,29:0:0,69:0:0,103:0:0,48:0:0
35528,9138,Star Wars: TIE Fighter,19,85,20:0:0,22:0:0,33:0:0,22:0:0
35563,39339,Narcissu Zero,8,75,3:0:0,3:0:0,4:0:0,3:0:0
35601,28907,Hard West,110,65,12:0:0,22:0:0,29:0:0,19:0:0
35764,48685,VR Experience,4,65,1:0:0,0:0:0,2:0:0,1:0:0
35896,27127,Call of Duty: Black Ops III,798,70,9:0:0,14:0:0,84:0:0,13:0:0
35905,62114,Eightieth Kilometer,2,0,0:25:0,0:0:0,0:0:0,0:25:0
35939,11251,Wolfenstein 3D: Spear of Destiny,93,65,4:0:0,8:0:0,8:0:0,5:0:0
35940,11251,Wolfenstein 3D: Spear of Destiny,93,65,4:0:0,8:0:0,8:0:0,5:0:0
35944,26831,Hitman,1600,80,11:0:0,24:0:0,90:0:0,18:0:0
35945,26831,Hitman,1600,80,11:0:0,24:0:0,90:0:0,18:0:0
35946,26831,Hitman,1600,80,11:0:0,24:0:0,90:0:0,18:0:0
35947,26831,Hitman,1600,80,11:0:0,24:0:0,90:0:0,18:0:0
35948,26831,Hitman,1600,80,11:0:0,24:0:0,90:0:0,18:0:0
35951,4248,Half-Life 2,4500,90,13:0:0,16:0:0,19:0:0,14:0:0
36153,26729,Fallout 4,3400,75,27:0:0,82:0:0,160:0:0,79:0:0
36217,24348,Republique,66,65,12:0:0,15:0:0,21:0:0,14:0:0
36244,21203,Project Spark,11,60,2:0:0,37:0:0,74:0:0,12:0:0
36331,19310,Far Cry 4,2800,75,18:0:0,31:0:0,47:0:0,31:0:0
36332,19310,Far Cry 4,2800,75,18:0:0,31:0:0,47:0:0,31:0:0
36333,19310,Far Cry 4,2800,75,18:0:0,31:0:0,47:0:0,31:0:0
36334,19310,Far Cry 4,2800,75,18:0:0,31:0:0,47:0:0,31:0:0
36335,19310,Far Cry 4,2800,75,18:0:0,31:0:0,47:0:0,31:0:0
36342,33662,The Walking Dead: Michonne,867,70,4:0:0,4:0:0,4:0:0,4:0:0
36373,33662,The Walking Dead: Michonne,867,70,4:0:0,4:0:0,4:0:0,4:0:0
36374,33662,The Walking Dead: Michonne,867,70,4:0:0,4:0:0,4:0:0,4:0:0
36390,94346,Gates of Hell: Ostfront,2,85,0:0:0,0:0:0,111:0:0,111:0:0
36477,11360,X Rebirth,3,60,15:0:0,118:0:0,0:0:0,62:0:0
36489,19266,Rise of the Tomb Raider,4600,80,13:0:0,22:0:0,35:0:0,20:0:0
36537,26334,Senran Kagura: Estival Versus,125,70,16:0:0,31:0:0,41:0:0,30:0:0
36570,6296,My Girlfriend Is the President,6,70,8:0:0,26:0:0,28:0:0,23:0:0
36589,34139,Naruto Shippuden: Ultimate Ninja Storm 4,552,80,9:0:0,19:0:0,39:0:0,15:0:0
36590,34139,Naruto Shippuden: Ultimate Ninja Storm 4,552,80,9:0:0,19:0:0,39:0:0,15:0:0
36599,8484,Shogun: Total War,15,80,17:0:0,25:0:0,50:0:0,20:0:0
36714,26334,Senran Kagura: Estival Versus,125,70,16:0:0,31:0:0,41:0:0,30:0:0
36760,28976,Microcosmum: Survival of Cells,8,70,5:0:0,8:0:0,10:0:0,8:0:0
36761,28976,Microcosmum: Survival of Cells,8,70,5:0:0,8:0:0,10:0:0,8:0:0
36797,4247,Half-Life,2900,85,12:0:0,14:0:0,15:0:0,13:0:0
36798,4247,Half-Life,2900,85,12:0:0,14:0:0,15:0:0,13:0:0
36861,100416,Guardians Campaign,1,60,5:0:0,0:0:0,0:0:0,5:0:0
36904,73382,The Hurricane of the Varstray: Threat of Third Force,1,0,0:15:0,0:0:0,0:0:0,0:15:0
36919,9155,StarCraft II: Wings of Liberty,390,85,18:0:0,22:0:0,51:0:0,21:0:0
36936,46360,Dragon of the North,34,80,7:0:0,10:0:0,12:0:0,9:0:0
36936,47796,Defiant Honor,30,80,5:0:0,9:0:0,15:0:0,7:0:0
36936,50087,Bloodshed's End,28,80,5:0:0,10:0:0,16:0:0,8:0:0
36970,24012,SteamWorld Heist,674,80,12:0:0,17:0:0,21:0:0,16:0:0
36971,29826,Runbow,41,70,3:0:0,7:0:0,14:0:0,5:0:0
36973,2511,Diablo,368,80,13:0:0,17:0:0,29:0:0,17:0:0
36980,39738,Supercharger Pack,0,70,0:0:0,0:0:0,0:0:0,0:0:0
36980,55170,Tropical Ice Pack,0,70,0:0:0,0:0:0,0:0:0,0:0:0
36982,2701,Doom,860,80,5:0:0,7:0:0,10:0:0,6:0:0
37080,22705,Episode 1 - Where the Dead Lie,50,60,2:0:0,2:0:0,3:0:0,2:0:0
37080,26577,Episode 2 - From The Ashes,20,70,1:0:0,2:0:0,3:0:0,2:0:0
37080,37358,Episode 3 - Devil in The Detail,16,60,1:0:0,2:0:0,3:0:0,2:0:0
37116,28543,King's Quest,92,75,19:0:0,21:0:0,22:0:0,20:0:0
37174,23587,Hare in the Hat,16,60,1:0:0,2:0:0,2:0:0,2:0:0
37220,40656,Special Demo Version,62,65,0:59:0,2:0:0,2:0:0,2:0:0
37328,26729,Fallout 4,3400,75,27:0:0,82:0:0,160:0:0,79:0:0
37358,37080,The Detail,26,60,4:0:0,6:0:0,9:0:0,5:0:0
37359,38281,Worlds Adrift,0,0,0:0:0,0:0:0,0:0:0,0:0:0
37477,5738,Max Payne 2: The Fall of Max Payne,1200,85,6:0:0,8:0:0,9:0:0,7:0:0
37569,18005,Batman: Arkham Knight,3700,85,17:0:0,31:0:0,51:0:0,31:0:0
37577,18220,Call of Duty: Advanced Warfare,1100,70,7:0:0,10:0:0,18:0:0,8:0:0
37578,18220,Call of Duty: Advanced Warfare,1100,70,7:0:0,10:0:0,18:0:0,8:0:0
37579,18220,Call of Duty: Advanced Warfare,1100,70,7:0:0,10:0:0,18:0:0,8:0:0
37580,18220,Call of Duty: Advanced Warfare,1100,70,7:0:0,10:0:0,18:0:0,8:0:0
37601,27127,Call of Duty: Black Ops III,798,70,9:0:0,14:0:0,84:0:0,13:0:0
37648,21117,Tales of Zestiria,716,70,42:0:0,58:0:0,134:0:0,54:0:0
37804,102227,The Slaves' Fortress,1,0,0:0:0,0:0:0,0:48:0,0:48:0
37804,102229,The Spider God,1,0,0:0:0,0:0:0,2:0:0,2:0:0
37810,44069,Revolutionary's Edition,0,0,0:0:0,0:0:0,0:0:0,0:0:0
37810,44070,Role Playing Game,0,0,0:0:0,0:0:0,0:0:0,0:0:0
37836,46471,Guilty Gear Xrd REV 2,19,80,3:0:0,17:0:0,90:0:0,15:0:0
37861,47258,Human Conditions,51,70,3:0:0,4:0:0,9:0:0,4:0:0
37861,47259,No Compromise,48,70,1:0:0,1:0:0,2:0:0,1:0:0
37866,30914,Minecraft: Story Mode,288,70,12:0:0,14:0:0,15:0:0,13:0:0
37867,102187,Vikings Scenario Pack,1,60,8:0:0,0:0:0,0:0:0,8:0:0
37867,103326,Poland Civilization & Scenario Pack,1,0,26:0:0,0:0:0,0:0:0,26:0:0
37867,65722,Rise and Fall,8,85,17:0:0,21:0:0,0:0:0,18:0:0
37867,64970,Gathering Storm,10,85,20:0:0,23:0:0,0:0:0,22:0:0
37883,39289,The Red Odyssey,0,80,0:0:0,0:0:0,0:0:0,0:0:0
37892,11286,World of Warcraft,135,85,518:0:0,1308:0:0,5574:0:0,1414:0:0
37893,12193,Age of Empires II: HD Edition,77,85,32:0:0,83:0:0,130:0:0,66:0:0
37896,3661,Forza Horizon,274,85,16:0:0,21:0:0,28:0:0,20:0:0
37912,622,Army of Two,191,65,7:0:0,7:0:0,11:0:0,7:0:0
37984,32102,Shadow Ninja: Apocalypse,2,0,1:0:0,0:0:0,0:0:0,1:0:0
37985,60931,Operation: Spearbreaker,20,70,2:0:0,3:0:0,0:0:0,2:0:0
37985,59330,Awakening the Nightmare,21,75,4:0:0,5:0:0,0:0:0,4:0:0
38019,46967,The Master Trials,158,80,4:0:0,7:0:0,8:0:0,7:0:0
38019,46968,The Champions' Ballad,269,85,10:0:0,12:0:0,13:0:0,12:0:0
38029,56051,3C3C1D119440927,29,75,3:0:0,3:0:0,4:0:0,3:0:0
38051,49131,Banned Footage Vol. 1,75,70,1:0:0,2:0:0,5:0:0,2:0:0
38051,49132,Banned Footage Vol. 2,71,70,1:0:0,3:0:0,6:0:0,2:0:0
38051,49134,End of Zoe,248,75,1:0:0,2:0:0,4:0:0,2:0:0
38051,49133,Not a Hero,533,75,1:0:0,2:0:0,3:0:0,2:0:0
38052,41601,Blizzard Mountain,54,80,5:0:0,9:0:0,14:0:0,7:0:0
38052,45488,Hot Wheels,54,80,4:0:0,10:0:0,19:0:0,7:0:0
38054,44862,Frank Rising,22,55,1:0:0,2:0:0,3:0:0,2:0:0
38054,80710,Super Ultra Dead Rising 4 Mini Golf,1,60,0:15:0,0:0:0,0:0:0,0:15:0
38054,62348,Frank's Big Package,5,65,8:0:0,17:0:0,0:0:0,11:0:0
38121,90507,Next Exit,4,65,4:0:0,0:0:0,0:0:0,4:0:0
38123,24662,Dreamfall Chapters,206,75,22:0:0,25:0:0,35:0:0,25:0:0
38141,360,Alien Shooter,117,65,2:0:0,3:0:0,5:0:0,3:0:0
38142,360,Alien Shooter,117,65,2:0:0,3:0:0,5:0:0,3:0:0
38183,9533,Syndicate,23,70,12:0:0,12:0:0,21:0:0,13:0:0
38186,14358,Destiny,715,75,12:0:0,71:0:0,551:0:0,76:0:0
38252,20073,Tom Clancy's The Division,825,70,24:0:0,47:0:0,85:0:0,44:0:0
38253,20073,Tom Clancy's The Division,825,70,24:0:0,47:0:0,85:0:0,44:0:0
38281,37359,Island Creator,1,0,5:0:0,0:0:0,0:0:0,5:0:0
38288,26404,Just Cause 3,1300,70,18:0:0,37:0:0,63:0:0,38:0:0
38289,26404,Just Cause 3,1300,70,18:0:0,37:0:0,63:0:0,38:0:0
38419,10195,The Sims 3,96,75,54:0:0,85:0:0,168:0:0,81:0:0
38420,10195,The Sims 3,96,75,54:0:0,85:0:0,168:0:0,81:0:0
38421,10195,The Sims 3,96,75,54:0:0,85:0:0,168:0:0,81:0:0
38422,10195,The Sims 3,96,75,54:0:0,85:0:0,168:0:0,81:0:0
38426,10195,The Sims 3,96,75,54:0:0,85:0:0,168:0:0,81:0:0
38427,10195,The Sims 3,96,75,54:0:0,85:0:0,168:0:0,81:0:0
38428,10195,The Sims 3,96,75,54:0:0,85:0:0,168:0:0,81:0:0
38458,7452,Quake,671,80,5:0:0,8:0:0,16:0:0,7:0:0
38589,20253,Sacred 3,49,55,9:0:0,10:0:0,17:0:0,10:0:0
38591,10195,The Sims 3,96,75,54:0:0,85:0:0,168:0:0,81:0:0
38593,20253,Sacred 3,49,55,9:0:0,10:0:0,17:0:0,10:0:0
38598,8791,Sonic the Hedgehog 4: Episode 1,213,50,3:0:0,4:0:0,6:0:0,3:0:0
38671,578,ARMA 3,64,70,19:0:0,43:0:0,113:0:0,29:0:0
38762,7452,Quake,671,80,5:0:0,8:0:0,16:0:0,7:0:0
38765,75811,Doom II: Unofficial WADs,0,85,0:0:0,0:0:0,0:0:0,0:0:0
38766,75811,Doom II: Unofficial WADs,0,85,0:0:0,0:0:0,0:0:0,0:0:0
38767,7452,Quake,671,80,5:0:0,8:0:0,16:0:0,7:0:0
38768,9150,StarCraft,191,85,25:0:0,27:0:0,32:0:0,27:0:0
38769,9150,StarCraft,191,85,25:0:0,27:0:0,32:0:0,27:0:0
38770,7452,Quake,671,80,5:0:0,8:0:0,16:0:0,7:0:0
38774,7452,Quake,671,80,5:0:0,8:0:0,16:0:0,7:0:0
38801,39010,Episode 1: Realm of Shadows,141,75,2:0:0,2:0:0,2:0:0,2:0:0
38801,39043,Episode 2: Children of Arkham,112,75,1:0:0,1:0:0,1:0:0,1:0:0
38801,39044,Episode 3: New World Order,105,75,2:0:0,2:0:0,2:0:0,2:0:0
38801,39045,Episode 4: Guardian of Gotham,103,75,1:0:0,1:0:0,2:0:0,1:0:0
38801,39046,Episode 5: City of Lights,100,75,1:0:0,2:0:0,2:0:0,2:0:0
38808,75811,Doom II: Unofficial WADs,0,85,0:0:0,0:0:0,0:0:0,0:0:0
38814,75811,Doom II: Unofficial WADs,0,85,0:0:0,0:0:0,0:0:0,0:0:0
38815,7452,Quake,671,80,5:0:0,8:0:0,16:0:0,7:0:0
38891,120090,Upgrade Pack,0,0,0:0:0,0:0:0,0:0:0,0:0:0
38904,26729,Fallout 4,3400,75,27:0:0,82:0:0,160:0:0,79:0:0
38916,91094,Encore,16,85,4:0:0,4:0:0,4:0:0,4:0:0
38944,75811,Doom II: Unofficial WADs,0,85,0:0:0,0:0:0,0:0:0,0:0:0
38957,30914,Minecraft: Story Mode,288,70,12:0:0,14:0:0,15:0:0,13:0:0
39006,29851,Layers of Fear,1100,70,3:0:0,5:0:0,11:0:0,4:0:0
39010,38801,Batman: The Telltale Series,1600,75,8:0:0,9:0:0,9:0:0,9:0:0
39030,56236,The Lost Morsel,28,70,0:57:0,1:0:0,2:0:0,1:0:0
39030,42134,Festive Seasoning,37,80,1:0:0,2:0:0,2:0:0,2:0:0
39043,38801,Batman: The Telltale Series,1600,75,8:0:0,9:0:0,9:0:0,9:0:0
39044,38801,Batman: The Telltale Series,1600,75,8:0:0,9:0:0,9:0:0,9:0:0
39045,38801,Batman: The Telltale Series,1600,75,8:0:0,9:0:0,9:0:0,9:0:0
39046,38801,Batman: The Telltale Series,1600,75,8:0:0,9:0:0,9:0:0,9:0:0
39085,75811,Doom II: Unofficial WADs,0,85,0:0:0,0:0:0,0:0:0,0:0:0
39258,10300,Thief: The Dark Project,25,85,13:0:0,23:0:0,33:0:0,17:0:0
39259,15872,The Dark Mod,0,0,0:0:0,0:0:0,0:0:0,0:0:0
39260,15872,The Dark Mod,0,0,0:0:0,0:0:0,0:0:0,0:0:0
39289,37883,BattleZone 98 Redux,5,90,19:0:0,26:0:0,0:0:0,21:0:0
39339,35563,Narcissu: 10th Anniversary Anthology Project,17,70,10:0:0,16:0:0,20:0:0,15:0:0
39359,10830,Unreal Tournament,92,85,11:0:0,21:0:0,25:0:0,14:0:0
39377,10300,Thief: The Dark Project,25,85,13:0:0,23:0:0,33:0:0,17:0:0
39396,9859,The Elder Scrolls V: Skyrim,4300,85,35:0:0,109:0:0,234:0:0,114:0:0
39417,100638,Secrets of the Maw,39,70,3:0:0,4:0:0,4:0:0,4:0:0
39417,47523,The Depths,147,70,1:0:0,1:0:0,1:0:0,1:0:0
39417,50506,The Hideaway,133,70,1:0:0,1:0:0,1:0:0,1:0:0
39417,53485,The Residence,131,75,1:0:0,1:0:0,1:0:0,1:0:0
39475,11101,Watch Dogs,2100,70,20:0:0,33:0:0,62:0:0,28:0:0
39474,11101,Watch Dogs,2100,70,20:0:0,33:0:0,62:0:0,28:0:0
39476,11101,Watch Dogs,2100,70,20:0:0,33:0:0,62:0:0,28:0:0
39530,27836,Waste Walkers,6,60,14:0:0,25:0:0,29:0:0,18:0:0
39589,10298,Thief II: The Metal Age,181,85,20:0:0,27:0:0,37:0:0,25:0:0
39668,50984,The Only Traitor,29,70,2:0:0,3:0:0,8:0:0,3:0:0
39673,26729,Fallout 4,3400,75,27:0:0,82:0:0,160:0:0,79:0:0
39674,26729,Fallout 4,3400,75,27:0:0,82:0:0,160:0:0,79:0:0
39678,16380,Octodad: Dadliest Catch,594,70,2:0:0,4:0:0,8:0:0,3:0:0
39689,50842,Titan Quest: Ragnarök,33,75,9:0:0,13:0:0,13:0:0,13:0:0
39689,67313,Titan Quest: Atlantis,22,70,5:0:0,5:0:0,8:0:0,6:0:0
39689,101565,Titan Quest: Eternal Embers,7,75,15:0:0,21:0:0,26:0:0,21:0:0
39738,36980,Table Top Racing: World Tour,38,65,5:0:0,8:0:0,18:0:0,9:0:0
39802,6796,Orcs Must Die! 2,327,75,8:0:0,20:0:0,41:0:0,15:0:0
39803,6796,Orcs Must Die! 2,327,75,8:0:0,20:0:0,41:0:0,15:0:0
39949,12654,Final Fantasy XIV,442,80,100:0:0,312:0:0,3347:0:0,246:0:0
39955,25014,Dyscourse,69,55,1:0:0,2:0:0,10:0:0,2:0:0
40007,30914,Minecraft: Story Mode,288,70,12:0:0,14:0:0,15:0:0,13:0:0
40064,19268,The Crew,302,70,19:0:0,42:0:0,120:0:0,34:0:0
40148,25434,Deus Ex: Mankind Divided,1800,80,16:0:0,31:0:0,53:0:0,30:0:0
40240,9255,StreetPass Mii Plaza,15,70,23:0:0,38:0:0,197:0:0,51:0:0
40247,33836,Phoenix Wright: Ace Attorney - Spirit of Justice,345,80,35:0:0,39:0:0,44:0:0,38:0:0
40332,28257,Neon Struct,32,70,4:0:0,6:0:0,12:0:0,6:0:0
40342,57491,Nightfall,29,65,3:0:0,4:0:0,6:0:0,4:0:0
40347,68561,DLC,3,0,0:0:0,0:0:0,0:15:0,0:15:0
40354,28543,King's Quest,92,75,19:0:0,21:0:0,22:0:0,20:0:0
40367,25434,Deus Ex: Mankind Divided,1800,80,16:0:0,31:0:0,53:0:0,30:0:0
40497,76174,Kaiju Driving Range,0,60,0:0:0,0:0:0,0:0:0,0:0:0
40520,19266,Rise of the Tomb Raider,4600,80,13:0:0,22:0:0,35:0:0,20:0:0
40524,4901,Jurassic Park: The Game,233,60,7:0:0,7:0:0,9:0:0,7:0:0
40527,4901,Jurassic Park: The Game,233,60,7:0:0,7:0:0,9:0:0,7:0:0
40563,30032,Disney Infinity 3.0,18,70,5:0:0,12:0:0,16:0:0,9:0:0
40656,37220,Pokémon Sun and Moon,1800,75,33:0:0,59:0:0,140:0:0,51:0:0
40715,63041,Target: Fuhrer,25,75,0:38:0,0:56:0,1:0:0,0:46:0
40715,63036,Deathstorm Part 1: Inception,23,65,1:0:0,1:0:0,2:0:0,1:0:0
40715,63039,Deathstorm Part 2: Infiltration,23,70,1:0:0,2:0:0,2:0:0,1:0:0
40715,63040,Deathstorm Part 3: Obliteration,24,70,2:0:0,2:0:0,2:0:0,2:0:0
40747,26803,Dark Souls III,5500,90,32:0:0,48:0:0,100:0:0,50:0:0
40789,42574,Episode One: The Clocks Were Striking Thirteen,5,50,1:0:0,2:0:0,9:0:0,3:0:0
40807,48414,Cubert Friends Skins Pack,0,0,0:0:0,0:0:0,0:0:0,0:0:0
40807,48415,Xmas Skins Pack,0,0,0:0:0,0:0:0,0:0:0,0:0:0
40907,33836,Phoenix Wright: Ace Attorney - Spirit of Justice,345,80,35:0:0,39:0:0,44:0:0,38:0:0
41320,78717,HD Edition Extra Pack,0,0,0:0:0,0:0:0,0:0:0,0:0:0
41447,53546,Lunar Year Puzzle,3,75,0:5:0,0:0:0,0:17:0,0:15:0
41447,130042,Inceptions Puzzle Pack,2,90,1:0:0,0:0:0,2:0:0,1:0:0
41447,130041,Halloween Puzzle Pack,2,90,0:34:0,0:0:0,1:0:0,0:50:0
41447,130040,Christmas Day Puzzle,2,90,0:15:0,0:0:0,0:16:0,0:16:0
41447,71794,Heritages Puzzle Pack,3,90,2:0:0,0:0:0,2:0:0,2:0:0
41467,26831,Hitman,1600,80,11:0:0,24:0:0,90:0:0,18:0:0
41484,42232,Episode 1: Ties That Bind (Part I),80,75,1:0:0,1:0:0,1:0:0,1:0:0
41484,42233,Episode 2: Ties That Bind (Part II),73,75,1:0:0,1:0:0,1:0:0,1:0:0
41484,42234,Episode 3: Above the Law,80,75,1:0:0,2:0:0,2:0:0,2:0:0
41484,45409,Episode 4: Thicker Than Water,71,75,2:0:0,2:0:0,2:0:0,2:0:0
41484,46127,Episode 5: From the Gallows,74,75,1:0:0,1:0:0,1:0:0,1:0:0
41488,30032,Disney Infinity 3.0,18,70,5:0:0,12:0:0,16:0:0,9:0:0
41493,124301,Dead Man,2,0,0:36:0,0:0:0,0:0:0,0:36:0
41493,124277,The Damned,2,0,1:0:0,0:0:0,0:0:0,1:0:0
41585,74075,The Last Autumn,9,90,7:0:0,8:0:0,0:0:0,8:0:0
41585,80309,On The Edge,7,95,4:0:0,5:0:0,0:0:0,5:0:0
41601,38052,Forza Horizon 3,385,85,17:0:0,46:0:0,115:0:0,38:0:0
41728,45183,Episode 1: Tangled Up in Blue,33,70,2:0:0,2:0:0,2:0:0,2:0:0
41728,46318,Episode 2: Under Pressure,29,70,2:0:0,2:0:0,2:0:0,2:0:0
41728,48456,Episode 3: More Than a Feeling,24,70,1:0:0,2:0:0,2:0:0,2:0:0
41728,49809,Episode 4: Who Needs You,26,75,2:0:0,2:0:0,2:0:0,2:0:0
41728,50507,Episode 5: Don't Stop Believin',23,80,2:0:0,2:0:0,2:0:0,2:0:0
41878,62070,Blissful Sleep,14,85,2:0:0,3:0:0,5:0:0,3:0:0
41922,42945,DLC,9,65,0:5:0,0:0:0,0:15:0,0:5:0
41988,28494,Blues and Bullets,25,70,2:0:0,3:0:0,4:0:0,3:0:0
41987,28494,Blues and Bullets,25,70,2:0:0,3:0:0,4:0:0,3:0:0
42106,54864,Rise of the Goblins,2,75,4:0:0,6:0:0,0:0:0,5:0:0
42106,82064,Rise of the Goblins Deck 2,0,0,0:0:0,0:0:0,0:0:0,0:0:0
42130,19268,The Crew,302,70,19:0:0,42:0:0,120:0:0,34:0:0
42134,39030,Overcooked,622,80,8:0:0,10:0:0,12:0:0,10:0:0
42150,21276,Homefront: The Revolution,307,60,12:0:0,19:0:0,32:0:0,17:0:0
42151,21276,Homefront: The Revolution,307,60,12:0:0,19:0:0,32:0:0,17:0:0
42217,33027,Might & Magic: Heroes VII,25,65,61:0:0,146:0:0,186:0:0,115:0:0
42232,41484,The Walking Dead: A New Frontier,1100,70,8:0:0,8:0:0,8:0:0,8:0:0
42233,41484,The Walking Dead: A New Frontier,1100,70,8:0:0,8:0:0,8:0:0,8:0:0
42234,41484,The Walking Dead: A New Frontier,1100,70,8:0:0,8:0:0,8:0:0,8:0:0
42239,6515,Neverwinter Nights,87,80,51:0:0,62:0:0,78:0:0,62:0:0
42454,31804,Adventure Time: Finn & Jake Investigations,28,60,9:0:0,9:0:0,9:0:0,9:0:0
42487,17536,Goat Simulator,372,60,2:0:0,6:0:0,11:0:0,6:0:0
42489,17536,Goat Simulator,372,60,2:0:0,6:0:0,11:0:0,6:0:0
42532,93422,The Battle of Steeltown,12,70,6:0:0,8:0:0,10:0:0,8:0:0
42532,98901,Cult of the Holy Detonation,7,70,7:0:0,9:0:0,14:0:0,10:0:0
42533,17536,Goat Simulator,372,60,2:0:0,6:0:0,11:0:0,6:0:0
42572,11718,Muramasa Rebirth,224,80,11:0:0,22:0:0,34:0:0,16:0:0
42574,40789,Orwell,931,75,5:0:0,6:0:0,10:0:0,5:0:0
42633,4154,Guild Wars 2,86,80,88:0:0,254:0:0,1877:0:0,322:0:0
42641,9782,The Binding of Isaac: Rebirth,593,85,6:0:0,97:0:0,348:0:0,121:0:0
42649,28543,King's Quest,92,75,19:0:0,21:0:0,22:0:0,20:0:0
42651,4028,Gothic II,67,90,45:0:0,52:0:0,68:0:0,52:0:0
42673,11718,Muramasa Rebirth,224,80,11:0:0,22:0:0,34:0:0,16:0:0
42674,11718,Muramasa Rebirth,224,80,11:0:0,22:0:0,34:0:0,16:0:0
42675,11718,Muramasa Rebirth,224,80,11:0:0,22:0:0,34:0:0,16:0:0
42771,26478,Rock Band 4,18,80,15:0:0,88:0:0,416:0:0,49:0:0
42818,70169,Chapter 9: Farewell,144,90,10:0:0,12:0:0,13:0:0,11:0:0
42823,43429,DLC,5,90,0:15:0,0:0:0,0:15:0,0:15:0
42832,54689,Octo,200,85,8:0:0,12:0:0,15:0:0,11:0:0
42835,60782,Torna ~ The Golden Country,955,85,17:0:0,25:0:0,38:0:0,24:0:0
42836,116934,Fire Emblem: Shadow Dragon DLC Pack,1,75,0:0:0,13:0:0,0:0:0,13:0:0
42836,64170,Fire Emblem: Awakening DLC Pack,1,75,0:0:0,7:0:0,0:0:0,7:0:0
42836,64171,Fire Emblem: Fates DLC Pack,1,75,0:0:0,8:0:0,0:0:0,8:0:0
42837,19512,Shovel Knight,2000,85,7:0:0,9:0:0,18:0:0,8:0:0
42945,41922,Zup! 2,130,50,0:55:0,0:57:0,1:0:0,0:55:0
42952,2914,Duke Nukem 3D,144,80,9:0:0,11:0:0,13:0:0,10:0:0
42953,75811,Doom II: Unofficial WADs,0,85,0:0:0,0:0:0,0:0:0,0:0:0
42954,75811,Doom II: Unofficial WADs,0,85,0:0:0,0:0:0,0:0:0,0:0:0
42958,33836,Phoenix Wright: Ace Attorney - Spirit of Justice,345,80,35:0:0,39:0:0,44:0:0,38:0:0
42969,25434,Deus Ex: Mankind Divided,1800,80,16:0:0,31:0:0,53:0:0,30:0:0
43039,131236,Band of Bandages,0,0,0:0:0,0:0:0,0:0:0,0:0:0
43039,131235,The Astral Temple,0,0,0:0:0,0:0:0,0:0:0,0:0:0
43039,131237,Wretches and Riches,0,0,0:0:0,0:0:0,0:0:0,0:0:0
43039,131240,Lords of the Grave,0,0,0:0:0,0:0:0,0:0:0,0:0:0
43039,131239,The Inner Sanctum,0,0,0:0:0,0:0:0,0:0:0,0:0:0
43039,131238,Wealth Before Health,0,0,0:0:0,0:0:0,0:0:0,0:0:0
43039,105901,Battle of Zofia Harbor,7,70,0:17:0,0:0:0,0:21:0,0:19:0
43039,105904,Flight from the Ruins,7,70,0:15:0,0:0:0,0:21:0,0:16:0
43039,105902,Outpost Rescue,7,70,0:15:0,0:0:0,0:21:0,0:17:0
43039,105907,Siege of Zofia Castle,7,70,0:31:0,0:0:0,0:35:0,0:33:0
43039,124006,Cipher Legends I,6,75,0:19:0,0:0:0,0:26:0,0:22:0
43039,131241,Cipher Legends II,3,70,0:20:0,0:0:0,0:30:0,0:22:0
43263,30032,Disney Infinity 3.0,18,70,5:0:0,12:0:0,16:0:0,9:0:0
43278,28279,XCOM 2,847,85,33:0:0,48:0:0,79:0:0,44:0:0
43312,20810,Crypt of the NecroDancer,201,75,14:0:0,26:0:0,365:0:0,22:0:0
43358,56464,The Trial of Ren,0,0,0:0:0,0:0:0,0:0:0,0:0:0
43394,65935,Book II,7,55,6:0:0,11:0:0,234:0:0,25:0:0
43394,65936,Book III,3,65,4:0:0,10:0:0,0:0:0,6:0:0
43394,72705,Book IV,7,65,1:0:0,2:0:0,3:0:0,2:0:0
43394,98729,Book V,5,65,2:0:0,3:0:0,0:0:0,2:0:0
43394,106202,Book VI,2,100,2:0:0,0:0:0,0:0:0,2:0:0
43394,120761,Book VII,1,100,2:0:0,0:0:0,0:0:0,2:0:0
43414,94741,Isle of Siptah,0,100,0:0:0,0:0:0,0:0:0,0:0:0
43427,26803,Dark Souls III,5500,90,32:0:0,48:0:0,100:0:0,50:0:0
43429,42823,Zup! 3,120,50,0:56:0,1:0:0,1:0:0,1:0:0
43438,11397,XCOM: Enemy Unknown,1300,85,27:0:0,38:0:0,67:0:0,34:0:0
43480,105835,Booster Course Pass,3,80,6:0:0,0:0:0,33:0:0,24:0:0
43480,106083,Booster Course Pass: Wave 1,49,75,0:29:0,1:0:0,2:0:0,1:0:0
43480,111720,Booster Course Pass: Wave 2,45,80,0:30:0,1:0:0,2:0:0,1:0:0
43480,116794,Booster Course Pass: Wave 3,46,80,0:30:0,1:0:0,2:0:0,1:0:0
43480,124881,Booster Course Pass: Wave 4,39,80,0:29:0,1:0:0,2:0:0,0:54:0
43480,131599,Booster Course Pass: Wave 5,35,80,0:31:0,1:0:0,2:0:0,0:59:0
43480,140502,Booster Course Pass: Wave 6,31,80,0:34:0,2:0:0,2:0:0,1:0:0
43487,26404,Just Cause 3,1300,70,18:0:0,37:0:0,63:0:0,38:0:0
43499,65674,Narco Road,16,60,4:0:0,8:0:0,21:0:0,12:0:0
43499,65675,Fallen Ghosts,17,70,5:0:0,12:0:0,14:0:0,11:0:0
43523,12193,Age of Empires II: HD Edition,77,85,32:0:0,83:0:0,130:0:0,66:0:0
43601,30032,Disney Infinity 3.0,18,70,5:0:0,12:0:0,16:0:0,9:0:0
43633,127624,Medved-Taiga,1,90,0:0:0,40:0:0,0:0:0,40:0:0
43633,127625,Vurhonga Savanna,1,70,9:0:0,0:0:0,0:0:0,9:0:0
43633,127626,Parque Fernando,0,0,0:0:0,0:0:0,0:0:0,0:0:0
43633,127627,Yukon Valley,1,50,11:0:0,0:0:0,0:0:0,11:0:0
43633,127628,Cuatro Colinas Game Reserve,0,0,0:0:0,0:0:0,0:0:0,0:0:0
43633,127629,Silver Ridge Peaks,0,0,0:0:0,0:0:0,0:0:0,0:0:0
43633,127630,Te Awaroa National Park,0,0,0:0:0,0:0:0,0:0:0,0:0:0
43633,127631,Rancho del Arroyo,0,0,0:0:0,0:0:0,0:0:0,0:0:0
43633,127632,Mississippi Acres Preserve,0,0,0:0:0,0:0:0,0:0:0,0:0:0
43633,127633,Revontuli Coast,0,0,0:0:0,0:0:0,0:0:0,0:0:0
43633,127634,New England Mountains,0,0,0:0:0,0:0:0,0:0:0,0:0:0
43852,62016,Beach Pack,21,70,1:0:0,0:0:0,2:0:0,2:0:0
43876,30032,Disney Infinity 3.0,18,70,5:0:0,12:0:0,16:0:0,9:0:0
43894,51209,Expansion I: Curse of Osiris,112,60,3:0:0,7:0:0,17:0:0,5:0:0
43894,56294,Expansion II: Warmind,85,65,2:0:0,6:0:0,53:0:0,6:0:0
43894,60572,Forsaken,115,80,8:0:0,18:0:0,329:0:0,30:0:0
43894,65919,Black Armory,5,75,10:0:0,24:0:0,90:0:0,21:0:0
43894,65920,Joker's Wild,2,70,3:0:0,0:0:0,0:0:0,3:0:0
43894,69475,Shadowkeep,70,70,6:0:0,12:0:0,98:0:0,16:0:0
43894,84960,Beyond Light,88,70,6:0:0,19:0:0,97:0:0,16:0:0
43894,97163,The Witch Queen,79,80,12:0:0,19:0:0,83:0:0,19:0:0
43894,97231,Lightfall,61,60,8:0:0,23:0:0,116:0:0,18:0:0
43894,97232,The Final Shape,25,85,10:0:0,25:0:0,55:0:0,16:0:0
43900,66095,DLC,3,85,0:0:0,0:0:0,0:15:0,0:15:0
44022,57496,Blade of Galadriel,147,70,2:0:0,3:0:0,4:0:0,4:0:0
44022,55724,The Desolation of Mordor,105,75,2:0:0,3:0:0,3:0:0,3:0:0
44045,61331,Beast of Winter,23,80,5:0:0,6:0:0,8:0:0,6:0:0
44045,61357,"Seeker, Slayer, Survivor",21,65,4:0:0,5:0:0,9:0:0,6:0:0
44045,62632,The Forgotten Sanctum,22,80,5:0:0,6:0:0,9:0:0,7:0:0
44069,37810,Disgraced,5,65,5:0:0,6:0:0,6:0:0,6:0:0
44070,37810,Disgraced,5,65,5:0:0,6:0:0,6:0:0,6:0:0
44228,72471,In Fear I Trust - Episode 2: Last Desk,2,0,0:42:0,1:0:0,0:0:0,0:51:0
44228,72472,In Fear I Trust - Episode 3: Rust and Iron,2,0,0:30:0,0:45:0,0:0:0,0:37:0
44228,71996,In Fear I Trust - Episode 4: The Glimpse,2,0,0:30:0,0:0:0,0:50:0,0:40:0
44236,4988,Killzone: Liberation,85,65,8:0:0,10:0:0,37:0:0,10:0:0
44238,21276,Homefront: The Revolution,307,60,12:0:0,19:0:0,32:0:0,17:0:0
44296,44297,Lara at the Movies,0,0,0:0:0,0:0:0,0:0:0,0:0:0
44296,44298,Back to Basics: Catacombs,0,0,0:0:0,0:0:0,0:0:0,0:0:0
44296,44299,Back to Basics: Asia,0,0,0:0:0,0:0:0,0:0:0,0:0:0
44296,44300,Back to Basics: London,0,0,0:0:0,0:0:0,0:0:0,0:0:0
44296,44301,Back to Basics: Peru,0,0,0:0:0,0:0:0,0:0:0,0:0:0
44296,44302,Back to Basics: Classic,0,0,0:0:0,0:0:0,0:0:0,0:0:0
44296,44303,Back to Basics: Venice,0,0,0:0:0,0:0:0,0:0:0,0:0:0
44296,44304,Back to Basics: Steampunk,0,0,0:0:0,0:0:0,0:0:0,0:0:0
44296,44305,Back to Basics: Northern Legends,0,0,0:0:0,0:0:0,0:0:0,0:0:0
44296,44306,Back to Basics: Khmer Empire,0,0,0:0:0,0:0:0,0:0:0,0:0:0
44296,44307,Back to Basics: Greece,0,0,0:0:0,0:0:0,0:0:0,0:0:0
44296,44308,Back to Basics: Persia,0,0,0:0:0,0:0:0,0:0:0,0:0:0
44296,50452,Back To Basics: Space,0,0,0:0:0,0:0:0,0:0:0,0:0:0
44297,44296,Tomb Raider Level Editor,0,85,0:0:0,0:0:0,0:0:0,0:0:0
44298,44296,Tomb Raider Level Editor,0,85,0:0:0,0:0:0,0:0:0,0:0:0
44299,44296,Tomb Raider Level Editor,0,85,0:0:0,0:0:0,0:0:0,0:0:0
44300,44296,Tomb Raider Level Editor,0,85,0:0:0,0:0:0,0:0:0,0:0:0
44301,44296,Tomb Raider Level Editor,0,85,0:0:0,0:0:0,0:0:0,0:0:0
44302,44296,Tomb Raider Level Editor,0,85,0:0:0,0:0:0,0:0:0,0:0:0
44303,44296,Tomb Raider Level Editor,0,85,0:0:0,0:0:0,0:0:0,0:0:0
44304,44296,Tomb Raider Level Editor,0,85,0:0:0,0:0:0,0:0:0,0:0:0
44305,44296,Tomb Raider Level Editor,0,85,0:0:0,0:0:0,0:0:0,0:0:0
44306,44296,Tomb Raider Level Editor,0,85,0:0:0,0:0:0,0:0:0,0:0:0
44307,44296,Tomb Raider Level Editor,0,85,0:0:0,0:0:0,0:0:0,0:0:0
44308,44296,Tomb Raider Level Editor,0,85,0:0:0,0:0:0,0:0:0,0:0:0
44372,1874,Company of Heroes,226,80,19:0:0,27:0:0,80:0:0,23:0:0
44591,65322,Legacy of the Weirdboy,3,0,0:0:0,0:0:0,15:0:0,15:0:0
44591,65323,Sons of Cadia,2,0,25:0:0,0:0:0,36:0:0,30:0:0
44591,65583,Horrors of the Warp,1,0,0:0:0,0:0:0,15:0:0,15:0:0
44590,57509,Mooncrash,134,80,11:0:0,16:0:0,20:0:0,17:0:0
44590,63157,Typhon Hunter,9,65,1:0:0,0:0:0,10:0:0,3:0:0
44657,18810,Drakengard 3,196,70,17:0:0,27:0:0,41:0:0,26:0:0
44680,30313,Gravity Rush 2,444,75,20:0:0,33:0:0,52:0:0,32:0:0
44735,47603,FEMINAZI: Mother Russia,0,0,0:0:0,0:0:0,0:0:0,0:0:0
44780,3537,Final Fantasy XV,2800,75,28:0:0,53:0:0,95:0:0,51:0:0
44823,29225,Hacknet,450,75,7:0:0,9:0:0,11:0:0,9:0:0
44852,80956,The City That Never Sleeps,107,75,6:0:0,9:0:0,12:0:0,9:0:0
44852,61920,The Heist,594,75,2:0:0,3:0:0,4:0:0,3:0:0
44852,61676,Turf Wars,506,70,2:0:0,3:0:0,4:0:0,3:0:0
44852,61675,Silver Lining,473,75,2:0:0,3:0:0,4:0:0,3:0:0
44859,50509,Episode Shadow,70,50,0:20:0,0:30:0,0:41:0,0:23:0
44862,38054,Dead Rising 4,253,65,10:0:0,19:0:0,31:0:0,14:0:0
44889,6875,Painkiller: Hell & Damnation,106,65,5:0:0,11:0:0,26:0:0,7:0:0
44891,4901,Jurassic Park: The Game,233,60,7:0:0,7:0:0,9:0:0,7:0:0
44911,4901,Jurassic Park: The Game,233,60,7:0:0,7:0:0,9:0:0,7:0:0
44914,51708,A Walk in the Park,20,85,3:0:0,5:0:0,10:0:0,5:0:0
44914,63171,"The Good, the Bad and the Augmented",7,60,3:0:0,7:0:0,11:0:0,7:0:0
44999,30957,Furi,793,80,6:0:0,8:0:0,17:0:0,7:0:0
45024,89977,Lost Civilization,2,80,9:0:0,12:0:0,0:0:0,10:0:0
45092,31911,Void & Meddler,1,40,0:0:0,0:0:0,4:0:0,4:0:0
45093,31911,Void & Meddler,1,40,0:0:0,0:0:0,4:0:0,4:0:0
45145,28963,"Warhammer 40,000: Armageddon",13,70,30:0:0,59:0:0,107:0:0,40:0:0
45153,70888,Resurrection,134,65,1:0:0,1:0:0,2:0:0,1:0:0
45165,137872,Octopia,12,75,20:0:0,20:0:0,22:0:0,20:0:0
45183,41728,Guardians of the Galaxy: The Telltale Series,262,70,9:0:0,10:0:0,10:0:0,9:0:0
45277,77750,The Escape of Lydia,10,30,0:19:0,0:22:0,0:45:0,0:26:0
45277,86428,The Sabotage,8,55,3:0:0,4:0:0,4:0:0,4:0:0
45280,4248,Half-Life 2,4500,90,13:0:0,16:0:0,19:0:0,14:0:0
45320,12649,Payday 2,235,70,27:0:0,155:0:0,538:0:0,134:0:0
45327,12649,Payday 2,235,70,27:0:0,155:0:0,538:0:0,134:0:0
45329,12649,Payday 2,235,70,27:0:0,155:0:0,538:0:0,134:0:0
45330,12649,Payday 2,235,70,27:0:0,155:0:0,538:0:0,134:0:0
45331,12649,Payday 2,235,70,27:0:0,155:0:0,538:0:0,134:0:0
45332,12649,Payday 2,235,70,27:0:0,155:0:0,538:0:0,134:0:0
45357,12649,Payday 2,235,70,27:0:0,155:0:0,538:0:0,134:0:0
45361,12649,Payday 2,235,70,27:0:0,155:0:0,538:0:0,134:0:0
45367,63634,An Automaton with a Plan,21,50,0:41:0,0:43:0,0:44:0,0:42:0
45409,41484,The Walking Dead: A New Frontier,1100,70,8:0:0,8:0:0,8:0:0,8:0:0
45481,8440,Shin Megami Tensei: Persona 3,143,90,82:0:0,96:0:0,124:0:0,89:0:0
45488,38052,Forza Horizon 3,385,85,17:0:0,46:0:0,115:0:0,38:0:0
45524,65273,The Crucible,12,55,1:0:0,2:0:0,2:0:0,2:0:0
45524,69219,Keepers of the Void,18,70,4:0:0,4:0:0,4:0:0,4:0:0
45579,814,Baldur's Gate: Enhanced Edition,574,80,31:0:0,53:0:0,93:0:0,53:0:0
45727,95975,Rise of the Giant,4,80,3:0:0,5:0:0,8:0:0,4:0:0
45727,74473,The Bad Seed,10,70,2:0:0,4:0:0,5:0:0,3:0:0
45727,87001,Fatal Falls,6,75,3:0:0,5:0:0,5:0:0,4:0:0
45727,102678,The Queen and the Sea,7,80,3:0:0,0:0:0,3:0:0,3:0:0
45727,118231,Return to Castlevania,21,85,4:0:0,7:0:0,12:0:0,4:0:0
45903,12654,Final Fantasy XIV,442,80,100:0:0,312:0:0,3347:0:0,246:0:0
45904,12654,Final Fantasy XIV,442,80,100:0:0,312:0:0,3347:0:0,246:0:0
45986,21502,Worlds of Magic,0,0,0:0:0,0:0:0,0:0:0,0:0:0
46093,57328,Hours of Darkness,202,65,2:0:0,2:0:0,3:0:0,3:0:0
46093,59241,Lost On Mars,122,60,5:0:0,5:0:0,7:0:0,5:0:0
46093,60370,Dead Living Zombies,96,60,2:0:0,2:0:0,3:0:0,2:0:0
46127,41484,The Walking Dead: A New Frontier,1100,70,8:0:0,8:0:0,8:0:0,8:0:0
46209,14322,Call of Duty: Ghosts,1100,65,6:0:0,8:0:0,13:0:0,7:0:0
46210,14322,Call of Duty: Ghosts,1100,65,6:0:0,8:0:0,13:0:0,7:0:0
46211,14322,Call of Duty: Ghosts,1100,65,6:0:0,8:0:0,13:0:0,7:0:0
46212,14322,Call of Duty: Ghosts,1100,65,6:0:0,8:0:0,13:0:0,7:0:0
46227,941,Battlefield 3,1100,75,6:0:0,12:0:0,66:0:0,8:0:0
46228,941,Battlefield 3,1100,75,6:0:0,12:0:0,66:0:0,8:0:0
46229,941,Battlefield 3,1100,75,6:0:0,12:0:0,66:0:0,8:0:0
46230,941,Battlefield 3,1100,75,6:0:0,12:0:0,66:0:0,8:0:0
46231,941,Battlefield 3,1100,75,6:0:0,12:0:0,66:0:0,8:0:0
46234,1874,Company of Heroes,226,80,19:0:0,27:0:0,80:0:0,23:0:0
46316,102752,The Lost Forest,34,80,0:15:0,0:15:0,0:15:0,0:15:0
46318,41728,Guardians of the Galaxy: The Telltale Series,262,70,9:0:0,10:0:0,10:0:0,9:0:0
46329,29434,Party Hard,270,70,6:0:0,10:0:0,14:0:0,9:0:0
46360,36936,Nioh,554,80,36:0:0,64:0:0,97:0:0,64:0:0
46401,70173,The Two Colonels,320,80,2:0:0,2:0:0,3:0:0,2:0:0
46401,74255,Sam's Story,294,80,6:0:0,7:0:0,9:0:0,7:0:0
46402,52773,The Hidden Ones,475,75,4:0:0,6:0:0,8:0:0,6:0:0
46402,53587,The Curse of the Pharaohs,383,80,8:0:0,12:0:0,16:0:0,13:0:0
46403,61037,Daybreak,4,65,8:0:0,8:0:0,15:0:0,10:0:0
46403,69576,Heartland,12,75,12:0:0,13:0:0,16:0:0,13:0:0
46409,127920,Shard of Dreams,0,0,0:0:0,0:0:0,0:0:0,0:0:0
46415,25238,Victor Vran,214,70,10:0:0,22:0:0,55:0:0,15:0:0
46418,48678,Episode 1: Awake,174,75,3:0:0,3:0:0,4:0:0,3:0:0
46418,49925,Episode 2: Brave New World,118,80,3:0:0,4:0:0,4:0:0,4:0:0
46418,49637,Episode 3: Hell is Empty,109,75,3:0:0,3:0:0,3:0:0,3:0:0
46418,49638,Bonus Episode: Farewell,174,80,1:0:0,1:0:0,1:0:0,1:0:0
46420,53049,Wolfenstein II: The Freedom Chronicles - Episode 0,47,65,0:40:0,1:0:0,2:0:0,0:49:0
46420,51579,Wolfenstein II: The Freedom Chronicles - Episode 1,52,70,2:0:0,2:0:0,4:0:0,2:0:0
46420,57565,Wolfenstein II: The Freedom Chronicles - Episode 2,51,70,1:0:0,1:0:0,2:0:0,1:0:0
46420,57601,Wolfenstein II: The Freedom Chronicles - Episode 3,49,70,2:0:0,2:0:0,3:0:0,2:0:0
46426,57411,Gilly Island,7,70,0:0:0,2:0:0,2:0:0,2:0:0
46426,57412,Guardian Trials,6,75,0:0:0,2:0:0,2:0:0,2:0:0
46430,26784,Horizon Zero Dawn,3900,85,23:0:0,44:0:0,61:0:0,46:0:0
46445,95888,Adventure Pack,2,65,6:0:0,8:0:0,0:0:0,7:0:0
46445,95889,Lair of the Lost Lord,3,55,7:0:0,16:0:0,0:0:0,14:0:0
46445,95890,Tale of a Timeless Tome,2,70,11:0:0,22:0:0,0:0:0,16:0:0
46448,91428,DLC,1,85,0:0:0,0:0:0,0:5:0,0:5:0
46453,74296,Cindered Shadows,254,75,8:0:0,9:0:0,9:0:0,8:0:0
46463,12654,Final Fantasy XIV,442,80,100:0:0,312:0:0,3347:0:0,246:0:0
46464,81012,Ultra Challenge Pack,4,70,2:0:0,4:0:0,5:0:0,4:0:0
46464,57958,Donkey Kong Adventure,205,80,7:0:0,9:0:0,15:0:0,9:0:0
46471,37836,Guilty Gear Xrd -REVELATOR-,38,80,6:0:0,20:0:0,57:0:0,13:0:0
46558,71854,Halloween,0,0,0:0:0,0:0:0,0:0:0,0:0:0
46575,22535,Darkest Dungeon,362,80,58:0:0,83:0:0,125:0:0,79:0:0
46762,3154,Escape Plan,60,65,4:0:0,5:0:0,10:0:0,4:0:0
46786,17596,The Elder Scrolls Online,145,70,47:0:0,210:0:0,527:0:0,186:0:0
46858,3537,Final Fantasy XV,2800,75,28:0:0,53:0:0,95:0:0,51:0:0
46875,2514,Diablo III,847,80,18:0:0,45:0:0,170:0:0,34:0:0
46967,38019,The Legend of Zelda: Breath of the Wild,9600,95,50:0:0,98:0:0,193:0:0,92:0:0
46968,38019,The Legend of Zelda: Breath of the Wild,9600,95,50:0:0,98:0:0,193:0:0,92:0:0
47113,143483,Congo 1964,0,0,0:0:0,0:0:0,0:0:0,0:0:0
47258,37861,Watch Dogs 2,2200,75,19:0:0,32:0:0,47:0:0,30:0:0
47259,37861,Watch Dogs 2,2200,75,19:0:0,32:0:0,47:0:0,30:0:0
47324,47354,Episode 1 - Hero in Residence,8,80,2:0:0,2:0:0,2:0:0,2:0:0
47324,48250,Episode 2 - Giant Consequences,6,75,1:0:0,0:0:0,0:0:0,1:0:0
47324,48364,Episode 3 - Jailhouse Block,5,75,2:0:0,0:0:0,0:0:0,2:0:0
47324,48365,Episode 4 - Below the Bedrock,6,75,2:0:0,0:0:0,0:0:0,2:0:0
47324,48366,Episode 5 - Above and Beyond,6,75,2:0:0,2:0:0,0:0:0,2:0:0
47354,47324,Minecraft: Story Mode - Season Two,92,70,9:0:0,10:0:0,11:0:0,10:0:0
47515,1065,BioShock,6700,85,12:0:0,16:0:0,23:0:0,14:0:0
47523,39417,Little Nightmares,3000,80,4:0:0,5:0:0,8:0:0,4:0:0
47529,47592,Episode 1: The Enigma,55,75,2:0:0,2:0:0,2:0:0,2:0:0
47529,49222,Episode 2: The Pact,48,75,2:0:0,2:0:0,2:0:0,2:0:0
47529,49616,Episode 3: Fractured Mask,43,75,2:0:0,2:0:0,2:0:0,2:0:0
47529,49617,Episode 4: What Ails You,47,75,1:0:0,1:0:0,1:0:0,1:0:0
47529,49618,Episode 5: Same Stitch,41,80,2:0:0,2:0:0,2:0:0,2:0:0
47540,88913,Wicked Ward,0,0,0:0:0,0:0:0,0:0:0,0:0:0
47540,88914,Big Top Breakout,0,0,0:0:0,0:0:0,0:0:0,0:0:0
47540,88915,Dungeons And Duct Tape,0,0,0:0:0,0:0:0,0:0:0,0:0:0
47577,28221,Fantasy Grounds,0,0,0:0:0,0:0:0,0:0:0,0:0:0
47592,47529,Batman: The Enemy Within,860,80,10:0:0,11:0:0,11:0:0,10:0:0
47603,44735,FEMINAZI: The Triggering,3,45,1:0:0,0:0:0,2:0:0,2:0:0
47646,59962,Episode 1: Done Running,64,80,2:0:0,3:0:0,3:0:0,3:0:0
47646,59981,Episode 2: Suffer the Children,53,80,2:0:0,2:0:0,3:0:0,2:0:0
47646,59982,Episode 3: Broken Toys,57,80,2:0:0,3:0:0,3:0:0,2:0:0
47646,59983,Episode 4: Take Us Back,51,85,2:0:0,2:0:0,2:0:0,2:0:0
47647,11865,Jazzpunk,637,75,2:0:0,3:0:0,4:0:0,3:0:0
47680,9593,Tales of Maj'Eyal,14,75,38:0:0,72:0:0,268:0:0,86:0:0
47796,36936,Nioh,554,80,36:0:0,64:0:0,97:0:0,64:0:0
47848,26404,Just Cause 3,1300,70,18:0:0,37:0:0,63:0:0,38:0:0
47966,34002,Mafia III,768,65,22:0:0,35:0:0,51:0:0,32:0:0
47983,34002,Mafia III,768,65,22:0:0,35:0:0,51:0:0,32:0:0
47985,34002,Mafia III,768,65,22:0:0,35:0:0,51:0:0,32:0:0
48128,6020,Might & Magic: Heroes VI,34,65,83:0:0,94:0:0,192:0:0,104:0:0
48134,75355,Reckonin' at Gun Manor,12,75,2:0:0,3:0:0,3:0:0,3:0:0
48206,152400,Norse Side Stories,0,0,0:0:0,0:0:0,0:0:0,0:0:0
48230,28651,Microsoft Flight Simulator 2004: A Century of Flight,0,85,0:0:0,0:0:0,0:0:0,0:0:0
48239,53292,The Pillars of the Earth - Book 1,17,75,5:0:0,5:0:0,5:0:0,5:0:0
48239,53290,The Pillars of the Earth - Book 2,12,75,6:0:0,7:0:0,8:0:0,6:0:0
48239,53291,The Pillars of the Earth - Book 3,11,70,2:0:0,3:0:0,5:0:0,4:0:0
48250,47324,Minecraft: Story Mode - Season Two,92,70,9:0:0,10:0:0,11:0:0,10:0:0
48361,4154,Guild Wars 2,86,80,88:0:0,254:0:0,1877:0:0,322:0:0
48364,47324,Minecraft: Story Mode - Season Two,92,70,9:0:0,10:0:0,11:0:0,10:0:0
48365,47324,Minecraft: Story Mode - Season Two,92,70,9:0:0,10:0:0,11:0:0,10:0:0
48366,47324,Minecraft: Story Mode - Season Two,92,70,9:0:0,10:0:0,11:0:0,10:0:0
48414,40807,Box Maze,4,40,0:0:0,0:0:0,9:0:0,9:0:0
48415,40807,Box Maze,4,40,0:0:0,0:0:0,9:0:0,9:0:0
48456,41728,Guardians of the Galaxy: The Telltale Series,262,70,9:0:0,10:0:0,10:0:0,9:0:0
48483,1329,Brink,128,50,6:0:0,13:0:0,22:0:0,9:0:0
48486,28279,XCOM 2,847,85,33:0:0,48:0:0,79:0:0,44:0:0
48641,49448,Gold Version,0,0,0:0:0,0:0:0,0:0:0,0:0:0
48678,46418,Life Is Strange: Before the Storm,2000,75,10:0:0,12:0:0,13:0:0,12:0:0
48685,35764,TrackMania Turbo,40,70,12:0:0,37:0:0,128:0:0,44:0:0
48687,14198,Shantae: Half-Genie Hero,500,75,6:0:0,8:0:0,8:0:0,7:0:0
49131,38051,Resident Evil 7: Biohazard,4400,85,9:0:0,12:0:0,27:0:0,11:0:0
49132,38051,Resident Evil 7: Biohazard,4400,85,9:0:0,12:0:0,27:0:0,11:0:0
49133,38051,Resident Evil 7: Biohazard,4400,85,9:0:0,12:0:0,27:0:0,11:0:0
49134,38051,Resident Evil 7: Biohazard,4400,85,9:0:0,12:0:0,27:0:0,11:0:0
49184,52893,ALIX: A MONITOR Story,0,0,0:0:0,0:0:0,0:0:0,0:0:0
49222,47529,Batman: The Enemy Within,860,80,10:0:0,11:0:0,11:0:0,10:0:0
49382,69721,Resurrection,1,0,0:0:0,8:0:0,0:0:0,8:0:0
49382,83473,Armistice,1,0,0:0:0,8:0:0,0:0:0,8:0:0
49448,48641,Battles of Norghan,0,0,0:0:0,0:0:0,0:0:0,0:0:0
49534,103871,Aftershock,26,75,5:0:0,7:0:0,16:0:0,6:0:0
49536,2914,Duke Nukem 3D,144,80,9:0:0,11:0:0,13:0:0,10:0:0
49537,2914,Duke Nukem 3D,144,80,9:0:0,11:0:0,13:0:0,10:0:0
49616,47529,Batman: The Enemy Within,860,80,10:0:0,11:0:0,11:0:0,10:0:0
49618,47529,Batman: The Enemy Within,860,80,10:0:0,11:0:0,11:0:0,10:0:0
49617,47529,Batman: The Enemy Within,860,80,10:0:0,11:0:0,11:0:0,10:0:0
49638,46418,Life Is Strange: Before the Storm,2000,75,10:0:0,12:0:0,13:0:0,12:0:0
49637,46418,Life Is Strange: Before the Storm,2000,75,10:0:0,12:0:0,13:0:0,12:0:0
49809,41728,Guardians of the Galaxy: The Telltale Series,262,70,9:0:0,10:0:0,10:0:0,9:0:0
49925,46418,Life Is Strange: Before the Storm,2000,75,10:0:0,12:0:0,13:0:0,12:0:0
49927,56415,RPG World - Epic Mounts,0,0,0:0:0,0:0:0,0:0:0,0:0:0
49927,56416,RPG World - Scraplands,0,0,0:0:0,0:0:0,0:0:0,0:0:0
49946,13154,Viscera Cleanup Detail,53,75,12:0:0,49:0:0,84:0:0,68:0:0
50087,36936,Nioh,554,80,36:0:0,64:0:0,97:0:0,64:0:0
50191,11847,Grim Dawn,517,80,21:0:0,47:0:0,187:0:0,41:0:0
50209,63808,American Wilds,2,70,33:0:0,0:0:0,0:0:0,33:0:0
50311,33952,Story of the Survivor,1,30,0:0:0,0:0:0,4:0:0,4:0:0
50401,34000,Rabi-Ribi,129,80,11:0:0,22:0:0,29:0:0,18:0:0
50452,44296,Tomb Raider Level Editor,0,85,0:0:0,0:0:0,0:0:0,0:0:0
50481,11286,World of Warcraft,135,85,518:0:0,1308:0:0,5574:0:0,1414:0:0
50506,39417,Little Nightmares,3000,80,4:0:0,5:0:0,8:0:0,4:0:0
50507,41728,Guardians of the Galaxy: The Telltale Series,262,70,9:0:0,10:0:0,10:0:0,9:0:0
50509,44859,Sonic Forces,711,55,4:0:0,6:0:0,28:0:0,6:0:0
50603,65413,The Lost Shards,6,50,2:0:0,3:0:0,3:0:0,2:0:0
50668,15654,Starpoint Gemini 2,16,65,37:0:0,47:0:0,52:0:0,44:0:0
50688,22658,This War of Mine,429,80,11:0:0,20:0:0,40:0:0,16:0:0
50786,2961,Dungeon Siege: Legends of Aranna,28,75,8:0:0,16:0:0,21:0:0,16:0:0
50789,93257,"Squad E, to the Beach!",0,60,0:0:0,0:0:0,0:0:0,0:0:0
50789,93256,A Captainless Squad,0,80,0:0:0,0:0:0,0:0:0,0:0:0
50789,93258,Expert Level Skirmishes,0,80,0:0:0,0:0:0,0:0:0,0:0:0
50789,93255,The Two Valkyria,1,80,2:0:0,0:0:0,0:0:0,2:0:0
50789,93253,A United Front with Squad 7,0,80,0:0:0,0:0:0,0:0:0,0:0:0
50789,93254,Edy's Advance Ops,0,60,0:0:0,0:0:0,0:0:0,0:0:0
50842,39689,Titan Quest: Anniversary Edition,248,75,31:0:0,45:0:0,103:0:0,46:0:0
50938,25034,Not A Hero,92,70,5:0:0,7:0:0,10:0:0,7:0:0
50984,39668,The Final Station,302,70,5:0:0,6:0:0,8:0:0,5:0:0
51055,15260,Draw a Stickman: EPIC,37,55,2:0:0,5:0:0,7:0:0,4:0:0
51083,3622,Folklore,91,70,15:0:0,24:0:0,40:0:0,19:0:0
51084,3622,Folklore,91,70,15:0:0,24:0:0,40:0:0,19:0:0
51085,3622,Folklore,91,70,15:0:0,24:0:0,40:0:0,19:0:0
51086,3622,Folklore,91,70,15:0:0,24:0:0,40:0:0,19:0:0
51087,3622,Folklore,91,70,15:0:0,24:0:0,40:0:0,19:0:0
51088,3622,Folklore,91,70,15:0:0,24:0:0,40:0:0,19:0:0
51089,3622,Folklore,91,70,15:0:0,24:0:0,40:0:0,19:0:0
51105,76792,Marble Nest,13,70,2:0:0,0:0:0,3:0:0,2:0:0
51209,43894,Destiny 2,799,70,12:0:0,40:0:0,180:0:0,35:0:0
51225,84081,Legends,42,70,5:0:0,28:0:0,45:0:0,12:0:0
51225,94846,Iki Island,607,85,5:0:0,9:0:0,13:0:0,10:0:0
51233,65027,The Forge,52,70,0:54:0,1:0:0,1:0:0,1:0:0
51233,65915,The Pillar,48,75,0:49:0,0:57:0,1:0:0,0:58:0
51233,65914,The Nightmare,45,75,0:44:0,0:55:0,1:0:0,0:53:0
51233,65916,The Price of Survival,48,75,0:55:0,1:0:0,1:0:0,1:0:0
51233,65917,The Serpent's Heart,49,70,0:51:0,0:56:0,1:0:0,0:58:0
51233,65990,The Grand Caiman,46,70,0:44:0,0:49:0,1:0:0,0:49:0
51233,66615,The Path Home,46,75,0:48:0,0:52:0,1:0:0,0:56:0
51365,83181,Portal Proficiency,5,65,7:0:0,0:0:0,11:0:0,10:0:0
51390,106185,Downfall - A  Fan,6,90,15:0:0,22:0:0,54:0:0,23:0:0
51403,3537,Final Fantasy XV,2800,75,28:0:0,53:0:0,95:0:0,51:0:0
51473,14198,Shantae: Half-Genie Hero,500,75,6:0:0,8:0:0,8:0:0,7:0:0
51579,46420,Wolfenstein II: The New Colossus,2500,80,11:0:0,17:0:0,33:0:0,14:0:0
51652,26831,Hitman,1600,80,11:0:0,24:0:0,90:0:0,18:0:0
51708,44914,The Surge,419,70,21:0:0,28:0:0,48:0:0,28:0:0
51768,115641,Shadows over Bögenhafen,2,75,1:0:0,0:0:0,0:0:0,1:0:0
51768,115642,Back to Ubersreik,2,75,1:0:0,0:0:0,0:0:0,1:0:0
51768,115718,Winds of Magic,3,75,0:35:0,0:0:0,0:0:0,0:35:0
52039,1874,Company of Heroes,226,80,19:0:0,27:0:0,80:0:0,23:0:0
52117,54251,Episode 1: The Mad Ones,24,75,3:0:0,4:0:0,5:0:0,3:0:0
52117,66949,Episode 2: Hide and Seek,9,70,3:0:0,4:0:0,0:0:0,3:0:0
52117,66950,Episode 3: Ripples,7,70,3:0:0,3:0:0,0:0:0,3:0:0
52117,66951,Episode 4: Burning Bridges,7,70,2:0:0,2:0:0,0:0:0,2:0:0
52117,66952,Episode 5: Checkmate,7,55,1:0:0,2:0:0,0:0:0,1:0:0
52199,21251,Dragon Ball Xenoverse,366,70,17:0:0,33:0:0,88:0:0,30:0:0
52202,21251,Dragon Ball Xenoverse,366,70,17:0:0,33:0:0,88:0:0,30:0:0
52247,59245,Episode 1,11,55,2:0:0,3:0:0,3:0:0,3:0:0
52247,59627,Episode 2,0,0,0:0:0,0:0:0,0:0:0,0:0:0
52247,59628,Episode 3,0,0,0:0:0,0:0:0,0:0:0,0:0:0
52247,59629,Episode 4,0,0,0:0:0,0:0:0,0:0:0,0:0:0
52247,59630,Episode 5,0,0,0:0:0,0:0:0,0:0:0,0:0:0
52493,67089,Iceborne,296,90,38:0:0,158:0:0,349:0:0,120:0:0
52496,116525,Bathing in Mana,0,0,0:0:0,0:0:0,0:0:0,0:0:0
52496,116521,Rage of the Fallen,1,60,0:18:0,0:0:0,0:0:0,0:18:0
52496,116522,Under the Moonlight,2,60,0:15:0,0:16:0,0:0:0,0:15:0
52496,116524,Meeting in the Chasm,1,60,0:15:0,0:0:0,0:0:0,0:15:0
52496,116523,Settling the Score,1,70,2:0:0,0:0:0,0:0:0,2:0:0
52505,68914,Final Battle,30,75,12:0:0,20:0:0,84:0:0,24:0:0
52773,46402,Assassin's Creed Origins,5600,80,30:0:0,52:0:0,85:0:0,57:0:0
52893,49184,MONITOR: The Game,0,50,0:0:0,0:0:0,0:0:0,0:0:0
52962,62549,Mexico,1,80,7:0:0,0:0:0,0:0:0,7:0:0
52962,62548,The Great Lakes,1,80,8:0:0,0:0:0,0:0:0,8:0:0
52962,62550,Crossing the Andes,1,80,23:0:0,0:0:0,0:0:0,23:0:0
53040,75710,Inhuman Love,2,90,4:0:0,0:0:0,4:0:0,4:0:0
53049,46420,Wolfenstein II: The New Colossus,2500,80,11:0:0,17:0:0,33:0:0,14:0:0
53290,48239,Ken Follett's The Pillars of the Earth,181,75,15:0:0,16:0:0,19:0:0,16:0:0
53291,48239,Ken Follett's The Pillars of the Earth,181,75,15:0:0,16:0:0,19:0:0,16:0:0
53292,48239,Ken Follett's The Pillars of the Earth,181,75,15:0:0,16:0:0,19:0:0,16:0:0
53485,39417,Little Nightmares,3000,80,4:0:0,5:0:0,8:0:0,4:0:0
53546,41447,Glass Masquerade,301,75,4:0:0,5:0:0,6:0:0,5:0:0
53587,46402,Assassin's Creed Origins,5600,80,30:0:0,52:0:0,85:0:0,57:0:0
53721,64978,Ice and Fire,1,65,0:0:0,0:0:0,0:50:0,0:50:0
53721,65205,King of Buggies,1,60,0:0:0,0:0:0,0:45:0,0:45:0
53721,65206,Armored Operation,1,40,0:0:0,0:0:0,0:48:0,0:48:0
53721,65204,Colorado River,1,65,0:0:0,0:0:0,1:0:0,1:0:0
53763,149815,Unexpected Visitor,2,0,0:17:0,0:0:0,0:0:0,0:17:0
53763,149816,Anchorhead Raid,3,0,0:28:0,0:0:0,0:0:0,0:28:0
53763,149817,Ten Million Relief Plan,3,0,0:24:0,0:0:0,0:0:0,0:24:0
53876,81725,One Night in the Woods,5,65,0:21:0,0:0:0,2:0:0,0:30:0
54251,52117,The Council,254,70,14:0:0,17:0:0,19:0:0,16:0:0
54689,42832,Splatoon 2,545,80,8:0:0,18:0:0,62:0:0,15:0:0
54864,42106,Pathfinder Adventures,4,75,30:0:0,0:0:0,37:0:0,32:0:0
54968,146531,Part 1: The Moon's Origin and Finality,3,95,0:0:0,192:0:0,249:0:0,238:0:0
54968,146532,Sakura Samsara,2,60,0:0:0,2:0:0,4:0:0,3:0:0
54968,148679,Schicksal HQ,2,20,0:0:0,5:0:0,6:0:0,5:0:0
54968,146533,A Post-Honkai Odyssey - Chapter 1,2,80,0:0:0,9:0:0,10:0:0,9:0:0
54968,147179,Elysian Realm,2,80,0:0:0,0:0:0,61:0:0,61:0:0
54968,146534,A Post-Honkai Odyssey - Chapter 2,2,80,0:0:0,16:0:0,25:0:0,20:0:0
54968,147178,Part 1.5: Dance of Life and Death,1,0,0:0:0,0:0:0,60:0:0,60:0:0
54968,146487,Part 2,0,85,0:0:0,0:0:0,0:0:0,0:0:0
54990,26801,South Park: The Fractured But Whole,2000,80,18:0:0,23:0:0,28:0:0,22:0:0
55146,9782,The Binding of Isaac: Rebirth,593,85,6:0:0,97:0:0,348:0:0,121:0:0
55170,36980,Table Top Racing: World Tour,38,65,5:0:0,8:0:0,18:0:0,9:0:0
55219,81539,Esports,1,0,0:0:0,0:0:0,22:0:0,22:0:0
55520,6020,Might & Magic: Heroes VI,34,65,83:0:0,94:0:0,192:0:0,104:0:0
55661,62781,Fortune Island,78,80,7:0:0,10:0:0,12:0:0,9:0:0
55661,68174,LEGO Speed Champions,71,80,8:0:0,11:0:0,14:0:0,11:0:0
55706,14198,Shantae: Half-Genie Hero,500,75,6:0:0,8:0:0,8:0:0,7:0:0
55724,44022,Middle-Earth: Shadow of War,1700,75,21:0:0,36:0:0,56:0:0,37:0:0
55768,19455,Age of Mythology: Extended Edition,121,85,29:0:0,41:0:0,70:0:0,41:0:0
55791,12654,Final Fantasy XIV,442,80,100:0:0,312:0:0,3347:0:0,246:0:0
55925,12654,Final Fantasy XIV,442,80,100:0:0,312:0:0,3347:0:0,246:0:0
55977,65911,Flashpoint,0,0,0:0:0,0:0:0,0:0:0,0:0:0
56051,38029,NieR: Automata,6300,90,21:0:0,37:0:0,61:0:0,37:0:0
56195,59465,Mega Man X Legacy Collection 1,83,80,17:0:0,24:0:0,29:0:0,22:0:0
56195,59633,Mega Man X Legacy Collection 2,33,65,15:0:0,26:0:0,49:0:0,27:0:0
56199,68963,Saladin's Conquest,2,0,0:0:0,0:0:0,8:0:0,8:0:0
56236,39030,Overcooked,622,80,8:0:0,10:0:0,12:0:0,10:0:0
56294,43894,Destiny 2,799,70,12:0:0,40:0:0,180:0:0,35:0:0
56297,132421,Annihilation Instinct,39,75,4:0:0,5:0:0,5:0:0,5:0:0
56297,145312,Trapped in Limbo,12,65,4:0:0,4:0:0,0:0:0,4:0:0
56415,49927,RPG World - Action RPG Maker,0,0,0:0:0,0:0:0,0:0:0,0:0:0
56416,49927,RPG World - Action RPG Maker,0,0,0:0:0,0:0:0,0:0:0,0:0:0
56420,78092,Second Term,8,70,1:0:0,2:0:0,0:0:0,2:0:0
56464,43358,Songbringer,10,60,7:0:0,8:0:0,13:0:0,8:0:0
56524,119793,Apocalypse,3,60,0:35:0,0:0:0,2:0:0,1:0:0
56524,120092,Garden,6,60,3:0:0,0:0:0,5:0:0,4:0:0
56524,119444,HGTV,4,65,4:0:0,0:0:0,5:0:0,5:0:0
56524,121321,Cyberpunk,2,55,0:0:0,0:0:0,0:39:0,0:39:0
56524,119780,Luxury,6,65,14:0:0,0:0:0,16:0:0,16:0:0
56524,119781,Pets,5,65,7:0:0,0:0:0,10:0:0,9:0:0
56524,126947,Farm,3,65,0:0:0,0:0:0,10:0:0,10:0:0
56665,19926,Rise of Venice,1,70,0:0:0,58:0:0,0:0:0,58:0:0
56734,3316,Fable III,514,70,13:0:0,26:0:0,46:0:0,22:0:0
56787,86879,Between Dimensions,6,75,0:0:0,10:0:0,11:0:0,10:0:0
57066,102857,Summer Vibes,2,75,0:39:0,0:0:0,0:0:0,0:39:0
57066,151005,Rookie Series,0,0,0:0:0,0:0:0,0:0:0,0:0:0
57066,100676,Senna Forever,23,75,3:0:0,4:0:0,5:0:0,4:0:0
57068,73030,Secrets Of Dr Wu,7,75,8:0:0,10:0:0,0:0:0,9:0:0
57068,73031,Claire's Sanctuary,9,75,6:0:0,8:0:0,10:0:0,7:0:0
57068,88731,Return To Jurassic Park,10,80,5:0:0,9:0:0,10:0:0,7:0:0
57095,71550,Stranger Sins,1,0,0:0:0,25:0:0,0:0:0,25:0:0
57328,46093,Far Cry 5,3000,75,18:0:0,31:0:0,47:0:0,29:0:0
57411,46426,Super Lucky's Tale,192,70,6:0:0,10:0:0,13:0:0,9:0:0
57412,46426,Super Lucky's Tale,192,70,6:0:0,10:0:0,13:0:0,9:0:0
57415,84489,Gauntlets of Strength,25,90,24:0:0,39:0:0,42:0:0,38:0:0
57416,77156,Nuclear Winter,0,50,0:0:0,0:0:0,0:0:0,0:0:0
57416,77158,Wastelanders,8,70,29:0:0,56:0:0,230:0:0,55:0:0
57416,85612,Steel Dawn,2,65,4:0:0,108:0:0,0:0:0,56:0:0
57416,91703,Steel Reign,5,55,5:0:0,5:0:0,5:0:0,5:0:0
57416,93956,The Pitt,2,40,4:0:0,4:0:0,0:0:0,4:0:0
57416,143664,Atlantic City - Boardwalk Paradise,0,0,0:0:0,0:0:0,0:0:0,0:0:0
57416,143665,Atlantic City - America's Playground,3,50,4:0:0,6:0:0,12:0:0,7:0:0
57422,86191,Hivebusters,243,75,3:0:0,4:0:0,4:0:0,3:0:0
57425,116185,Bloody Ties,10,65,7:0:0,10:0:0,20:0:0,9:0:0
57445,155677,Shattered Space,23,70,7:0:0,13:0:0,20:0:0,12:0:0
57478,89296,Expansion Pass,12,75,2:0:0,3:0:0,5:0:0,3:0:0
57479,120369,The 4th Survivor,11,75,0:15:0,0:38:0,0:40:0,0:18:0
57479,65003,The Ghost Survivors,28,70,2:0:0,4:0:0,7:0:0,2:0:0
57480,75673,Warlords of New York,73,75,10:0:0,18:0:0,21:0:0,15:0:0
57491,40342,Aragami,489,70,7:0:0,10:0:0,19:0:0,9:0:0
57496,44022,Middle-Earth: Shadow of War,1700,75,21:0:0,36:0:0,56:0:0,37:0:0
57503,67447,The Lost Tales of Greece,107,75,8:0:0,9:0:0,9:0:0,9:0:0
57503,62916,Legacy of the First Blade,322,70,7:0:0,10:0:0,12:0:0,10:0:0
57503,66676,Assassin's Creed Odyssey - The Fate of Atlantis,264,80,15:0:0,22:0:0,28:0:0,24:0:0
57503,101414,Those Who Are Treasured,55,75,2:0:0,3:0:0,4:0:0,3:0:0
57506,81632,The Ancient Gods - Part One,313,80,5:0:0,7:0:0,8:0:0,6:0:0
57506,81633,The Ancient Gods - Part Two,283,80,4:0:0,4:0:0,5:0:0,4:0:0
57507,73078,Expeditions,12,65,0:52:0,3:0:0,4:0:0,2:0:0
57507,74982,The Foundation,299,75,4:0:0,6:0:0,8:0:0,5:0:0
57507,74983,AWE,263,75,3:0:0,5:0:0,7:0:0,5:0:0
57509,44590,Prey,2800,85,16:0:0,28:0:0,46:0:0,27:0:0
57513,66507,Challenger Pack 1: Joker,22,90,0:49:0,0:51:0,1:0:0,0:59:0
57513,68420,Challenger Pack 2: Hero,15,80,0:30:0,0:40:0,0:57:0,0:45:0
57513,68421,Challenger Pack 3: Banjo & Kazooie,17,75,0:36:0,0:38:0,0:50:0,0:39:0
57513,70155,Challenger Pack 4: Terry Bogard,15,70,0:31:0,0:44:0,1:0:0,0:42:0
57513,74336,Challenger Pack 5: Byleth,13,70,0:19:0,0:23:0,0:31:0,0:22:0
57513,80521,Challenger Pack 6: Min Min,11,80,0:20:0,0:23:0,0:35:0,0:28:0
57513,84010,Challenger Pack 7: Steve & Alex,15,80,0:21:0,0:30:0,0:43:0,0:31:0
57513,86259,Challenger Pack 8: Sephiroth,13,90,0:24:0,0:40:0,1:0:0,0:37:0
57513,89394,Challenger Pack 9: Pyra & Mythra,14,85,0:23:0,0:28:0,0:41:0,0:26:0
57513,94725,Challenger Pack 10: Kazuya,11,85,0:15:0,0:19:0,0:58:0,0:25:0
57513,98647,Challenger Pack 11: Sora,12,80,0:22:0,0:34:0,0:53:0,0:28:0
57514,66447,Bloody Palace,4,80,6:0:0,0:0:0,6:0:0,6:0:0
57514,86116,Vergil,36,90,5:0:0,7:0:0,9:0:0,6:0:0
57518,74253,Chinese New Year,7,85,0:57:0,1:0:0,1:0:0,1:0:0
57518,74252,Kevin's Christmas Cracker,5,85,0:54:0,2:0:0,0:0:0,1:0:0
57518,74919,Spring Festival,6,85,0:37:0,1:0:0,0:0:0,0:59:0
57518,80638,Sun's Out Buns Out,8,75,0:55:0,1:0:0,0:0:0,1:0:0
57518,74254,Winter Wonderland,6,85,2:0:0,2:0:0,0:0:0,2:0:0
57518,62005,Surf ‘n’ Turf,33,80,3:0:0,3:0:0,5:0:0,3:0:0
57518,66785,Campfire Cook Off,20,80,2:0:0,5:0:0,12:0:0,5:0:0
57518,68498,Night of the Hangry Horde,13,80,3:0:0,8:0:0,12:0:0,7:0:0
57518,70635,Carnival of Chaos,16,85,2:0:0,4:0:0,7:0:0,5:0:0
57518,83691,Moon Harvest Festival,7,75,1:0:0,2:0:0,0:0:0,1:0:0
57525,83674,Dare Devils of Destruction,4,60,2:0:0,0:0:0,4:0:0,2:0:0
57525,83675,Los Demonios,6,30,2:0:0,0:0:0,2:0:0,2:0:0
57525,83677,Danger Rising,6,40,3:0:0,0:0:0,3:0:0,3:0:0
57527,96280,Echoes of the Eye,432,90,11:0:0,14:0:0,16:0:0,13:0:0
57547,99625,Professionals Abroad,1,70,0:0:0,0:0:0,9:0:0,9:0:0
57565,46420,Wolfenstein II: The New Colossus,2500,80,11:0:0,17:0:0,33:0:0,14:0:0
57601,46420,Wolfenstein II: The New Colossus,2500,80,11:0:0,17:0:0,33:0:0,14:0:0
57681,22535,Darkest Dungeon,362,80,58:0:0,83:0:0,125:0:0,79:0:0
57686,93443,Episode INTERmission,1400,80,5:0:0,7:0:0,17:0:0,6:0:0
57707,5761,MechCommander,4,90,19:0:0,0:0:0,23:0:0,20:0:0
57736,26706,Assassin's Creed: Syndicate,2300,75,19:0:0,33:0:0,55:0:0,33:0:0
57795,61366,Episode 1: Roads,154,75,3:0:0,4:0:0,4:0:0,3:0:0
57795,64487,Episode 2: Rules,99,75,3:0:0,4:0:0,4:0:0,3:0:0
57795,67058,Episode 3: Wastelands,87,75,3:0:0,3:0:0,3:0:0,3:0:0
57795,69845,Episode 4: Faith,80,75,3:0:0,3:0:0,3:0:0,3:0:0
57795,72476,Episode 5: Wolves,77,75,3:0:0,3:0:0,3:0:0,3:0:0
57798,97409,Bing World,0,0,0:0:0,0:0:0,0:0:0,0:0:0
57798,79782,PERISHER,2,60,1:0:0,0:0:0,0:0:0,1:0:0
57798,79777,Old Site,1,70,0:15:0,0:0:0,0:0:0,0:15:0
57798,82665,Adelie,1,60,0:0:0,0:22:0,0:0:0,0:22:0
57808,13291,Assassin's Creed: Project Legacy,1,35,6:0:0,0:0:0,0:0:0,6:0:0
57809,13291,Assassin's Creed: Project Legacy,1,35,6:0:0,0:0:0,0:0:0,6:0:0
57810,13291,Assassin's Creed: Project Legacy,1,35,6:0:0,0:0:0,0:0:0,6:0:0
57811,13291,Assassin's Creed: Project Legacy,1,35,6:0:0,0:0:0,0:0:0,6:0:0
57818,20986,Assassin's Creed: Pirates,2,40,40:0:0,0:0:0,44:0:0,42:0:0
57819,20986,Assassin's Creed: Pirates,2,40,40:0:0,0:0:0,44:0:0,42:0:0
57820,20986,Assassin's Creed: Pirates,2,40,40:0:0,0:0:0,44:0:0,42:0:0
57873,21257,Persona 4 Arena Ultimax,139,75,10:0:0,21:0:0,76:0:0,18:0:0
57958,46464,Mario + Rabbids Kingdom Battle,1300,80,22:0:0,30:0:0,47:0:0,27:0:0
58031,70859,Rise Of The Ghosts,20,70,4:0:0,5:0:0,6:0:0,5:0:0
58031,73151,TerrorMania,12,60,1:0:0,2:0:0,2:0:0,2:0:0
58082,105465,The Black Labyrinth,37,85,4:0:0,4:0:0,5:0:0,4:0:0
58363,21697,Kingdom Come: Deliverance,1100,80,41:0:0,80:0:0,131:0:0,80:0:0
58632,9368,Super Mario Advance 4: Super Mario Bros. 3,129,85,6:0:0,7:0:0,10:0:0,7:0:0
59241,46093,Far Cry 5,3000,75,18:0:0,31:0:0,47:0:0,29:0:0
59245,52247,Odysseus Kosmos and his Robot Quest,7,70,14:0:0,16:0:0,29:0:0,18:0:0
59330,37985,Halo Wars 2,227,75,8:0:0,14:0:0,43:0:0,9:0:0
59341,3110,Empire: Total War,84,75,23:0:0,80:0:0,99:0:0,51:0:0
59342,6376,Napoleon: Total War,66,75,29:0:0,55:0:0,92:0:0,38:0:0
59372,71657,Important Cosmic Jobs,13,70,0:52:0,1:0:0,1:0:0,1:0:0
59433,67127,Noel The Mortal Fate S8,1,0,2:0:0,0:0:0,0:0:0,2:0:0
59433,78956,Noel The Mortal Fate S9,1,0,1:0:0,0:0:0,0:0:0,1:0:0
59592,26801,South Park: The Fractured But Whole,2000,80,18:0:0,23:0:0,28:0:0,22:0:0
59627,52247,Odysseus Kosmos and his Robot Quest,7,70,14:0:0,16:0:0,29:0:0,18:0:0
59628,52247,Odysseus Kosmos and his Robot Quest,7,70,14:0:0,16:0:0,29:0:0,18:0:0
59629,52247,Odysseus Kosmos and his Robot Quest,7,70,14:0:0,16:0:0,29:0:0,18:0:0
59630,52247,Odysseus Kosmos and his Robot Quest,7,70,14:0:0,16:0:0,29:0:0,18:0:0
59962,47646,The Walking Dead: The Final Season,784,80,10:0:0,10:0:0,14:0:0,10:0:0
59981,47646,The Walking Dead: The Final Season,784,80,10:0:0,10:0:0,14:0:0,10:0:0
59982,47646,The Walking Dead: The Final Season,784,80,10:0:0,10:0:0,14:0:0,10:0:0
59983,47646,The Walking Dead: The Final Season,784,80,10:0:0,10:0:0,14:0:0,10:0:0
60043,63956,Bigfoot,9,80,4:0:0,15:0:0,17:0:0,15:0:0
60043,106401,Pebberley Island,6,80,5:0:0,15:0:0,16:0:0,14:0:0
60043,106398,Close Encounters,5,75,5:0:0,0:0:0,15:0:0,14:0:0
60043,76220,Off The Grid,5,80,4:0:0,0:0:0,8:0:0,7:0:0
60043,106370,Culture Shock,5,70,7:0:0,0:0:0,17:0:0,11:0:0
60043,106369,A Stitch in Time,5,80,4:0:0,0:0:0,8:0:0,7:0:0
60043,106368,Speedy Recovery,3,80,3:0:0,0:0:0,13:0:0,10:0:0
60050,66107,Varnhold's Lot,14,70,8:0:0,12:0:0,15:0:0,11:0:0
60071,75965,RPG Book,1,0,0:0:0,0:0:0,13:0:0,13:0:0
60071,71640,Halloween,1,0,0:0:0,0:0:0,37:0:0,37:0:0
60071,71641,Emoji,1,0,0:0:0,0:0:0,6:0:0,6:0:0
60071,121389,Space Pack,0,0,0:0:0,0:0:0,0:0:0,0:0:0
60071,72066,Flags,1,0,0:0:0,0:0:0,9:0:0,9:0:0
60071,73320,Isometric,1,0,0:0:0,0:0:0,30:0:0,30:0:0
60071,75966,Monsters,1,0,0:0:0,0:0:0,7:0:0,7:0:0
60071,72887,Advent,1,0,0:0:0,0:0:0,8:0:0,8:0:0
60071,77697,Music,1,0,0:0:0,0:0:0,3:0:0,3:0:0
60071,78113,Spring,1,0,0:0:0,0:0:0,14:0:0,14:0:0
60071,85090,Halloween 2 Pack,0,0,0:0:0,0:0:0,0:0:0,0:0:0
60071,121393,Isometric 2,0,0,0:0:0,0:0:0,0:0:0,0:0:0
60071,121387,r/Place Pack,0,0,0:0:0,0:0:0,0:0:0,0:0:0
60071,156952,Jungle Pack,0,0,0:0:0,0:0:0,0:0:0,0:0:0
60176,69067,Picnic Panic,222,80,3:0:0,3:0:0,3:0:0,3:0:0
60291,82777,Money for the Vultures - Part 1: Late To The Party,11,75,2:0:0,2:0:0,0:0:0,2:0:0
60291,85150,Money for the Vultures - Part 2: Five Steps Ahead,11,80,2:0:0,3:0:0,0:0:0,2:0:0
60291,85151,Money for the Vultures - Part 3: Once More With Feeling,12,85,3:0:0,3:0:0,0:0:0,3:0:0
60370,46093,Far Cry 5,3000,75,18:0:0,31:0:0,47:0:0,29:0:0
60436,130,A Hat in Time,1500,80,9:0:0,15:0:0,18:0:0,14:0:0
60565,76967,Extra Episode 1: Void Mirror Prototype,17,65,3:0:0,3:0:0,4:0:0,3:0:0
60565,77194,Extra Episode 2: Where Justice Lies,13,55,2:0:0,3:0:0,4:0:0,3:0:0
60565,77271,Extra Episode 3: The Unfinished Map,12,60,2:0:0,4:0:0,4:0:0,3:0:0
60572,43894,Destiny 2,799,70,12:0:0,40:0:0,180:0:0,35:0:0
60641,17596,The Elder Scrolls Online,145,70,47:0:0,210:0:0,527:0:0,186:0:0
60691,21680,Cuphead,2500,85,10:0:0,16:0:0,26:0:0,15:0:0
60719,143259,Deep Freeze,1,80,0:0:0,15:0:0,0:0:0,15:0:0
60782,42835,Xenoblade Chronicles 2,2800,85,63:0:0,106:0:0,256:0:0,96:0:0
60877,81537,The Tengu's Disciple,23,80,4:0:0,9:0:0,11:0:0,9:0:0
60877,84043,Darkness in the Capital,23,80,5:0:0,10:0:0,12:0:0,10:0:0
60877,85711,The First Samurai,23,80,4:0:0,9:0:0,21:0:0,9:0:0
60884,2662,Dogfight 1942,20,75,3:0:0,4:0:0,9:0:0,4:0:0
60885,2662,Dogfight 1942,20,75,3:0:0,4:0:0,9:0:0,4:0:0
60919,12654,Final Fantasy XIV,442,80,100:0:0,312:0:0,3347:0:0,246:0:0
60931,37985,Halo Wars 2,227,75,8:0:0,14:0:0,43:0:0,9:0:0
61037,46403,State of Decay 2,248,70,16:0:0,31:0:0,127:0:0,31:0:0
61266,942,Battlefield 4,1300,75,6:0:0,9:0:0,18:0:0,7:0:0
61267,942,Battlefield 4,1300,75,6:0:0,9:0:0,18:0:0,7:0:0
61313,942,Battlefield 4,1300,75,6:0:0,9:0:0,18:0:0,7:0:0
61314,16621,Titanfall,136,75,7:0:0,29:0:0,80:0:0,13:0:0
61331,44045,Pillars of Eternity II: Deadfire,348,85,43:0:0,64:0:0,98:0:0,70:0:0
61357,44045,Pillars of Eternity II: Deadfire,348,85,43:0:0,64:0:0,98:0:0,70:0:0
61366,57795,Life Is Strange 2,1100,70,16:0:0,18:0:0,20:0:0,18:0:0
61410,6591,NieR,571,80,20:0:0,35:0:0,66:0:0,32:0:0
61623,6085,Mirror's Edge,3000,75,6:0:0,8:0:0,12:0:0,7:0:0
61624,7427,Puzzle Quest: Challenge of the Warlords,109,80,34:0:0,42:0:0,55:0:0,41:0:0
61653,77878,Double Trouble,1,80,7:0:0,0:0:0,0:0:0,7:0:0
61675,44852,Marvel's Spider-Man,5000,85,17:0:0,26:0:0,35:0:0,27:0:0
61676,44852,Marvel's Spider-Man,5000,85,17:0:0,26:0:0,35:0:0,27:0:0
61920,44852,Marvel's Spider-Man,5000,85,17:0:0,26:0:0,35:0:0,27:0:0
62005,57518,Overcooked 2,562,80,7:0:0,12:0:0,23:0:0,11:0:0
62016,43852,Hidden Folks,338,70,3:0:0,5:0:0,7:0:0,6:0:0
62027,131201,Toby's Dream,8,75,0:15:0,0:24:0,0:30:0,0:24:0
62027,85387,Melody of Mystery,35,80,5:0:0,6:0:0,7:0:0,6:0:0
62031,87435,The Ditzy Demons Are in Love With Me - Fandisc,1,0,12:0:0,0:0:0,0:0:0,12:0:0
62047,101297,Wounds of Eventide,1,80,0:0:0,0:0:0,2:0:0,2:0:0
62047,83768,The Stir of Dawn,10,80,3:0:0,6:0:0,6:0:0,5:0:0
62047,89497,Strife & Ruin,7,70,3:0:0,4:0:0,0:0:0,3:0:0
62070,41878,Beholder,265,70,6:0:0,10:0:0,21:0:0,9:0:0
62071,48486,XCOM 2: War of the Chosen,189,85,36:0:0,53:0:0,91:0:0,55:0:0
62076,127919,[CLOCK REMAINS],0,0,0:0:0,0:0:0,0:0:0,0:0:0
62114,35905,Sixtieth Kilometer,16,60,3:0:0,4:0:0,4:0:0,4:0:0
62187,12496,Groove Coaster,2,80,0:15:0,4:0:0,0:0:0,2:0:0
62194,71713,Yumi Reflexions Course & 9-Outfit Set,1,60,0:0:0,2:0:0,0:0:0,2:0:0
62194,71715,Yomi Reflexions Course & 12-Outfit Set,0,0,0:0:0,0:0:0,0:0:0,0:0:0
62194,142114,Ryōna Reflexions Course & 7-Outfit Set,0,0,0:0:0,0:0:0,0:0:0,0:0:0
62194,71714,Murasaki Reflexions Course & 7-Outfit Set,0,0,0:0:0,0:0:0,0:0:0,0:0:0
62224,79861,Crash,61,80,8:0:0,9:0:0,10:0:0,9:0:0
62282,2675,Don't Starve,77,70,29:0:0,69:0:0,103:0:0,48:0:0
62348,38054,Dead Rising 4,253,65,10:0:0,19:0:0,31:0:0,14:0:0
62469,22658,This War of Mine,429,80,11:0:0,20:0:0,40:0:0,16:0:0
62519,109314,GreedFall - The De Vespe Conspiracy,7,65,3:0:0,3:0:0,3:0:0,3:0:0
62548,52962,Railway Empire,38,70,21:0:0,57:0:0,191:0:0,40:0:0
62549,52962,Railway Empire,38,70,21:0:0,57:0:0,191:0:0,40:0:0
62550,52962,Railway Empire,38,70,21:0:0,57:0:0,191:0:0,40:0:0
62579,93162,City of Ghosts,27,80,8:0:0,11:0:0,15:0:0,10:0:0
62616,72474,Heretek,0,60,0:0:0,0:0:0,0:0:0,0:0:0
62632,44045,Pillars of Eternity II: Deadfire,348,85,43:0:0,64:0:0,98:0:0,70:0:0
62781,55661,Forza Horizon 4,779,85,14:0:0,48:0:0,153:0:0,48:0:0
62811,69451,Mutant Year Zero: Seed of Evil,29,75,5:0:0,8:0:0,10:0:0,8:0:0
62916,57503,Assassin's Creed Odyssey,5400,80,45:0:0,85:0:0,144:0:0,94:0:0
62931,77891,Aftermath,121,80,3:0:0,4:0:0,5:0:0,3:0:0
62935,81114,Peril on Gorgon,121,75,4:0:0,8:0:0,13:0:0,8:0:0
62935,81131,Murder on Eridanos,108,75,5:0:0,9:0:0,11:0:0,8:0:0
62984,87786,Necrobarista: Walking to the Sky,5,95,1:0:0,0:0:0,0:0:0,1:0:0
63036,40715,Sniper Elite 4,679,75,11:0:0,17:0:0,43:0:0,15:0:0
63039,40715,Sniper Elite 4,679,75,11:0:0,17:0:0,43:0:0,15:0:0
63040,40715,Sniper Elite 4,679,75,11:0:0,17:0:0,43:0:0,15:0:0
63041,40715,Sniper Elite 4,679,75,11:0:0,17:0:0,43:0:0,15:0:0
63112,103564,Chapter 2,1,0,1:0:0,0:0:0,0:0:0,1:0:0
63157,44590,Prey,2800,85,16:0:0,28:0:0,46:0:0,27:0:0
63171,44914,The Surge,419,70,21:0:0,28:0:0,48:0:0,28:0:0
63241,71610,Miyabi Campaign,3,65,1:0:0,0:0:0,0:0:0,1:0:0
63241,71611,Yumi Campaign,4,60,0:54:0,0:0:0,0:58:0,0:56:0
63248,95241,Lawless Lands - Unrest,0,0,0:0:0,0:0:0,0:0:0,0:0:0
63634,45367,Syberia 3,142,55,12:0:0,15:0:0,16:0:0,14:0:0
63808,50209,MudRunner,84,70,17:0:0,24:0:0,42:0:0,26:0:0
63956,60043,Two Point Hospital,118,75,40:0:0,73:0:0,122:0:0,68:0:0
63969,19218,Enemy Front,138,55,6:0:0,7:0:0,10:0:0,6:0:0
64170,42836,Fire Emblem Warriors,437,70,12:0:0,34:0:0,217:0:0,23:0:0
64171,42836,Fire Emblem Warriors,437,70,12:0:0,34:0:0,217:0:0,23:0:0
64234,66562,Black Dandelion,7,55,0:44:0,0:0:0,0:0:0,0:44:0
64234,66563,Bubblegum Fatale,8,65,1:0:0,2:0:0,0:0:0,2:0:0
64475,81430,Chaos Campaign,2,70,0:0:0,14:0:0,22:0:0,18:0:0
64487,57795,Life Is Strange 2,1100,70,16:0:0,18:0:0,20:0:0,18:0:0
64684,80770,Unheard - The Lethal Script,6,90,0:0:0,3:0:0,4:0:0,3:0:0
64849,74719,The Llama of Wall Street,2,70,6:0:0,0:0:0,0:0:0,6:0:0
64970,37867,Sid Meier's Civilization VI,320,80,23:0:0,96:0:0,382:0:0,59:0:0
64978,53721,Gravel,66,65,8:0:0,11:0:0,17:0:0,11:0:0
64989,81017,Big Block,0,85,0:0:0,0:0:0,0:0:0,0:0:0
65003,57479,Resident Evil 2,5400,90,9:0:0,15:0:0,36:0:0,12:0:0
65027,51233,Shadow of the Tomb Raider,2600,75,13:0:0,23:0:0,38:0:0,21:0:0
65056,21697,Kingdom Come: Deliverance,1100,80,41:0:0,80:0:0,131:0:0,80:0:0
65078,66610,Sixty-Six,2,75,0:56:0,10:0:0,0:0:0,5:0:0
65078,70310,Crash & Sunburn,1,80,0:0:0,10:0:0,0:0:0,10:0:0
65104,88905,Season 1,1,0,0:40:0,0:0:0,0:0:0,0:40:0
65104,88959,Season 2,1,0,0:55:0,0:0:0,0:0:0,0:55:0
65104,88987,Season 3,1,0,1:0:0,0:0:0,0:0:0,1:0:0
65104,89011,Season 4,1,0,0:35:0,0:0:0,0:0:0,0:35:0
65104,88268,Colin McRae: FLAT OUT Pack,2,0,15:0:0,0:0:0,0:0:0,15:0:0
65200,70975,Curse of the Vampire,3,55,3:0:0,4:0:0,0:0:0,3:0:0
65200,74248,Rise of the Phoenix,2,65,3:0:0,0:0:0,0:0:0,3:0:0
65200,74250,Shadow of Doom,7,70,3:0:0,5:0:0,0:0:0,3:0:0
65204,53721,Gravel,66,65,8:0:0,11:0:0,17:0:0,11:0:0
65205,53721,Gravel,66,65,8:0:0,11:0:0,17:0:0,11:0:0
65206,53721,Gravel,66,65,8:0:0,11:0:0,17:0:0,11:0:0
65235,74106,The Isle of Armor,263,65,5:0:0,10:0:0,17:0:0,9:0:0
65235,74107,The Crown Tundra,180,75,6:0:0,13:0:0,27:0:0,11:0:0
65273,45524,Darksiders III,698,70,14:0:0,19:0:0,31:0:0,18:0:0
65320,28963,"Warhammer 40,000: Armageddon",13,70,30:0:0,59:0:0,107:0:0,40:0:0
65322,44591,"Warhammer 40,000: Sanctus Reach",6,70,18:0:0,44:0:0,45:0:0,41:0:0
65323,44591,"Warhammer 40,000: Sanctus Reach",6,70,18:0:0,44:0:0,45:0:0,41:0:0
65337,71906,Temptations Puzzle Pack,8,70,1:0:0,1:0:0,1:0:0,1:0:0
65337,87578,Revelations Puzzle Pack,6,70,0:54:0,1:0:0,1:0:0,1:0:0
65337,130851,Lunar Year Puzzle,2,75,0:15:0,0:0:0,0:31:0,0:23:0
65337,119706,Scaryfolks Puzzle Pack,3,75,0:59:0,0:0:0,2:0:0,1:0:0
65387,75811,Doom II: Unofficial WADs,0,85,0:0:0,0:0:0,0:0:0,0:0:0
65388,12211,Earth 2140,4,40,7:0:0,0:0:0,19:0:0,16:0:0
65413,50603,Mirror,172,70,6:0:0,9:0:0,14:0:0,10:0:0
65502,12654,Final Fantasy XIV,442,80,100:0:0,312:0:0,3347:0:0,246:0:0
65503,12654,Final Fantasy XIV,442,80,100:0:0,312:0:0,3347:0:0,246:0:0
65512,12211,Earth 2140,4,40,7:0:0,0:0:0,19:0:0,16:0:0
65563,11847,Grim Dawn,517,80,21:0:0,47:0:0,187:0:0,41:0:0
65583,44591,"Warhammer 40,000: Sanctus Reach",6,70,18:0:0,44:0:0,45:0:0,41:0:0
65674,43499,Tom Clancy's Ghost Recon Wildlands,736,75,27:0:0,53:0:0,83:0:0,55:0:0
65675,43499,Tom Clancy's Ghost Recon Wildlands,736,75,27:0:0,53:0:0,83:0:0,55:0:0
65706,19217,Captain Toad: Treasure Tracker,1100,80,7:0:0,11:0:0,19:0:0,11:0:0
65707,3528,Final Fantasy XI,34,75,104:0:0,727:0:0,2880:0:0,487:0:0
65708,3528,Final Fantasy XI,34,75,104:0:0,727:0:0,2880:0:0,487:0:0
65709,3528,Final Fantasy XI,34,75,104:0:0,727:0:0,2880:0:0,487:0:0
65710,3528,Final Fantasy XI,34,75,104:0:0,727:0:0,2880:0:0,487:0:0
65711,3528,Final Fantasy XI,34,75,104:0:0,727:0:0,2880:0:0,487:0:0
65712,3528,Final Fantasy XI,34,75,104:0:0,727:0:0,2880:0:0,487:0:0
65713,3528,Final Fantasy XI,34,75,104:0:0,727:0:0,2880:0:0,487:0:0
65714,3528,Final Fantasy XI,34,75,104:0:0,727:0:0,2880:0:0,487:0:0
65715,3528,Final Fantasy XI,34,75,104:0:0,727:0:0,2880:0:0,487:0:0
65716,3528,Final Fantasy XI,34,75,104:0:0,727:0:0,2880:0:0,487:0:0
65717,3528,Final Fantasy XI,34,75,104:0:0,727:0:0,2880:0:0,487:0:0
65718,3528,Final Fantasy XI,34,75,104:0:0,727:0:0,2880:0:0,487:0:0
65722,37867,Sid Meier's Civilization VI,320,80,23:0:0,96:0:0,382:0:0,59:0:0
65732,73021,Octavo's Ode,35,75,3:0:0,5:0:0,5:0:0,4:0:0
65732,81567,Symphony of the Mask,24,80,5:0:0,6:0:0,6:0:0,6:0:0
65882,73101,Moxxi's Heist of the Handsome Jackpot,123,75,6:0:0,9:0:0,10:0:0,9:0:0
65882,76195,"Guns, Love, and Tentacles",99,75,5:0:0,10:0:0,11:0:0,9:0:0
65882,80512,Bounty of Blood,78,75,5:0:0,7:0:0,11:0:0,8:0:0
65882,82985,Psycho Krieg and the Fantastic Fustercluck,82,70,4:0:0,5:0:0,6:0:0,5:0:0
65904,9850,The Elder Scrolls III: Morrowind,353,85,44:0:0,105:0:0,322:0:0,94:0:0
65911,55977,BattleTech,120,75,51:0:0,75:0:0,147:0:0,71:0:0
65914,51233,Shadow of the Tomb Raider,2600,75,13:0:0,23:0:0,38:0:0,21:0:0
65915,51233,Shadow of the Tomb Raider,2600,75,13:0:0,23:0:0,38:0:0,21:0:0
65916,51233,Shadow of the Tomb Raider,2600,75,13:0:0,23:0:0,38:0:0,21:0:0
65917,51233,Shadow of the Tomb Raider,2600,75,13:0:0,23:0:0,38:0:0,21:0:0
65919,43894,Destiny 2,799,70,12:0:0,40:0:0,180:0:0,35:0:0
65920,43894,Destiny 2,799,70,12:0:0,40:0:0,180:0:0,35:0:0
65927,3537,Final Fantasy XV,2800,75,28:0:0,53:0:0,95:0:0,51:0:0
65934,14121,Hearthstone: Heroes of Warcraft,45,75,37:0:0,80:0:0,524:0:0,95:0:0
65935,43394,Fire Emblem Heroes,29,65,9:0:0,115:0:0,1523:0:0,56:0:0
65936,43394,Fire Emblem Heroes,29,65,9:0:0,115:0:0,1523:0:0,56:0:0
65937,3537,Final Fantasy XV,2800,75,28:0:0,53:0:0,95:0:0,51:0:0
65947,88989,The Soroboreans,0,60,0:0:0,0:0:0,0:0:0,0:0:0
65951,21697,Kingdom Come: Deliverance,1100,80,41:0:0,80:0:0,131:0:0,80:0:0
65957,26730,The Elder Scrolls: Legends,17,65,4:0:0,61:0:0,726:0:0,21:0:0
65966,21697,Kingdom Come: Deliverance,1100,80,41:0:0,80:0:0,131:0:0,80:0:0
65971,20073,Tom Clancy's The Division,825,70,24:0:0,47:0:0,85:0:0,44:0:0
65990,51233,Shadow of the Tomb Raider,2600,75,13:0:0,23:0:0,38:0:0,21:0:0
66080,26286,Hollow Knight,7000,90,27:0:0,42:0:0,64:0:0,42:0:0
66081,26286,Hollow Knight,7000,90,27:0:0,42:0:0,64:0:0,42:0:0
66083,26286,Hollow Knight,7000,90,27:0:0,42:0:0,64:0:0,42:0:0
66095,43900,Zup! 4,87,55,0:47:0,1:0:0,1:0:0,0:59:0
66107,60050,Pathfinder: Kingmaker,288,75,77:0:0,127:0:0,200:0:0,132:0:0
66305,81011,Multiplayer Pack,0,60,0:0:0,0:0:0,0:0:0,0:0:0
66447,57514,Devil May Cry 5,2300,85,11:0:0,17:0:0,74:0:0,14:0:0
66479,117969,The Textorcist: The Village,3,80,2:0:0,0:0:0,0:0:0,2:0:0
66507,57513,Super Smash Bros. Ultimate,1500,90,24:0:0,42:0:0,75:0:0,40:0:0
66557,71189,"Ciconia When They Cry - Phase 1: For You, the Replaceable Ones",22,85,19:0:0,20:0:0,20:0:0,20:0:0
66562,64234,Travis Strikes Again: No More Heroes,145,70,9:0:0,12:0:0,17:0:0,11:0:0
66563,64234,Travis Strikes Again: No More Heroes,145,70,9:0:0,12:0:0,17:0:0,11:0:0
66595,132393,Tren,0,80,0:0:0,0:0:0,0:0:0,0:0:0
66610,65078,Trials Rising,58,75,18:0:0,32:0:0,86:0:0,27:0:0
66615,51233,Shadow of the Tomb Raider,2600,75,13:0:0,23:0:0,38:0:0,21:0:0
66646,583,ARMA: Armed Assault,7,70,12:0:0,14:0:0,30:0:0,17:0:0
66676,69052,Episode 1,65,80,7:0:0,11:0:0,11:0:0,10:0:0
66676,69053,Episode 2,48,75,5:0:0,7:0:0,9:0:0,8:0:0
66676,69054,Episode 3,48,80,5:0:0,6:0:0,8:0:0,7:0:0
66700,130,A Hat in Time,1500,80,9:0:0,15:0:0,18:0:0,14:0:0
66743,108698,Episode 1,1,70,2:0:0,0:0:0,0:0:0,2:0:0
66785,57518,Overcooked 2,562,80,7:0:0,12:0:0,23:0:0,11:0:0
66855,7720,Resident Evil 4,3500,90,16:0:0,19:0:0,31:0:0,18:0:0
66949,52117,The Council,254,70,14:0:0,17:0:0,19:0:0,16:0:0
66950,52117,The Council,254,70,14:0:0,17:0:0,19:0:0,16:0:0
66951,52117,The Council,254,70,14:0:0,17:0:0,19:0:0,16:0:0
66952,52117,The Council,254,70,14:0:0,17:0:0,19:0:0,16:0:0
66979,12654,Final Fantasy XIV,442,80,100:0:0,312:0:0,3347:0:0,246:0:0
67058,57795,Life Is Strange 2,1100,70,16:0:0,18:0:0,20:0:0,18:0:0
67089,52493,Monster Hunter: World,1800,85,47:0:0,114:0:0,411:0:0,107:0:0
67127,59433,Noel The Mortal Fate S1-7,7,85,12:0:0,12:0:0,33:0:0,14:0:0
67294,33210,Earth Defense Force 4.1: The Shadow of New Despair,61,75,22:0:0,47:0:0,257:0:0,40:0:0
67313,39689,Titan Quest: Anniversary Edition,248,75,31:0:0,45:0:0,103:0:0,46:0:0
67325,33210,Earth Defense Force 4.1: The Shadow of New Despair,61,75,22:0:0,47:0:0,257:0:0,40:0:0
67410,89268,Curse of Dreadbear,3,70,0:0:0,3:0:0,5:0:0,5:0:0
67447,57503,Assassin's Creed Odyssey,5400,80,45:0:0,85:0:0,144:0:0,94:0:0
67709,149166,Expansion 1: Tunnels of Terror,0,0,0:0:0,0:0:0,0:0:0,0:0:0
67709,113057,Expansion 2: Children of the Worm,6,65,2:0:0,0:0:0,0:0:0,2:0:0
67709,148204,Expansion 3: River of Blood,4,65,2:0:0,0:0:0,0:0:0,2:0:0
67803,21697,Kingdom Come: Deliverance,1100,80,41:0:0,80:0:0,131:0:0,80:0:0
67880,74423,The Kraken,14,70,2:0:0,2:0:0,3:0:0,2:0:0
67961,86734,Operation: Kate Bishop - Taking AIM,73,65,4:0:0,4:0:0,5:0:0,4:0:0
67961,88736,Operation: Hawkeye - Future Imperfect,68,65,3:0:0,3:0:0,4:0:0,3:0:0
67961,89878,Operation: Black Panther - War for Wakanda,57,65,4:0:0,4:0:0,5:0:0,4:0:0
67961,99845,Hero Event: Spider-Man - With Great Power,1,70,6:0:0,0:0:0,0:0:0,6:0:0
67961,122954,Hero Event: The Mighty Thor,5,70,3:0:0,6:0:0,8:0:0,6:0:0
67961,123028,Hero Event: Winter Soldier,5,70,3:0:0,5:0:0,14:0:0,6:0:0
68032,90598,Arctic Pack,2,80,3:0:0,11:0:0,0:0:0,7:0:0
68032,126316,Conservation Pack,0,0,0:0:0,0:0:0,0:0:0,0:0:0
68084,17596,The Elder Scrolls Online,145,70,47:0:0,210:0:0,527:0:0,186:0:0
68118,137871,Beyond the Dawn,95,70,11:0:0,18:0:0,23:0:0,18:0:0
68133,83957,"Chapter I: Farewell, Archaic Lord",36,75,17:0:0,64:0:0,70:0:0,50:0:0
68133,83956,Prologue: The Outlander Who Caught the Wind,52,75,19:0:0,27:0:0,37:0:0,24:0:0
68133,97158,Chapter II: Omnipresence Over Mortals,18,70,20:0:0,107:0:0,472:0:0,58:0:0
68133,113540,Chapter III: Through Mists of Smoke and Forests Dark,17,75,19:0:0,52:0:0,203:0:0,47:0:0
68133,134825,Chapter IV: Prelude of Blancheur and Noirceur,14,80,9:0:0,36:0:0,128:0:0,21:0:0
68149,81013,Jungle Awakens,10,65,2:0:0,2:0:0,4:0:0,2:0:0
68149,82896,Creeping Winter,7,65,1:0:0,2:0:0,2:0:0,1:0:0
68149,86447,Howling Peaks,6,65,2:0:0,3:0:0,0:0:0,2:0:0
68149,102652,Flames of the Nether,3,60,0:49:0,3:0:0,0:0:0,2:0:0
68149,93408,Hidden Depths,7,60,1:0:0,3:0:0,5:0:0,2:0:0
68149,102243,Echoing Void,3,60,2:0:0,8:0:0,0:0:0,3:0:0
68151,139385,Shadow of the Erdtree,901,90,26:0:0,38:0:0,50:0:0,40:0:0
68153,1274,Borderlands 2,3500,80,30:0:0,55:0:0,130:0:0,52:0:0
68156,126879,Spider's Thread,21,80,10:0:0,11:0:0,18:0:0,13:0:0
68169,92439,Greatest Time of the Year,57,70,0:38:0,1:0:0,4:0:0,2:0:0
68174,55661,Forza Horizon 4,779,85,14:0:0,48:0:0,153:0:0,48:0:0
68237,93958,of the Dead,0,50,0:0:0,0:0:0,0:0:0,0:0:0
68237,93914,Bloodline,106,75,5:0:0,8:0:0,10:0:0,8:0:0
68236,87721,A New God,114,70,11:0:0,12:0:0,13:0:0,12:0:0
68236,90442,Myths of the Eastern Realm,96,65,4:0:0,7:0:0,9:0:0,7:0:0
68236,91985,The Lost Gods,47,60,10:0:0,12:0:0,16:0:0,13:0:0
68240,99101,Happy Home Paradise,19,80,23:0:0,32:0:0,42:0:0,26:0:0
68245,80062,Winter's Fair,3,70,0:27:0,0:33:0,0:0:0,0:31:0
68260,91361,Lords of the West,4,80,11:0:0,15:0:0,21:0:0,16:0:0
68260,96719,Dawn of the Dukes,3,75,14:0:0,16:0:0,16:0:0,16:0:0
68260,109906,Dynasties of India,2,70,11:0:0,12:0:0,0:0:0,11:0:0
68260,146739,The Mountain Royals,0,75,0:0:0,0:0:0,0:0:0,0:0:0
68262,77694,A New Power Awakens: Part 1,32,60,2:0:0,2:0:0,4:0:0,2:0:0
68262,86833,A New Power Awakens: Part 2,30,65,2:0:0,3:0:0,4:0:0,3:0:0
68262,93984,Trunks: The Warrior of Hope,31,80,4:0:0,5:0:0,8:0:0,5:0:0
68262,121043,Bardock: Alone Against Fate,17,70,3:0:0,4:0:0,7:0:0,4:0:0
68262,136560,The 23rd World Tournament,12,75,3:0:0,5:0:0,0:0:0,3:0:0
68262,146032,Goku's Next Journey,6,75,1:0:0,2:0:0,5:0:0,2:0:0
68263,103492,Operation Catalyst,41,50,3:0:0,3:0:0,3:0:0,3:0:0
68263,103493,Operation Spectre,6,75,3:0:0,0:0:0,3:0:0,3:0:0
68266,97520,Truth Quest,63,65,3:0:0,5:0:0,5:0:0,5:0:0
68276,113637,Worldslayer,6,65,8:0:0,15:0:0,0:0:0,9:0:0
68279,96544,2089,9,85,0:44:0,0:51:0,0:0:0,0:45:0
68279,96543,Smoke & Thunder,4,80,0:33:0,0:41:0,0:0:0,0:34:0
68318,102469,Swamps of Corsus,4,70,0:0:0,4:0:0,0:0:0,4:0:0
68318,82915,Subject 2923,45,70,5:0:0,6:0:0,6:0:0,5:0:0
68368,78005,Hot Garbage,44,70,2:0:0,3:0:0,3:0:0,2:0:0
68375,153089,Zombie Case,0,55,0:0:0,0:0:0,0:0:0,0:0:0
68420,57513,Super Smash Bros. Ultimate,1500,90,24:0:0,42:0:0,75:0:0,40:0:0
68421,57513,Super Smash Bros. Ultimate,1500,90,24:0:0,42:0:0,75:0:0,40:0:0
68498,57518,Overcooked 2,562,80,7:0:0,12:0:0,23:0:0,11:0:0
68561,40347,Zup!,201,50,0:23:0,0:30:0,0:39:0,0:35:0
68914,52505,Attack on Titan 2,151,75,16:0:0,29:0:0,86:0:0,24:0:0
68963,56199,Ancestors Legacy,28,65,29:0:0,36:0:0,43:0:0,37:0:0
68974,113247,Blue Sun,5,70,5:0:0,6:0:0,0:0:0,6:0:0
69053,66676,Assassin's Creed Odyssey - The Fate of Atlantis,264,80,15:0:0,22:0:0,28:0:0,24:0:0
69052,66676,Assassin's Creed Odyssey - The Fate of Atlantis,264,80,15:0:0,22:0:0,28:0:0,24:0:0
69054,66676,Assassin's Creed Odyssey - The Fate of Atlantis,264,80,15:0:0,22:0:0,28:0:0,24:0:0
69067,60176,The Messenger,1600,85,12:0:0,14:0:0,16:0:0,14:0:0
69219,45524,Darksiders III,698,70,14:0:0,19:0:0,31:0:0,18:0:0
69224,94581,Season 1,2,60,0:0:0,8:0:0,9:0:0,9:0:0
69224,94614,Season 2,2,60,8:0:0,9:0:0,0:0:0,9:0:0
69224,96892,Season 3,2,60,0:0:0,9:0:0,9:0:0,9:0:0
69273,107070,Jaws of the Lion,2,75,0:0:0,32:0:0,0:0:0,32:0:0
69273,112735,Solo Scenarios: Mercenary Challenges,1,80,84:0:0,0:0:0,0:0:0,84:0:0
69333,127607,Cyberfunk,0,0,0:0:0,0:0:0,0:0:0,0:0:0
69333,127601,Stunt Sets,0,0,0:0:0,0:0:0,0:0:0,0:0:0
69380,103357,Case #05,4,60,1:0:0,0:0:0,0:0:0,1:0:0
69451,62811,Mutant Year Zero: Road to Eden,401,75,13:0:0,18:0:0,23:0:0,18:0:0
69475,43894,Destiny 2,799,70,12:0:0,40:0:0,180:0:0,35:0:0
69493,9854,The Elder Scrolls IV: Oblivion,947,85,28:0:0,85:0:0,184:0:0,80:0:0
69494,9854,The Elder Scrolls IV: Oblivion,947,85,28:0:0,85:0:0,184:0:0,80:0:0
69495,9854,The Elder Scrolls IV: Oblivion,947,85,28:0:0,85:0:0,184:0:0,80:0:0
69497,9854,The Elder Scrolls IV: Oblivion,947,85,28:0:0,85:0:0,184:0:0,80:0:0
69556,22658,This War of Mine,429,80,11:0:0,20:0:0,40:0:0,16:0:0
69570,19512,Shovel Knight,2000,85,7:0:0,9:0:0,18:0:0,8:0:0
69576,46403,State of Decay 2,248,70,16:0:0,31:0:0,127:0:0,31:0:0
69646,71677,Halloween Special,3,85,1:0:0,0:0:0,2:0:0,2:0:0
69646,110268,Reunion,7,85,4:0:0,0:0:0,5:0:0,5:0:0
69681,26286,Hollow Knight,7000,90,27:0:0,42:0:0,64:0:0,42:0:0
69721,49382,Battlestar Galactica: Deadlock,26,65,19:0:0,27:0:0,44:0:0,26:0:0
69726,77435,The Tower,47,75,0:25:0,0:32:0,0:46:0,0:27:0
69726,85834,The Crypt,47,70,0:56:0,1:0:0,1:0:0,1:0:0
69740,28434,Hyperdimension Neptunia Re;Birth 3: V Generation,156,75,33:0:0,46:0:0,69:0:0,47:0:0
69845,57795,Life Is Strange 2,1100,70,16:0:0,18:0:0,20:0:0,18:0:0
69869,24167,Forza Motorsport 6,85,80,25:0:0,66:0:0,204:0:0,52:0:0
69898,105296,Project_Hel,92,75,3:0:0,3:0:0,5:0:0,3:0:0
70018,137655,Cultures of Africa Pack,0,0,0:0:0,0:0:0,0:0:0,0:0:0
70018,137656,Cultures of Latin America Pack,0,0,0:0:0,0:0:0,0:0:0,0:0:0
70018,137657,Together We Rule Expansion Pack,0,0,0:0:0,0:0:0,0:0:0,0:0:0
70018,137658,Cultures of Oceania Pack,0,0,0:0:0,0:0:0,0:0:0,0:0:0
70155,57513,Super Smash Bros. Ultimate,1500,90,24:0:0,42:0:0,75:0:0,40:0:0
70169,42818,Celeste,5400,90,8:0:0,14:0:0,38:0:0,12:0:0
70173,46401,Metro Exodus,2200,80,16:0:0,24:0:0,40:0:0,22:0:0
70310,65078,Trials Rising,58,75,18:0:0,32:0:0,86:0:0,27:0:0
70439,3117,Endless Space,51,70,16:0:0,44:0:0,123:0:0,27:0:0
70635,57518,Overcooked 2,562,80,7:0:0,12:0:0,23:0:0,11:0:0
70723,29923,Big Pharma,18,70,27:0:0,45:0:0,88:0:0,38:0:0
70812,14121,Hearthstone: Heroes of Warcraft,45,75,37:0:0,80:0:0,524:0:0,95:0:0
70837,8881,SpaceChem,46,75,43:0:0,57:0:0,68:0:0,58:0:0
70859,58031,Rage 2,828,65,11:0:0,19:0:0,32:0:0,17:0:0
70882,25238,Victor Vran,214,70,10:0:0,22:0:0,55:0:0,15:0:0
70888,45153,Star Wars: Battlefront II,1300,70,6:0:0,10:0:0,65:0:0,9:0:0
70936,6515,Neverwinter Nights,87,80,51:0:0,62:0:0,78:0:0,62:0:0
70975,65200,Marvel Ultimate Alliance 3: The Black Order,224,70,14:0:0,23:0:0,91:0:0,20:0:0
71406,89261,Eldfjall Island,1,90,0:0:0,0:0:0,7:0:0,7:0:0
71406,106383,Riley's Return,1,90,0:0:0,0:0:0,2:0:0,2:0:0
71406,124493,Misty Peak,1,0,0:0:0,0:0:0,2:0:0,2:0:0
71521,12654,Final Fantasy XIV,442,80,100:0:0,312:0:0,3347:0:0,246:0:0
71550,57095,Graveyard Keeper,427,75,46:0:0,56:0:0,71:0:0,57:0:0
71610,63241,Senran Kagura Burst Re:Newal,86,70,15:0:0,22:0:0,28:0:0,23:0:0
71611,63241,Senran Kagura Burst Re:Newal,86,70,15:0:0,22:0:0,28:0:0,23:0:0
71640,60071,Coloring Pixels,13,75,47:0:0,210:0:0,373:0:0,213:0:0
71641,60071,Coloring Pixels,13,75,47:0:0,210:0:0,373:0:0,213:0:0
71657,59372,Trover Saves the Universe,200,75,5:0:0,6:0:0,8:0:0,6:0:0
71677,69646,Dicey Dungeons,173,75,27:0:0,44:0:0,54:0:0,43:0:0
71713,62194,Senran Kagura Reflexions,21,55,3:0:0,3:0:0,4:0:0,3:0:0
71714,62194,Senran Kagura Reflexions,21,55,3:0:0,3:0:0,4:0:0,3:0:0
71715,62194,Senran Kagura Reflexions,21,55,3:0:0,3:0:0,4:0:0,3:0:0
71794,41447,Glass Masquerade,301,75,4:0:0,5:0:0,6:0:0,5:0:0
71854,46558,City Car Driving,4,60,8:0:0,107:0:0,0:0:0,21:0:0
71906,65337,Glass Masquerade 2: Illusions,116,70,8:0:0,10:0:0,20:0:0,14:0:0
71910,77912,Pixel Puzzles Traditional Jigsaws,3,50,17:0:0,40:0:0,319:0:0,83:0:0
71948,127604,Infiltrator Mode,14,70,0:49:0,0:55:0,1:0:0,1:0:0
71948,104338,Annihilation Line,37,75,5:0:0,5:0:0,6:0:0,6:0:0
71960,140232,Vessel of Hatred,1,0,13:0:0,0:0:0,0:0:0,13:0:0
71968,82481,Chapter One: Homecoming,102,75,3:0:0,3:0:0,4:0:0,3:0:0
71968,82774,Chapter Two: Family Secrets,75,75,3:0:0,3:0:0,4:0:0,3:0:0
71968,82786,Chapter Three: Inheritance,70,75,3:0:0,3:0:0,3:0:0,3:0:0
71996,44228,In Fear I Trust - Episode 1: Waking Up,4,50,0:43:0,0:0:0,0:59:0,0:53:0
72031,27102,We Happy Few,163,65,21:0:0,40:0:0,66:0:0,35:0:0
72058,26767,Ashen,185,75,16:0:0,21:0:0,26:0:0,21:0:0
72066,60071,Coloring Pixels,13,75,47:0:0,210:0:0,373:0:0,213:0:0
72067,114347,Half-Life: Incursion,2,0,1:0:0,0:0:0,0:0:0,1:0:0
72265,129435,Palace of Ice,15,70,8:0:0,29:0:0,36:0:0,29:0:0
72265,107160,Lost Valley,13,75,30:0:0,35:0:0,75:0:0,37:0:0
72273,15964,FortressCraft Evolved,2,55,111:0:0,0:0:0,0:0:0,111:0:0
72312,3964,Go! Go! Nippon! ~My First Trip to Japan~,92,60,3:0:0,4:0:0,6:0:0,4:0:0
72426,89981,Open World Game: the Open World Game - The Gratuitous,0,0,0:0:0,0:0:0,0:0:0,0:0:0
72471,44228,In Fear I Trust - Episode 1: Waking Up,4,50,0:43:0,0:0:0,0:59:0,0:53:0
72472,44228,In Fear I Trust - Episode 1: Waking Up,4,50,0:43:0,0:0:0,0:59:0,0:53:0
72474,62616,"Warhammer 40,000: Mechanicus",120,75,19:0:0,30:0:0,48:0:0,28:0:0
72476,57795,Life Is Strange 2,1100,70,16:0:0,18:0:0,20:0:0,18:0:0
72699,91573,Hello Charlotte: Heaven's Gate,14,75,0:48:0,1:0:0,1:0:0,1:0:0
72705,43394,Fire Emblem Heroes,29,65,9:0:0,115:0:0,1523:0:0,56:0:0
72836,97551,The Wise Ones,1,0,0:0:0,7:0:0,0:0:0,7:0:0
72846,83658,Song of Horror - Episode 1,6,70,3:0:0,0:0:0,0:0:0,3:0:0
72846,73164,Song of Horror - Episode 2,3,80,5:0:0,0:0:0,0:0:0,5:0:0
72846,73165,Song of Horror - Episode 3,3,80,4:0:0,0:0:0,0:0:0,4:0:0
72846,83656,Song of Horror - Episode 4,3,80,5:0:0,0:0:0,0:0:0,5:0:0
72846,83657,Song of Horror - Episode 5,3,80,4:0:0,0:0:0,0:0:0,4:0:0
72887,60071,Coloring Pixels,13,75,47:0:0,210:0:0,373:0:0,213:0:0
73006,126904,Even More Girls Pack,1,45,0:0:0,0:0:0,0:28:0,0:28:0
73021,65732,Cadence of Hyrule,537,80,6:0:0,8:0:0,11:0:0,8:0:0
73030,57068,Jurassic World Evolution,242,75,25:0:0,41:0:0,66:0:0,40:0:0
73031,57068,Jurassic World Evolution,242,75,25:0:0,41:0:0,66:0:0,40:0:0
73078,57507,Control,3000,80,12:0:0,19:0:0,29:0:0,18:0:0
73101,65882,Borderlands 3,1900,75,23:0:0,45:0:0,78:0:0,41:0:0
73151,58031,Rage 2,828,65,11:0:0,19:0:0,32:0:0,17:0:0
73164,72846,Song of Horror: Complete Edition,61,70,18:0:0,22:0:0,24:0:0,19:0:0
73165,72846,Song of Horror: Complete Edition,61,70,18:0:0,22:0:0,24:0:0,19:0:0
73320,60071,Coloring Pixels,13,75,47:0:0,210:0:0,373:0:0,213:0:0
73382,36904,The Hurricane of the Varstray: Collateral Hazard,7,70,0:40:0,4:0:0,0:0:0,0:59:0
73413,75811,Doom II: Unofficial WADs,0,85,0:0:0,0:0:0,0:0:0,0:0:0
73948,34000,Rabi-Ribi,129,80,11:0:0,22:0:0,29:0:0,18:0:0
74017,13157,Kingdom Hearts III,2200,80,29:0:0,40:0:0,64:0:0,38:0:0
74075,41585,Frostpunk,888,80,10:0:0,24:0:0,58:0:0,16:0:0
74106,65235,Pokémon Sword and Shield,4100,70,26:0:0,44:0:0,108:0:0,41:0:0
74107,65235,Pokémon Sword and Shield,4100,70,26:0:0,44:0:0,108:0:0,41:0:0
74188,17596,The Elder Scrolls Online,145,70,47:0:0,210:0:0,527:0:0,186:0:0
74190,17596,The Elder Scrolls Online,145,70,47:0:0,210:0:0,527:0:0,186:0:0
74189,17596,The Elder Scrolls Online,145,70,47:0:0,210:0:0,527:0:0,186:0:0
74192,17596,The Elder Scrolls Online,145,70,47:0:0,210:0:0,527:0:0,186:0:0
74193,17596,The Elder Scrolls Online,145,70,47:0:0,210:0:0,527:0:0,186:0:0
74248,65200,Marvel Ultimate Alliance 3: The Black Order,224,70,14:0:0,23:0:0,91:0:0,20:0:0
74250,65200,Marvel Ultimate Alliance 3: The Black Order,224,70,14:0:0,23:0:0,91:0:0,20:0:0
74252,57518,Overcooked 2,562,80,7:0:0,12:0:0,23:0:0,11:0:0
74253,57518,Overcooked 2,562,80,7:0:0,12:0:0,23:0:0,11:0:0
74254,57518,Overcooked 2,562,80,7:0:0,12:0:0,23:0:0,11:0:0
74255,46401,Metro Exodus,2200,80,16:0:0,24:0:0,40:0:0,22:0:0
74296,46453,Fire Emblem: Three Houses,3300,85,49:0:0,76:0:0,210:0:0,75:0:0
74335,7720,Resident Evil 4,3500,90,16:0:0,19:0:0,31:0:0,18:0:0
74336,57513,Super Smash Bros. Ultimate,1500,90,24:0:0,42:0:0,75:0:0,40:0:0
74423,67880,The Surge 2,308,75,20:0:0,27:0:0,37:0:0,27:0:0
74473,45727,Dead Cells,1000,80,14:0:0,30:0:0,91:0:0,21:0:0
74480,14121,Hearthstone: Heroes of Warcraft,45,75,37:0:0,80:0:0,524:0:0,95:0:0
74510,156669,Escape from Pork Belly,0,100,0:0:0,0:0:0,0:0:0,0:0:0
74558,94528,Mission 1: Terror Lab,1,80,0:52:0,0:0:0,0:0:0,0:52:0
74558,94529,Mission 2: Blood Count,1,75,0:59:0,0:0:0,0:0:0,0:59:0
74558,94530,Mission 3: Deeper Than Hell,1,80,1:0:0,0:0:0,0:0:0,1:0:0
74595,10187,The Sims 2,121,75,26:0:0,49:0:0,122:0:0,39:0:0
74598,10187,The Sims 2,121,75,26:0:0,49:0:0,122:0:0,39:0:0
74599,10187,The Sims 2,121,75,26:0:0,49:0:0,122:0:0,39:0:0
74601,10187,The Sims 2,121,75,26:0:0,49:0:0,122:0:0,39:0:0
74603,10187,The Sims 2,121,75,26:0:0,49:0:0,122:0:0,39:0:0
74604,10195,The Sims 3,96,75,54:0:0,85:0:0,168:0:0,81:0:0
74607,10199,The Sims Medieval,11,75,24:0:0,35:0:0,61:0:0,34:0:0
74609,20992,The Sims 4,112,70,22:0:0,85:0:0,302:0:0,90:0:0
74610,20992,The Sims 4,112,70,22:0:0,85:0:0,302:0:0,90:0:0
74611,20992,The Sims 4,112,70,22:0:0,85:0:0,302:0:0,90:0:0
74612,20992,The Sims 4,112,70,22:0:0,85:0:0,302:0:0,90:0:0
74613,20992,The Sims 4,112,70,22:0:0,85:0:0,302:0:0,90:0:0
74614,20992,The Sims 4,112,70,22:0:0,85:0:0,302:0:0,90:0:0
74615,20992,The Sims 4,112,70,22:0:0,85:0:0,302:0:0,90:0:0
74616,20992,The Sims 4,112,70,22:0:0,85:0:0,302:0:0,90:0:0
74617,20992,The Sims 4,112,70,22:0:0,85:0:0,302:0:0,90:0:0
74618,20992,The Sims 4,112,70,22:0:0,85:0:0,302:0:0,90:0:0
74619,20992,The Sims 4,112,70,22:0:0,85:0:0,302:0:0,90:0:0
74620,20992,The Sims 4,112,70,22:0:0,85:0:0,302:0:0,90:0:0
74621,20992,The Sims 4,112,70,22:0:0,85:0:0,302:0:0,90:0:0
74622,20992,The Sims 4,112,70,22:0:0,85:0:0,302:0:0,90:0:0
74623,20992,The Sims 4,112,70,22:0:0,85:0:0,302:0:0,90:0:0
74624,20992,The Sims 4,112,70,22:0:0,85:0:0,302:0:0,90:0:0
74630,20992,The Sims 4,112,70,22:0:0,85:0:0,302:0:0,90:0:0
74632,20992,The Sims 4,112,70,22:0:0,85:0:0,302:0:0,90:0:0
74635,20992,The Sims 4,112,70,22:0:0,85:0:0,302:0:0,90:0:0
74636,20992,The Sims 4,112,70,22:0:0,85:0:0,302:0:0,90:0:0
74637,20992,The Sims 4,112,70,22:0:0,85:0:0,302:0:0,90:0:0
74638,20992,The Sims 4,112,70,22:0:0,85:0:0,302:0:0,90:0:0
74719,64849,Tropico 6,44,75,35:0:0,55:0:0,77:0:0,52:0:0
74860,129098,Live & Spooky,6,75,1:0:0,2:0:0,7:0:0,2:0:0
74860,156594,Not for Broadcast: The Timeloop,3,90,5:0:0,0:0:0,6:0:0,6:0:0
74893,8763,Sonic Generations,1200,75,6:0:0,11:0:0,24:0:0,9:0:0
74898,128947,The Wonderful One: After School Hero,3,70,2:0:0,0:0:0,0:0:0,2:0:0
74919,57518,Overcooked 2,562,80,7:0:0,12:0:0,23:0:0,11:0:0
74973,12654,Final Fantasy XIV,442,80,100:0:0,312:0:0,3347:0:0,246:0:0
74982,57507,Control,3000,80,12:0:0,19:0:0,29:0:0,18:0:0
74983,57507,Control,3000,80,12:0:0,19:0:0,29:0:0,18:0:0
75031,93887,Movers in Paradise,6,75,3:0:0,0:0:0,4:0:0,3:0:0
75126,95473,Shan Gui: Definitive Edition,1,70,0:36:0,0:0:0,0:0:0,0:36:0
75152,157521,Attactics,3,85,2:0:0,0:0:0,3:0:0,2:0:0
75152,157524,Avianos,3,85,2:0:0,0:0:0,3:0:0,2:0:0
75152,157189,Barbuta,8,70,4:0:0,5:0:0,7:0:0,4:0:0
75152,157525,Block Koala,0,0,0:0:0,0:0:0,0:0:0,0:0:0
75152,157515,Bug Hunter,3,80,5:0:0,0:0:0,0:0:0,5:0:0
75152,157266,Bushido Ball,4,65,2:0:0,0:0:0,2:0:0,2:0:0
75152,157526,Camouflage,5,75,0:0:0,0:0:0,1:0:0,1:0:0
75152,157242,Campanella,2,85,1:0:0,0:0:0,3:0:0,2:0:0
75152,157541,Campanella 2,0,0,0:0:0,0:0:0,0:0:0,0:0:0
75152,157551,Campanella 3,0,0,0:0:0,0:0:0,0:0:0,0:0:0
75152,157104,Caramel Caramel,0,90,0:0:0,0:0:0,0:0:0,0:0:0
75152,157549,Combatants,0,0,0:0:0,0:0:0,0:0:0,0:0:0
75152,157552,Cyber Owls,0,0,0:0:0,0:0:0,0:0:0,0:0:0
75152,157522,Devilition,1,0,1:0:0,0:0:0,0:0:0,1:0:0
75152,157534,Divers,1,80,0:0:0,0:0:0,6:0:0,6:0:0
75152,157547,Elfazar's Hat,1,85,0:0:0,0:0:0,1:0:0,1:0:0
75152,157540,Fist Hell,0,0,0:0:0,0:0:0,0:0:0,0:0:0
75152,157527,Golfaria,0,0,0:0:0,0:0:0,0:0:0,0:0:0
75152,157545,Grimstone,0,0,0:0:0,0:0:0,0:0:0,0:0:0
75152,157533,Hot Foot,0,0,0:0:0,0:0:0,0:0:0,0:0:0
75152,157230,Hyper Contender,1,90,0:23:0,0:0:0,0:0:0,0:23:0
75152,157523,Kick Club,1,70,0:0:0,0:0:0,4:0:0,4:0:0
75152,157546,Lords of Diskonia,0,0,0:0:0,0:0:0,0:0:0,0:0:0
75152,157518,Magic Garden,5,80,0:56:0,1:0:0,2:0:0,1:0:0
75152,157548,Mini & Max,3,90,0:0:0,6:0:0,7:0:0,6:0:0
75152,157105,Mooncat,9,90,0:50:0,1:0:0,2:0:0,2:0:0
75152,157519,Mortol,1,80,0:0:0,0:0:0,5:0:0,5:0:0
75152,157539,Mortol II,0,0,0:0:0,0:0:0,0:0:0,0:0:0
75152,157103,Night Manor,5,95,3:0:0,0:0:0,3:0:0,3:0:0
75152,157516,Ninpek,4,65,0:0:0,0:0:0,1:0:0,1:0:0
75152,157531,Onion Delivery,1,80,1:0:0,0:0:0,0:0:0,1:0:0
75152,157229,OVERBOLD,1,90,2:0:0,0:0:0,0:0:0,2:0:0
75152,157517,Paint Chase,1,70,2:0:0,0:0:0,0:0:0,2:0:0
75152,157532,Party House,1,0,0:0:0,0:0:0,5:0:0,5:0:0
75152,157232,Pilot Quest,2,70,0:0:0,18:0:0,22:0:0,20:0:0
75152,157538,Pingolf,3,85,1:0:0,0:0:0,2:0:0,1:0:0
75152,157226,Planet Zoldath,3,60,0:48:0,0:0:0,0:0:0,0:48:0
75152,157529,Porgy,3,70,6:0:0,0:0:0,8:0:0,8:0:0
75152,157550,Quibble Race,2,85,0:15:0,1:0:0,0:0:0,0:40:0
75152,157535,Rail Heist,0,0,0:0:0,0:0:0,0:0:0,0:0:0
75152,157543,Rakshasa,0,0,0:0:0,0:0:0,0:0:0,0:0:0
75152,157537,Rock On! Island,0,0,0:0:0,0:0:0,0:0:0,0:0:0
75152,157243,Seaside Drive,0,80,0:0:0,0:0:0,0:0:0,0:0:0
75152,157544,Star Waspir,0,0,0:0:0,0:0:0,0:0:0,0:0:0
75152,157412,The Big Bell Race,4,65,0:15:0,0:15:0,0:28:0,0:15:0
75152,157536,Vainger,3,95,4:0:0,0:0:0,7:0:0,6:0:0
75152,157542,Valbrace,1,80,13:0:0,0:0:0,0:0:0,13:0:0
75152,157520,Velgress,2,90,1:0:0,0:0:0,2:0:0,2:0:0
75152,157228,Waldorf’s Journey,5,80,0:38:0,1:0:0,4:0:0,1:0:0
75152,157528,Warptank,4,85,3:0:0,3:0:0,6:0:0,4:0:0
75163,152874,Bladekisser,4,75,2:0:0,2:0:0,0:0:0,2:0:0
75355,48134,West of Loathing,292,80,8:0:0,12:0:0,21:0:0,12:0:0
75437,20992,The Sims 4,112,70,22:0:0,85:0:0,302:0:0,90:0:0
75537,89947,Big Boss Bundle,7,70,0:23:0,0:0:0,1:0:0,0:33:0
75673,57480,Tom Clancy's The Division 2,570,75,26:0:0,47:0:0,96:0:0,42:0:0
75710,53040,The Adventures of Fei Duanmu,3,85,5:0:0,0:0:0,18:0:0,8:0:0
75803,119588,Out Of Time,1,70,0:0:0,5:0:0,0:0:0,5:0:0
75808,26803,Dark Souls III,5500,90,32:0:0,48:0:0,100:0:0,50:0:0
75811,84646,Action Doom,5,70,0:57:0,0:0:0,0:0:0,0:57:0
75811,15105,Congestion 64,3,55,0:15:0,0:0:0,0:0:0,0:15:0
75811,98128,Cyb's Freaky Colonoscopy,2,80,2:0:0,0:0:0,0:0:0,2:0:0
75811,97929,Dawn: A Prelude,1,0,2:0:0,0:0:0,0:0:0,2:0:0
75811,84080,DOOM: The Golden Souls,10,80,3:0:0,6:0:0,6:0:0,5:0:0
75811,87528,Doom: The Golden Souls 2,4,0,10:0:0,17:0:0,0:0:0,12:0:0
75811,93073,HDoom,0,80,0:0:0,0:0:0,0:0:0,0:0:0
75811,93078,Monster Girl Quest 3D,1,0,0:45:0,0:0:0,0:0:0,0:45:0
75811,98127,Project Brutality,0,100,0:0:0,0:0:0,0:0:0,0:0:0
75811,97380,"Sean Connery Gets a Wrench Stuck Up His Anal Hole: the Movie, the Game",2,0,0:15:0,0:0:0,0:0:0,0:15:0
75811,97872,The Darkest Hour,2,70,2:0:0,0:0:0,0:0:0,2:0:0
75811,87581,The Legend of Zelda: Total Conversion,1,0,0:15:0,0:0:0,0:0:0,0:15:0
75811,87719,Zombies Ate My Neighbors TC,1,0,0:22:0,0:0:0,0:0:0,0:22:0
75811,85107,A Fistful of Doom,4,70,0:18:0,0:0:0,0:28:0,0:19:0
75811,21004,Memento Mori,5,75,7:0:0,7:0:0,0:0:0,7:0:0
75811,146856,Obituary,2,45,3:0:0,0:0:0,0:0:0,3:0:0
75811,21123,Eternal Doom,3,75,12:0:0,0:0:0,0:0:0,12:0:0
75811,38766,Hell to Pay,2,60,4:0:0,0:0:0,0:0:0,4:0:0
75811,38765,Perdition's Gate,3,70,3:0:0,0:0:0,0:0:0,3:0:0
75811,33942,Hacx: Twitch 'n Kill,2,60,5:0:0,0:0:0,0:0:0,5:0:0
75811,73413,Batman Doom,3,80,3:0:0,4:0:0,0:0:0,4:0:0
75811,112775,Doom: Revolution!,4,65,4:0:0,0:0:0,0:0:0,4:0:0
75811,93350,NUTS,2,70,0:31:0,0:0:0,0:0:0,0:31:0
75811,93068,Doom Raider,1,0,0:35:0,0:0:0,0:0:0,0:35:0
75811,95922,The Brotherhood of Ruin,2,45,2:0:0,0:0:0,0:0:0,2:0:0
75811,38814,Scythe,8,85,4:0:0,4:0:0,0:0:0,4:0:0
75811,93391,NUTS 2,1,0,0:15:0,0:0:0,0:0:0,0:15:0
75811,93392,NUTS 3,1,0,0:38:0,0:0:0,0:0:0,0:38:0
75811,15336,Congestion 1024,2,75,3:0:0,0:0:0,0:0:0,3:0:0
75811,38808,Scythe II,3,80,5:0:0,21:0:0,0:0:0,7:0:0
75811,14938,2 Sectors,2,60,0:40:0,0:0:0,0:0:0,0:40:0
75811,95977,Epic (Doom II),1,0,2:0:0,0:0:0,0:0:0,2:0:0
75811,21020,Deus Vult,1,80,2:0:0,0:0:0,0:0:0,2:0:0
75811,76050,Temple of the Lizardmen,2,70,0:45:0,0:0:0,0:0:0,0:45:0
75811,104638,Claustrophobia 1024,1,0,3:0:0,0:0:0,0:0:0,3:0:0
75811,84597,Lunatic,2,80,0:58:0,0:0:0,0:0:0,0:58:0
75811,107340,Bastardos - Episode 1,0,0,0:0:0,0:0:0,0:0:0,0:0:0
75811,39085,Back to Saturn X - EP1: Get Out Of My Stations,3,90,6:0:0,21:0:0,0:0:0,9:0:0
75811,34904,Doom 2 the Way id Did,2,85,4:0:0,5:0:0,0:0:0,5:0:0
75811,25503,Pirate Doom,6,85,4:0:0,4:0:0,0:0:0,4:0:0
75811,96208,Going Down,3,85,4:0:0,16:0:0,0:0:0,6:0:0
75811,42954,Back to Saturn X - EP2: Tower in the Fountain of Sparks,2,100,11:0:0,11:0:0,0:0:0,11:0:0
75811,98159,Trailblazer,0,0,0:0:0,0:0:0,0:0:0,0:0:0
75811,38944,Valiant,2,95,0:0:0,14:0:0,0:0:0,14:0:0
75811,34206,Extermination Day,4,90,7:0:0,8:0:0,0:0:0,7:0:0
75811,42953,Japanese Community Project,5,85,7:0:0,0:0:0,13:0:0,8:0:0
75811,83615,Solace Dreams,1,60,6:0:0,0:0:0,0:0:0,6:0:0
75811,83903,Poharex: The Second Invasion,1,0,0:50:0,0:0:0,0:0:0,0:50:0
75811,109278,DOOM: Deathless,3,80,3:0:0,4:0:0,0:0:0,4:0:0
75811,130868,Circle of Caina,3,70,2:0:0,0:0:0,0:0:0,2:0:0
75811,98161,Monuments of Mars,3,60,1:0:0,2:0:0,0:0:0,1:0:0
75811,130678,Forest Swords,3,60,2:0:0,0:0:0,0:0:0,2:0:0
75811,130906,Coffin Curse,1,70,2:0:0,0:0:0,0:0:0,2:0:0
75811,130927,Vicarious Reality,1,75,2:0:0,0:0:0,0:0:0,2:0:0
75811,65387,Eviternity,6,85,9:0:0,15:0:0,0:0:0,12:0:0
75811,131996,Ray Mohawk's Manic Monday!,1,70,0:40:0,0:0:0,0:0:0,0:40:0
75811,100013,Rowdy Rudy's Revenge,2,0,0:55:0,2:0:0,0:0:0,1:0:0
75811,130932,MINDBLOOD GENESIS,1,75,2:0:0,0:0:0,0:0:0,2:0:0
75811,130960,Legend of the Hidden Tech,2,70,2:0:0,0:0:0,0:0:0,2:0:0
75811,131048,Earth Ends,2,50,2:0:0,0:0:0,0:0:0,2:0:0
75811,131091,Lilywhite Lilith,2,80,2:0:0,0:0:0,0:0:0,2:0:0
75811,131248,Into the Storm,2,80,2:0:0,0:0:0,0:0:0,2:0:0
75811,131699,After the Fall,1,50,2:0:0,0:0:0,0:0:0,2:0:0
75811,157382,Alone (DOOM),1,0,1:0:0,0:0:0,0:0:0,1:0:0
75811,125838,Doom II: Syringe,3,0,2:0:0,2:0:0,0:0:0,2:0:0
75811,131850,Umbral Platinum,1,80,1:0:0,0:0:0,0:0:0,1:0:0
75811,97381,John Goodman's X-Decathlon,1,0,1:0:0,0:0:0,0:0:0,1:0:0
75811,110373,Rowdy Rudy II: POWERTRIP,2,0,4:0:0,4:0:0,0:0:0,4:0:0
75811,98158,Occult Secrets of the Third Reich on Mars,2,70,2:0:0,0:0:0,0:0:0,2:0:0
75811,84651,Trench Foot,1,0,0:25:0,0:0:0,0:0:0,0:25:0
75811,102839,Ashes: Afterglow,7,85,10:0:0,13:0:0,14:0:0,13:0:0
75811,155013,Lullaby,0,80,0:0:0,0:0:0,0:0:0,0:0:0
75811,108994,Doom: Arrival,4,80,4:0:0,6:0:0,0:0:0,5:0:0
75811,130781,Doom II: Earthless - Prelude,2,0,3:0:0,4:0:0,0:0:0,3:0:0
75811,99767,Bloom,1,0,0:0:0,4:0:0,0:0:0,4:0:0
75811,110422,Doom: Anomaly Report,2,80,6:0:0,0:0:0,0:0:0,6:0:0
75811,135814,Doom: Scientist,0,0,0:0:0,0:0:0,0:0:0,0:0:0
75811,153059,Pirate Doom II,2,80,4:0:0,0:0:0,0:0:0,4:0:0
75811,152731,Ashes: Hard Reset,1,0,6:0:0,0:0:0,0:0:0,6:0:0
75884,78217,Viking Tales,9,70,0:53:0,0:55:0,1:0:0,0:56:0
75884,83078,Legends of Japan,8,75,0:43:0,0:0:0,0:55:0,0:48:0
75884,91454,Road to Rome,7,70,0:45:0,0:0:0,0:50:0,0:47:0
75884,110973,Aztec Rituals,8,65,0:48:0,0:0:0,0:50:0,0:48:0
75884,110875,Pirate Treasures,7,65,0:45:0,0:0:0,0:50:0,0:47:0
75965,60071,Coloring Pixels,13,75,47:0:0,210:0:0,373:0:0,213:0:0
75966,60071,Coloring Pixels,13,75,47:0:0,210:0:0,373:0:0,213:0:0
76039,3220,EverQuest,8,85,530:0:0,843:0:0,0:0:0,672:0:0
76050,75811,Doom II: Unofficial WADs,0,85,0:0:0,0:0:0,0:0:0,0:0:0
76127,6515,Neverwinter Nights,87,80,51:0:0,62:0:0,78:0:0,62:0:0
76174,40497,100ft Robot Golf,10,60,3:0:0,4:0:0,0:0:0,3:0:0
76195,65882,Borderlands 3,1900,75,23:0:0,45:0:0,78:0:0,41:0:0
76220,60043,Two Point Hospital,118,75,40:0:0,73:0:0,122:0:0,68:0:0
76454,156105,Throes of the Watchmaker,0,0,0:0:0,0:0:0,0:0:0,0:0:0
76460,12402,Fantasy Life,278,80,31:0:0,67:0:0,158:0:0,61:0:0
76482,95672,Mr. X Nightmare,8,85,2:0:0,0:0:0,24:0:0,7:0:0
76543,109814,The Three Fairies,7,65,6:0:0,7:0:0,14:0:0,8:0:0
76565,10761,Ultima Online,4,85,77:0:0,474:0:0,0:0:0,288:0:0
76724,83234,2020-2021 Season Pass,0,0,0:0:0,0:0:0,0:0:0,0:0:0
76724,98307,Spa-Francorchamps Pack,0,0,0:0:0,0:0:0,0:0:0,0:0:0
76792,51105,Pathologic 2,154,85,27:0:0,35:0:0,49:0:0,32:0:0
76841,16606,inFAMOUS: Second Son,1900,75,10:0:0,15:0:0,22:0:0,16:0:0
76850,21699,Lara Croft and the Temple of Osiris,332,65,5:0:0,7:0:0,13:0:0,6:0:0
76851,21699,Lara Croft and the Temple of Osiris,332,65,5:0:0,7:0:0,13:0:0,6:0:0
76967,60565,One Piece: World Seeker,136,60,11:0:0,20:0:0,32:0:0,21:0:0
77156,57416,Fallout 76,168,60,34:0:0,115:0:0,294:0:0,126:0:0
77158,57416,Fallout 76,168,60,34:0:0,115:0:0,294:0:0,126:0:0
77194,60565,One Piece: World Seeker,136,60,11:0:0,20:0:0,32:0:0,21:0:0
77197,91580,Secret Room,1,60,0:0:0,0:0:0,1:0:0,1:0:0
77271,60565,One Piece: World Seeker,136,60,11:0:0,20:0:0,32:0:0,21:0:0
77274,30538,Train Valley,97,75,9:0:0,13:0:0,19:0:0,13:0:0
77435,69726,DARQ,352,75,2:0:0,3:0:0,4:0:0,3:0:0
77486,81015,Story Pack: Chapter One,4,50,1:0:0,2:0:0,0:0:0,2:0:0
77694,68262,Dragon Ball Z: Kakarot,910,75,30:0:0,42:0:0,55:0:0,42:0:0
77697,60071,Coloring Pixels,13,75,47:0:0,210:0:0,373:0:0,213:0:0
77729,84931,The Legend of Beowulf,51,65,0:27:0,0:28:0,0:28:0,0:27:0
77729,84929,Wrath of the Druids,213,75,8:0:0,13:0:0,18:0:0,14:0:0
77729,84930,The Siege of Paris,151,70,6:0:0,10:0:0,14:0:0,10:0:0
77729,101415,A Fated Encounter,70,70,2:0:0,3:0:0,4:0:0,3:0:0
77729,101305,Dawn of Ragnarok,100,70,10:0:0,16:0:0,22:0:0,18:0:0
77729,117497,The Last Chapter,35,65,0:49:0,0:57:0,1:0:0,0:59:0
77750,45277,Sniper: Ghost Warrior 3,182,65,12:0:0,20:0:0,34:0:0,20:0:0
77770,12654,Final Fantasy XIV,442,80,100:0:0,312:0:0,3347:0:0,246:0:0
77795,19365,Spintires,32,70,9:0:0,25:0:0,48:0:0,25:0:0
77819,19365,Spintires,32,70,9:0:0,25:0:0,48:0:0,25:0:0
77878,61653,Wargroove,169,75,20:0:0,38:0:0,82:0:0,27:0:0
77887,9255,StreetPass Mii Plaza,15,70,23:0:0,38:0:0,197:0:0,51:0:0
77891,62931,Mortal Kombat 11,772,80,6:0:0,18:0:0,61:0:0,11:0:0
77912,71910,Pack: Abstract,1,0,0:0:0,0:0:0,9:0:0,9:0:0
77912,107711,Pack: Cats,1,0,0:0:0,0:0:0,6:0:0,6:0:0
77912,121233,Pack: Deutschland,1,0,0:0:0,0:0:0,7:0:0,7:0:0
77912,120524,Pack: Japan,1,0,0:0:0,0:0:0,7:0:0,7:0:0
77912,106331,Pack: Variety Pack 1,1,0,0:0:0,0:0:0,28:0:0,28:0:0
77912,124387,Variety Pack XL,1,0,0:0:0,0:0:0,50:0:0,50:0:0
77912,120257,Pack: Christmas,1,0,0:0:0,0:0:0,9:0:0,9:0:0
77912,115507,Pack: Winter,1,0,0:0:0,0:0:0,12:0:0,12:0:0
77912,91440,Dogs,1,0,0:0:0,0:0:0,12:0:0,12:0:0
77912,91172,Variety Pack 2,1,0,0:0:0,0:0:0,30:0:0,30:0:0
77912,108607,Pack: Fast Food,1,0,0:0:0,0:0:0,7:0:0,7:0:0
77912,116699,Pack: Americana,1,0,0:0:0,0:0:0,11:0:0,11:0:0
77912,116700,Pack: Cyberpunk,1,0,0:0:0,0:0:0,11:0:0,11:0:0
77912,125874,Variety Pack 3,1,0,0:0:0,0:0:0,14:0:0,14:0:0
77912,125685,Pack: German Castles,1,0,0:0:0,0:0:0,11:0:0,11:0:0
77912,123029,Pack: Pacific Theater,1,0,0:0:0,0:0:0,6:0:0,6:0:0
77912,126979,Pack: Bavaria,1,0,0:0:0,0:0:0,11:0:0,11:0:0
77912,121317,Pack: Fantasy,1,0,0:0:0,0:0:0,11:0:0,11:0:0
77912,116458,Variety Pack 4,1,0,0:0:0,0:0:0,31:0:0,31:0:0
77912,116698,Variety Pack 5,1,0,0:0:0,0:0:0,26:0:0,26:0:0
77912,129086,Pack: Halloween,1,0,0:0:0,0:0:0,4:0:0,4:0:0
77912,129085,Pack: Mexico,1,0,0:0:0,0:0:0,7:0:0,7:0:0
77912,129088,Pack: Autumn,1,0,0:0:0,0:0:0,5:0:0,5:0:0
77912,128968,Pack: Poland,1,0,0:0:0,0:0:0,6:0:0,6:0:0
77912,129087,Pack: Candy,1,0,0:0:0,0:0:0,4:0:0,4:0:0
77912,116697,Pack: Butterflies,1,0,0:0:0,0:0:0,2:0:0,2:0:0
77912,107308,Pack: Christmas 2,1,0,0:0:0,0:0:0,2:0:0,2:0:0
77912,115328,Variety Pack XS,1,0,0:0:0,0:0:0,6:0:0,6:0:0
77912,129725,Variety Pack 6,1,0,0:0:0,0:0:0,9:0:0,9:0:0
77912,129726,Variety Pack 7,1,0,0:0:0,0:0:0,9:0:0,9:0:0
77912,129727,Pack: Korea,1,0,0:0:0,0:0:0,6:0:0,6:0:0
77912,131234,Variety Pack 8,1,0,0:0:0,0:0:0,7:0:0,7:0:0
77912,133884,Pack: Native American,1,0,0:0:0,0:0:0,3:0:0,3:0:0
77912,138464,Variety Pack 9,1,0,0:0:0,0:0:0,13:0:0,13:0:0
77912,138465,Variety Pack 10,1,0,0:0:0,0:0:0,10:0:0,10:0:0
77912,138466,Variety Pack 11,1,0,0:0:0,0:0:0,11:0:0,11:0:0
77912,153412,Pack: Chihuahuas,1,0,0:0:0,0:0:0,3:0:0,3:0:0
77922,122933,Cyber Heist,14,75,3:0:0,4:0:0,5:0:0,4:0:0
77962,4247,Half-Life,2900,85,12:0:0,14:0:0,15:0:0,13:0:0
78005,68368,Journey to the Savage Planet,457,75,7:0:0,11:0:0,17:0:0,11:0:0
78092,56420,Monster Prom,149,70,1:0:0,8:0:0,97:0:0,6:0:0
78097,139297,Pier of the Unknown,11,65,1:0:0,2:0:0,2:0:0,2:0:0
78113,60071,Coloring Pixels,13,75,47:0:0,210:0:0,373:0:0,213:0:0
78118,92236,Bonus Chapter: Examtaker,124,75,1:0:0,1:0:0,1:0:0,1:0:0
78191,21252,Dying Light,2500,80,18:0:0,36:0:0,63:0:0,31:0:0
78217,75884,Hidden Through Time,131,70,3:0:0,5:0:0,5:0:0,5:0:0
78224,2058,Crusader Kings II,93,80,64:0:0,223:0:0,388:0:0,144:0:0
78648,96976,Macro,15,80,1:0:0,1:0:0,1:0:0,1:0:0
78702,14121,Hearthstone: Heroes of Warcraft,45,75,37:0:0,80:0:0,524:0:0,95:0:0
78717,41320,Assault Gunners,3,50,5:0:0,6:0:0,0:0:0,6:0:0
78838,5913,Metal Gear Solid 3: Snake Eater,1400,90,16:0:0,19:0:0,25:0:0,17:0:0
78853,17596,The Elder Scrolls Online,145,70,47:0:0,210:0:0,527:0:0,186:0:0
78922,3221,EverQuest II,5,75,0:0:0,1656:0:0,0:0:0,1656:0:0
78923,3221,EverQuest II,5,75,0:0:0,1656:0:0,0:0:0,1656:0:0
78924,3221,EverQuest II,5,75,0:0:0,1656:0:0,0:0:0,1656:0:0
78956,59433,Noel The Mortal Fate S1-7,7,85,12:0:0,12:0:0,33:0:0,14:0:0
79015,101431,Fatesworn,9,60,9:0:0,17:0:0,20:0:0,16:0:0
79535,113469,Visitors of Spirit Realm,0,0,0:0:0,0:0:0,0:0:0,0:0:0
79774,102017,Seven Deadly Sins Collection,3,50,5:0:0,5:0:0,0:0:0,5:0:0
79774,125138,Shadows in the Water,5,75,0:37:0,2:0:0,7:0:0,2:0:0
79775,120665,Burning Shores,424,80,7:0:0,12:0:0,16:0:0,12:0:0
79777,57798,Celeste Classic,83,75,0:29:0,0:32:0,0:40:0,0:33:0
79782,57798,Celeste Classic,83,75,0:29:0,0:32:0,0:40:0,0:33:0
79861,62224,Supraland,566,80,13:0:0,17:0:0,23:0:0,18:0:0
80038,114920,Shadows of Rose,402,75,3:0:0,3:0:0,4:0:0,3:0:0
80038,115303,The Mercenaries: Additional Orders,9,80,2:0:0,4:0:0,6:0:0,3:0:0
80062,68245,Newfound Courage,21,70,3:0:0,4:0:0,4:0:0,3:0:0
80102,105303,Ascension,27,90,9:0:0,11:0:0,13:0:0,11:0:0
80120,118483,Amerykan Dream,6,60,2:0:0,0:0:0,2:0:0,2:0:0
80120,130103,Bid Wars,0,40,0:0:0,0:0:0,0:0:0,0:0:0
80122,107205,Isle of Bigsnax,68,75,3:0:0,3:0:0,3:0:0,3:0:0
80127,142469,JETT: Given Time,2,60,0:0:0,12:0:0,18:0:0,15:0:0
80128,111146,Toby's Escape,2,55,0:48:0,0:0:0,0:0:0,0:48:0
80162,102989,Void of Sorrows,9,75,0:0:0,3:0:0,4:0:0,4:0:0
80207,140777,Season's Greetings,12,80,4:0:0,5:0:0,5:0:0,4:0:0
80309,41585,Frostpunk,888,80,10:0:0,24:0:0,58:0:0,16:0:0
80365,7739,Resident Evil: Operation Raccoon City,175,50,6:0:0,8:0:0,16:0:0,7:0:0
80372,11034,Warcraft III: Reign of Chaos,273,85,22:0:0,28:0:0,34:0:0,26:0:0
80512,65882,Borderlands 3,1900,75,23:0:0,45:0:0,78:0:0,41:0:0
80521,57513,Super Smash Bros. Ultimate,1500,90,24:0:0,42:0:0,75:0:0,40:0:0
80638,57518,Overcooked 2,562,80,7:0:0,12:0:0,23:0:0,11:0:0
80710,38054,Dead Rising 4,253,65,10:0:0,19:0:0,31:0:0,14:0:0
80770,64684,Unheard - Voices of Crime,159,75,4:0:0,6:0:0,7:0:0,5:0:0
80870,100427,Vaas: Insanity,60,75,2:0:0,4:0:0,9:0:0,3:0:0
80870,100428,Pagan: Control,44,75,2:0:0,3:0:0,7:0:0,2:0:0
80870,100429,Joseph: Collapse,41,70,2:0:0,3:0:0,6:0:0,3:0:0
80870,106036,The Vanishing,23,70,1:0:0,2:0:0,2:0:0,1:0:0
80870,117861,Lost Between Worlds,13,55,4:0:0,5:0:0,6:0:0,4:0:0
80923,100435,Cold as Eyes,3,75,1:0:0,0:0:0,0:0:0,1:0:0
80923,106507,Tipping the Scales,3,75,2:0:0,0:0:0,0:0:0,2:0:0
80956,44852,Marvel's Spider-Man,5000,85,17:0:0,26:0:0,35:0:0,27:0:0
81011,66305,Luigi's Mansion 3,2100,80,13:0:0,17:0:0,22:0:0,16:0:0
81012,46464,Mario + Rabbids Kingdom Battle,1300,80,22:0:0,30:0:0,47:0:0,27:0:0
81013,68149,Minecraft Dungeons,557,65,6:0:0,12:0:0,32:0:0,9:0:0
81015,77486,Ninjala,2,65,1:0:0,0:0:0,2:0:0,1:0:0
81017,64989,Tetris 99,51,80,7:0:0,27:0:0,54:0:0,17:0:0
81101,120291,Branch & Claw,0,0,0:0:0,0:0:0,0:0:0,0:0:0
81114,62935,The Outer Worlds,3000,75,13:0:0,26:0:0,40:0:0,27:0:0
81131,62935,The Outer Worlds,3000,75,13:0:0,26:0:0,40:0:0,27:0:0
81250,98032,Last Call,5,75,3:0:0,3:0:0,0:0:0,3:0:0
81430,64475,Battlefleet Gothic: Armada 2,15,65,42:0:0,56:0:0,80:0:0,53:0:0
81537,60877,Nioh 2,231,85,45:0:0,72:0:0,105:0:0,73:0:0
81539,55219,PC Building Simulator,53,65,23:0:0,47:0:0,90:0:0,42:0:0
81548,10480,Tomb Raider: The Last Revelation,110,70,17:0:0,24:0:0,24:0:0,22:0:0
81558,14503,Bridge Constructor,67,60,4:0:0,9:0:0,15:0:0,9:0:0
81567,65732,Cadence of Hyrule,537,80,6:0:0,8:0:0,11:0:0,8:0:0
81601,81609,", EP 1: ""Welcome to Shovelworks""",98,60,0:36:0,0:42:0,0:51:0,0:41:0
81601,81786,", EP 2: ""Foundation 101""",64,55,0:35:0,0:45:0,1:0:0,0:45:0
81601,81996,", EP 3: ""Pivot Like A Champion""",62,60,0:32:0,0:36:0,0:42:0,0:36:0
81601,82365,", EP 4: ""Thank You For Being An Asset""",57,65,0:37:0,0:49:0,0:51:0,0:45:0
81601,82778,", EP 5: ""The Rig Is Up!""",55,60,0:30:0,0:43:0,0:43:0,0:37:0
81609,81601,3 out of 10,58,65,3:0:0,4:0:0,4:0:0,4:0:0
81632,57506,Doom Eternal,3200,85,14:0:0,20:0:0,28:0:0,19:0:0
81633,57506,Doom Eternal,3200,85,14:0:0,20:0:0,28:0:0,19:0:0
81725,53876,Apocalipsis,58,60,2:0:0,3:0:0,3:0:0,3:0:0
81786,81601,3 out of 10,58,65,3:0:0,4:0:0,4:0:0,4:0:0
81989,82037,Expansion Pack,0,40,0:0:0,0:0:0,0:0:0,0:0:0
81989,90441,Winter Expansion Pack,2,55,0:35:0,0:0:0,0:0:0,0:35:0
81996,81601,3 out of 10,58,65,3:0:0,4:0:0,4:0:0,4:0:0
82037,81989,Urban Flow,14,65,6:0:0,9:0:0,18:0:0,9:0:0
82064,42106,Pathfinder Adventures,4,75,30:0:0,0:0:0,37:0:0,32:0:0
82365,81601,3 out of 10,58,65,3:0:0,4:0:0,4:0:0,4:0:0
82481,71968,Tell Me Why,848,75,10:0:0,11:0:0,13:0:0,11:0:0
82636,13260,Theatre of War 2: Kursk 1943,1,0,8:0:0,0:0:0,0:0:0,8:0:0
82665,57798,Celeste Classic,83,75,0:29:0,0:32:0,0:40:0,0:33:0
82774,71968,Tell Me Why,848,75,10:0:0,11:0:0,13:0:0,11:0:0
82777,60291,Desperados III,341,85,27:0:0,36:0:0,63:0:0,32:0:0
82778,81601,3 out of 10,58,65,3:0:0,4:0:0,4:0:0,4:0:0
82786,71968,Tell Me Why,848,75,10:0:0,11:0:0,13:0:0,11:0:0
82895,88784,Pulse of the Ancients,12,70,0:0:0,13:0:0,15:0:0,13:0:0
82895,88785,Guardian of Remembrance,14,75,5:0:0,13:0:0,20:0:0,12:0:0
82896,68149,Minecraft Dungeons,557,65,6:0:0,12:0:0,32:0:0,9:0:0
82915,68318,Remnant: From the Ashes,1100,75,13:0:0,21:0:0,59:0:0,19:0:0
82985,65882,Borderlands 3,1900,75,23:0:0,45:0:0,78:0:0,41:0:0
83078,75884,Hidden Through Time,131,70,3:0:0,5:0:0,5:0:0,5:0:0
83146,141843,Valhalla,343,85,6:0:0,9:0:0,10:0:0,8:0:0
83152,141869,Echoes of the Fallen,172,75,3:0:0,3:0:0,3:0:0,3:0:0
83152,141872,The Rising Tide,128,80,4:0:0,6:0:0,9:0:0,6:0:0
83169,104085,Sunbreak,196,85,33:0:0,98:0:0,346:0:0,85:0:0
83181,51365,Bridge Constructor Portal,137,70,13:0:0,16:0:0,21:0:0,18:0:0
83234,76724,Automobilista 2,1,90,0:0:0,32:0:0,0:0:0,32:0:0
83248,22881,Royal Defense,10,60,10:0:0,16:0:0,19:0:0,13:0:0
83367,1465,Call of Duty 2,733,80,8:0:0,10:0:0,11:0:0,9:0:0
83473,49382,Battlestar Galactica: Deadlock,26,65,19:0:0,27:0:0,44:0:0,26:0:0
83615,75811,Doom II: Unofficial WADs,0,85,0:0:0,0:0:0,0:0:0,0:0:0
83656,72846,Song of Horror: Complete Edition,61,70,18:0:0,22:0:0,24:0:0,19:0:0
83657,72846,Song of Horror: Complete Edition,61,70,18:0:0,22:0:0,24:0:0,19:0:0
83658,72846,Song of Horror: Complete Edition,61,70,18:0:0,22:0:0,24:0:0,19:0:0
83674,57525,Just Cause 4,398,65,16:0:0,28:0:0,54:0:0,24:0:0
83675,57525,Just Cause 4,398,65,16:0:0,28:0:0,54:0:0,24:0:0
83677,57525,Just Cause 4,398,65,16:0:0,28:0:0,54:0:0,24:0:0
83691,57518,Overcooked 2,562,80,7:0:0,12:0:0,23:0:0,11:0:0
83709,32248,Draw a Stickman: EPIC 2,11,60,2:0:0,4:0:0,5:0:0,4:0:0
83728,26100,Spooky's Jump Scare Mansion,94,70,4:0:0,4:0:0,6:0:0,4:0:0
83768,62047,Blasphemous,1600,80,14:0:0,19:0:0,29:0:0,19:0:0
83795,5181,Lara Croft and the Guardian of Light,497,75,6:0:0,8:0:0,17:0:0,8:0:0
83796,5181,Lara Croft and the Guardian of Light,497,75,6:0:0,8:0:0,17:0:0,8:0:0
83809,118292,Episode 1,8,75,2:0:0,2:0:0,4:0:0,2:0:0
83809,118297,Episode 2,3,80,2:0:0,0:0:0,0:0:0,2:0:0
83809,118298,Episode 3,3,85,2:0:0,0:0:0,0:0:0,2:0:0
83809,118299,Episode 4,3,85,2:0:0,0:0:0,0:0:0,2:0:0
83811,5181,Lara Croft and the Guardian of Light,497,75,6:0:0,8:0:0,17:0:0,8:0:0
83856,106932,Inevitable Excess,4,80,0:0:0,7:0:0,13:0:0,11:0:0
83856,107161,Through the Ashes,15,75,5:0:0,8:0:0,20:0:0,10:0:0
83856,118808,The Treasure of the Midnight Isles,1,80,0:0:0,0:0:0,54:0:0,54:0:0
83883,108444,The African Royals,1,70,3:0:0,0:0:0,0:0:0,3:0:0
83883,111356,Knights of the Mediterranean,1,70,6:0:0,0:0:0,0:0:0,6:0:0
83884,29717,Lara Croft GO,516,75,4:0:0,5:0:0,7:0:0,6:0:0
83903,75811,Doom II: Unofficial WADs,0,85,0:0:0,0:0:0,0:0:0,0:0:0
83913,29717,Lara Croft GO,516,75,4:0:0,5:0:0,7:0:0,6:0:0
83922,2458,Descent II,11,75,12:0:0,13:0:0,26:0:0,14:0:0
83950,26100,Spooky's Jump Scare Mansion,94,70,4:0:0,4:0:0,6:0:0,4:0:0
83956,68133,Genshin Impact,175,75,61:0:0,225:0:0,643:0:0,248:0:0
83957,68133,Genshin Impact,175,75,61:0:0,225:0:0,643:0:0,248:0:0
84010,57513,Super Smash Bros. Ultimate,1500,90,24:0:0,42:0:0,75:0:0,40:0:0
84021,11286,World of Warcraft,135,85,518:0:0,1308:0:0,5574:0:0,1414:0:0
84043,60877,Nioh 2,231,85,45:0:0,72:0:0,105:0:0,73:0:0
84057,10548,Total War: Shogun 2,148,80,27:0:0,70:0:0,216:0:0,52:0:0
84080,75811,Doom II: Unofficial WADs,0,85,0:0:0,0:0:0,0:0:0,0:0:0
84081,51225,Ghost of Tsushima,4800,90,25:0:0,46:0:0,62:0:0,50:0:0
84124,5212,Left 4 Dead 2,992,80,10:0:0,26:0:0,57:0:0,17:0:0
84260,3221,EverQuest II,5,75,0:0:0,1656:0:0,0:0:0,1656:0:0
84489,57415,Sekiro: Shadows Die Twice,4000,90,30:0:0,43:0:0,70:0:0,45:0:0
84597,75811,Doom II: Unofficial WADs,0,85,0:0:0,0:0:0,0:0:0,0:0:0
84646,75811,Doom II: Unofficial WADs,0,85,0:0:0,0:0:0,0:0:0,0:0:0
84651,75811,Doom II: Unofficial WADs,0,85,0:0:0,0:0:0,0:0:0,0:0:0
84929,77729,Assassin's Creed Valhalla,2700,70,61:0:0,98:0:0,147:0:0,105:0:0
84930,77729,Assassin's Creed Valhalla,2700,70,61:0:0,98:0:0,147:0:0,105:0:0
84931,77729,Assassin's Creed Valhalla,2700,70,61:0:0,98:0:0,147:0:0,105:0:0
84960,43894,Destiny 2,799,70,12:0:0,40:0:0,180:0:0,35:0:0
85090,60071,Coloring Pixels,13,75,47:0:0,210:0:0,373:0:0,213:0:0
85107,75811,Doom II: Unofficial WADs,0,85,0:0:0,0:0:0,0:0:0,0:0:0
85145,14121,Hearthstone: Heroes of Warcraft,45,75,37:0:0,80:0:0,524:0:0,95:0:0
85150,60291,Desperados III,341,85,27:0:0,36:0:0,63:0:0,32:0:0
85151,60291,Desperados III,341,85,27:0:0,36:0:0,63:0:0,32:0:0
85387,62027,Trine 4: The Nightmare Prince,383,80,10:0:0,13:0:0,15:0:0,13:0:0
85514,12654,Final Fantasy XIV,442,80,100:0:0,312:0:0,3347:0:0,246:0:0
85585,3221,EverQuest II,5,75,0:0:0,1656:0:0,0:0:0,1656:0:0
85612,57416,Fallout 76,169,60,34:0:0,115:0:0,294:0:0,126:0:0
85677,19550,LittleBigPlanet 3,230,70,6:0:0,11:0:0,16:0:0,8:0:0
85711,60877,Nioh 2,231,85,45:0:0,72:0:0,105:0:0,73:0:0
85724,127559,Mazing,1,70,6:0:0,0:0:0,0:0:0,6:0:0
85834,69726,DARQ,352,75,2:0:0,3:0:0,4:0:0,3:0:0
85967,130219,Final Transmission,103,65,3:0:0,3:0:0,3:0:0,3:0:0
86116,57514,Devil May Cry 5,2300,85,11:0:0,17:0:0,74:0:0,14:0:0
86147,154986,Throne of the Herald,0,80,0:0:0,0:0:0,0:0:0,0:0:0
86147,154985,Atlas of Discovery,0,70,0:0:0,0:0:0,0:0:0,0:0:0
86147,154984,Into the Abyss,0,40,0:0:0,0:0:0,0:0:0,0:0:0
86171,2711,Doom II: Hell on Earth,680,80,7:0:0,10:0:0,14:0:0,8:0:0
86191,57422,Gears 5,1200,75,11:0:0,16:0:0,20:0:0,14:0:0
86259,57513,Super Smash Bros. Ultimate,1500,90,24:0:0,42:0:0,75:0:0,40:0:0
86298,26836,Chapter I - The Horse You Sailed In On,1,0,2:0:0,0:0:0,0:0:0,2:0:0
86359,130432,Sweetopia,0,100,0:0:0,0:0:0,0:0:0,0:0:0
86428,45277,Sniper: Ghost Warrior 3,182,65,12:0:0,20:0:0,34:0:0,20:0:0
86447,68149,Minecraft Dungeons,557,65,6:0:0,12:0:0,32:0:0,9:0:0
86461,86636,Episode 2,1,40,0:55:0,0:0:0,0:0:0,0:55:0
86461,86856,Episode 3,1,40,0:43:0,0:0:0,0:0:0,0:43:0
86461,87105,Episode 4,1,40,0:53:0,0:0:0,0:0:0,0:53:0
86584,10641,Trials Evolution,43,85,9:0:0,23:0:0,51:0:0,15:0:0
86585,10641,Trials Evolution,43,85,9:0:0,23:0:0,51:0:0,15:0:0
86636,86461,Flappatron,6,55,5:0:0,18:0:0,0:0:0,6:0:0
86734,67961,Marvel's Avengers,770,60,12:0:0,25:0:0,97:0:0,19:0:0
86784,5212,Left 4 Dead 2,992,80,10:0:0,26:0:0,57:0:0,17:0:0
86809,146308,The Forgotten Passage,0,0,0:0:0,0:0:0,0:0:0,0:0:0
86833,68262,Dragon Ball Z: Kakarot,910,75,30:0:0,42:0:0,55:0:0,42:0:0
86856,86461,Flappatron,6,55,5:0:0,18:0:0,0:0:0,6:0:0
86879,56787,Moonlighter,781,75,14:0:0,21:0:0,29:0:0,17:0:0
87001,45727,Dead Cells,1000,80,14:0:0,30:0:0,91:0:0,21:0:0
87105,86461,Flappatron,6,55,5:0:0,18:0:0,0:0:0,6:0:0
87433,28279,XCOM 2,847,85,33:0:0,48:0:0,79:0:0,44:0:0
87435,62031,The Ditzy Demons Are In Love With Me!,20,60,7:0:0,29:0:0,41:0:0,27:0:0
87528,75811,Doom II: Unofficial WADs,0,85,0:0:0,0:0:0,0:0:0,0:0:0
87531,9782,The Binding of Isaac: Rebirth,593,85,6:0:0,97:0:0,348:0:0,121:0:0
87578,65337,Glass Masquerade 2: Illusions,116,70,8:0:0,10:0:0,20:0:0,14:0:0
87581,75811,Doom II: Unofficial WADs,0,85,0:0:0,0:0:0,0:0:0,0:0:0
87658,152089,Expansion Pack 1,1,70,0:0:0,0:0:0,2:0:0,2:0:0
87658,152090,Expansion Pack 2,1,70,0:0:0,0:0:0,2:0:0,2:0:0
87658,152091,Expansion Pack 3,1,70,0:0:0,0:0:0,2:0:0,2:0:0
87696,152979,Lord of Storms,0,0,0:0:0,0:0:0,0:0:0,0:0:0
87719,75811,Doom II: Unofficial WADs,0,85,0:0:0,0:0:0,0:0:0,0:0:0
87721,68236,Immortals Fenyx Rising,1300,75,25:0:0,41:0:0,61:0:0,42:0:0
87833,18925,Unhack,30,60,1:0:0,1:0:0,1:0:0,1:0:0
87856,102649,Rain on Your,0,50,0:0:0,0:0:0,0:0:0,0:0:0
88046,12654,Final Fantasy XIV,442,80,100:0:0,312:0:0,3347:0:0,246:0:0
88047,12654,Final Fantasy XIV,442,80,100:0:0,312:0:0,3347:0:0,246:0:0
88120,7452,Quake,670,80,5:0:0,8:0:0,16:0:0,7:0:0
88143,143028,Assignment Anya,1,0,2:0:0,0:0:0,0:0:0,2:0:0
88268,65104,Dirt Rally 2.0,65,80,13:0:0,50:0:0,155:0:0,32:0:0
88628,30662,Warhammer: End Times - Vermintide,148,65,8:0:0,26:0:0,146:0:0,17:0:0
88731,57068,Jurassic World Evolution,242,75,25:0:0,41:0:0,66:0:0,40:0:0
88736,67961,Marvel's Avengers,770,60,12:0:0,25:0:0,97:0:0,19:0:0
88768,145733,Side Order,97,80,5:0:0,14:0:0,22:0:0,8:0:0
88784,82895,Hyrule Warriors: Age of Calamity,1200,75,25:0:0,39:0:0,76:0:0,42:0:0
88785,82895,Hyrule Warriors: Age of Calamity,1200,75,25:0:0,39:0:0,76:0:0,42:0:0
88797,129325,Ruin,46,70,4:0:0,5:0:0,6:0:0,4:0:0
88841,30662,Warhammer: End Times - Vermintide,148,65,8:0:0,26:0:0,146:0:0,17:0:0
88902,30662,Warhammer: End Times - Vermintide,148,65,8:0:0,26:0:0,146:0:0,17:0:0
88905,65104,Dirt Rally 2.0,65,80,13:0:0,50:0:0,155:0:0,32:0:0
88911,17596,The Elder Scrolls Online,145,70,47:0:0,210:0:0,527:0:0,186:0:0
88912,17596,The Elder Scrolls Online,145,70,47:0:0,210:0:0,527:0:0,186:0:0
88913,47540,The Escapists 2,52,70,17:0:0,32:0:0,60:0:0,26:0:0
88914,47540,The Escapists 2,52,70,17:0:0,32:0:0,60:0:0,26:0:0
88915,47540,The Escapists 2,52,70,17:0:0,32:0:0,60:0:0,26:0:0
88955,12391,CastleStorm,80,65,7:0:0,10:0:0,20:0:0,10:0:0
88956,12391,CastleStorm,80,65,7:0:0,10:0:0,20:0:0,10:0:0
88959,65104,Dirt Rally 2.0,65,80,13:0:0,50:0:0,155:0:0,32:0:0
88987,65104,Dirt Rally 2.0,65,80,13:0:0,50:0:0,155:0:0,32:0:0
88988,3351,Fallout: New Vegas,2800,85,27:0:0,59:0:0,132:0:0,57:0:0
88989,65947,Outward,78,60,33:0:0,52:0:0,98:0:0,53:0:0
89011,65104,Dirt Rally 2.0,65,80,13:0:0,50:0:0,155:0:0,32:0:0
89091,128325,Arenas,1,85,15:0:0,0:0:0,0:0:0,15:0:0
89107,105066,Daybreak,16,75,15:0:0,20:0:0,26:0:0,19:0:0
89261,71406,Lonely Mountains: Downhill,116,75,6:0:0,12:0:0,34:0:0,10:0:0
89268,67410,Five Nights at Freddy's: Help Wanted,37,75,12:0:0,12:0:0,20:0:0,14:0:0
89296,57478,Hitman 2,1000,80,10:0:0,28:0:0,125:0:0,19:0:0
89344,114292,Batman,4,60,1:0:0,0:0:0,0:0:0,1:0:0
89344,114293,Monster Trucks,2,55,3:0:0,0:0:0,0:0:0,3:0:0
89344,114294,Looney Tunes,4,65,1:0:0,2:0:0,0:0:0,1:0:0
89394,57513,Super Smash Bros. Ultimate,1500,90,24:0:0,42:0:0,75:0:0,40:0:0
89410,20992,The Sims 4,112,70,22:0:0,85:0:0,302:0:0,90:0:0
89414,101974,Mystery Mansion,3,60,1:0:0,0:0:0,0:0:0,1:0:0
89414,102849,The Lost Presents,3,55,0:57:0,0:0:0,0:0:0,0:57:0
89438,24970,CrossCode,381,85,36:0:0,54:0:0,78:0:0,53:0:0
89491,6064,Minecraft,1100,90,65:0:0,141:0:0,274:0:0,129:0:0
89497,62047,Blasphemous,1600,80,14:0:0,19:0:0,29:0:0,19:0:0
89573,135954,Dimension Shellshock,7,75,0:50:0,1:0:0,0:0:0,1:0:0
89877,96978,Life Is Strange: Wavelengths,143,70,3:0:0,4:0:0,4:0:0,4:0:0
89878,67961,Marvel's Avengers,770,60,12:0:0,25:0:0,97:0:0,19:0:0
89902,126276,In Tanta We Trust,35,65,2:0:0,3:0:0,3:0:0,3:0:0
89947,75537,Hotshot Racing,110,70,2:0:0,4:0:0,15:0:0,3:0:0
89976,4956,Kentucky Route Zero,393,70,9:0:0,11:0:0,14:0:0,10:0:0
89977,45024,For The King,125,70,11:0:0,33:0:0,75:0:0,20:0:0
89981,72426,Open World Game: The Open World Game,75,60,0:18:0,0:48:0,1:0:0,1:0:0
90441,81989,Urban Flow,14,65,6:0:0,9:0:0,18:0:0,9:0:0
90442,68236,Immortals Fenyx Rising,1300,75,25:0:0,41:0:0,61:0:0,42:0:0
90507,38121,Highway Blossoms,110,75,6:0:0,8:0:0,12:0:0,9:0:0
90546,17596,The Elder Scrolls Online,145,70,47:0:0,210:0:0,527:0:0,186:0:0
90598,68032,Planet Zoo,57,80,37:0:0,58:0:0,89:0:0,61:0:0
90632,120979,Frozen Hearth,1,60,3:0:0,0:0:0,0:0:0,3:0:0
90817,90963,", EP 1: ""The Kevin Effect""",9,60,0:35:0,0:46:0,0:54:0,0:39:0
90817,90964,", EP 2: ""Green Screens and Hammers""",9,60,0:33:0,0:47:0,0:58:0,0:38:0
90817,91009,", EP 3: ""Welcome to the Club""",8,60,0:24:0,0:32:0,0:41:0,0:29:0
90817,91023,", EP 4: ""Catapults and Conspiracies""",9,60,0:36:0,0:45:0,0:48:0,0:41:0
90817,91024,", EP 5: ""It's Fun O'clock Somewhere""",9,60,0:34:0,0:49:0,0:50:0,0:40:0
90963,90817,3 out of 10: Season Two,61,65,3:0:0,4:0:0,5:0:0,4:0:0
90964,90817,3 out of 10: Season Two,61,65,3:0:0,4:0:0,5:0:0,4:0:0
91009,90817,3 out of 10: Season Two,61,65,3:0:0,4:0:0,5:0:0,4:0:0
91024,90817,3 out of 10: Season Two,61,65,3:0:0,4:0:0,5:0:0,4:0:0
91023,90817,3 out of 10: Season Two,61,65,3:0:0,4:0:0,5:0:0,4:0:0
91070,124499,VOID Riders,4,95,2:0:0,2:0:0,5:0:0,2:0:0
91070,124498,Finding the Flowzone,5,95,2:0:0,3:0:0,5:0:0,3:0:0
91094,38916,Sonic Mania,919,80,6:0:0,9:0:0,19:0:0,7:0:0
91172,77912,Pixel Puzzles Traditional Jigsaws,3,50,17:0:0,40:0:0,319:0:0,83:0:0
91361,68260,Age of Empires II: Definitive Edition,50,85,40:0:0,110:0:0,167:0:0,74:0:0
91428,46448,Zup! 5,68,55,0:57:0,0:57:0,1:0:0,1:0:0
91440,77912,Pixel Puzzles Traditional Jigsaws,3,50,17:0:0,40:0:0,319:0:0,83:0:0
91454,75884,Hidden Through Time,131,70,3:0:0,5:0:0,5:0:0,5:0:0
91477,17567,Age of Wonders III,43,65,27:0:0,74:0:0,147:0:0,47:0:0
91573,72699,Hello Charlotte: Childhood's End,25,85,4:0:0,4:0:0,6:0:0,5:0:0
91580,77197,The Shattering,30,65,3:0:0,4:0:0,6:0:0,4:0:0
91622,141119,Kaycee's Mod,1,95,0:0:0,18:0:0,0:0:0,18:0:0
91703,57416,Fallout 76,169,60,34:0:0,115:0:0,294:0:0,126:0:0
91810,14121,Hearthstone: Heroes of Warcraft,45,75,37:0:0,80:0:0,524:0:0,95:0:0
91985,68236,Immortals Fenyx Rising,1300,75,25:0:0,41:0:0,61:0:0,42:0:0
92071,149402,The Atomic Age,1,45,2:0:0,0:0:0,0:0:0,2:0:0
92119,4538,Hovertank 3D,2,60,4:0:0,0:0:0,0:0:0,4:0:0
92120,4538,Hovertank 3D,2,60,4:0:0,0:0:0,0:0:0,4:0:0
92199,34457,Total War: Warhammer,130,80,35:0:0,70:0:0,170:0:0,54:0:0
92236,78118,Helltaker,1700,75,1:0:0,1:0:0,2:0:0,1:0:0
92439,68169,Carrion,1200,75,5:0:0,5:0:0,6:0:0,5:0:0
92446,105156,The Kaito Files,178,85,7:0:0,8:0:0,8:0:0,7:0:0
92511,123686,Tomb Raider Content Pack,23,80,4:0:0,4:0:0,5:0:0,4:0:0
92511,125607,Midgar Special Pack,27,75,4:0:0,4:0:0,4:0:0,4:0:0
92511,131211,SpongeBob SquarePants Special Pack,29,80,4:0:0,4:0:0,4:0:0,4:0:0
92511,141365,Back to the Future Special Pack,16,75,2:0:0,3:0:0,3:0:0,3:0:0
92511,144686,Santa's Workshop,12,80,2:0:0,2:0:0,2:0:0,2:0:0
92511,146923,"Warhammer 40,000 Special Pack",12,75,3:0:0,6:0:0,6:0:0,5:0:0
92511,153126,Alice's Adventures Special Pack,7,80,6:0:0,0:0:0,6:0:0,5:0:0
92575,277,Age of Mythology,84,80,16:0:0,26:0:0,26:0:0,22:0:0
92979,579,ARMA II,34,65,17:0:0,32:0:0,82:0:0,26:0:0
93068,75811,Doom II: Unofficial WADs,0,85,0:0:0,0:0:0,0:0:0,0:0:0
93073,75811,Doom II: Unofficial WADs,0,85,0:0:0,0:0:0,0:0:0,0:0:0
93078,75811,Doom II: Unofficial WADs,0,85,0:0:0,0:0:0,0:0:0,0:0:0
93162,62579,Cloudpunk,396,75,9:0:0,11:0:0,15:0:0,11:0:0
93253,50789,Valkyria Chronicles 4,417,80,37:0:0,50:0:0,72:0:0,49:0:0
93254,50789,Valkyria Chronicles 4,417,80,37:0:0,50:0:0,72:0:0,49:0:0
93255,50789,Valkyria Chronicles 4,417,80,37:0:0,50:0:0,72:0:0,49:0:0
93256,50789,Valkyria Chronicles 4,417,80,37:0:0,50:0:0,72:0:0,49:0:0
93257,50789,Valkyria Chronicles 4,417,80,37:0:0,50:0:0,72:0:0,49:0:0
93258,50789,Valkyria Chronicles 4,417,80,37:0:0,50:0:0,72:0:0,49:0:0
93350,75811,Doom II: Unofficial WADs,0,85,0:0:0,0:0:0,0:0:0,0:0:0
93391,75811,Doom II: Unofficial WADs,0,85,0:0:0,0:0:0,0:0:0,0:0:0
93392,75811,Doom II: Unofficial WADs,0,85,0:0:0,0:0:0,0:0:0,0:0:0
93408,68149,Minecraft Dungeons,557,65,6:0:0,12:0:0,32:0:0,9:0:0
93422,42532,Wasteland 3,400,80,37:0:0,50:0:0,73:0:0,50:0:0
93443,57686,Final Fantasy VII Remake,6100,85,33:0:0,41:0:0,86:0:0,42:0:0
93455,120475,Coiled Captors,11,50,0:21:0,1:0:0,2:0:0,0:38:0
93455,120476,Glutton's Gamble,10,55,0:20:0,1:0:0,1:0:0,0:42:0
93455,120477,Molten Mirrors,10,55,0:20:0,1:0:0,1:0:0,0:43:0
93455,120478,Shattering Spectreglass,9,50,0:22:0,1:0:0,2:0:0,0:57:0
93485,117554,Dominion Biosyn,0,80,0:0:0,0:0:0,0:0:0,0:0:0
93485,126748,Dominion Malta,0,80,0:0:0,0:0:0,0:0:0,0:0:0
93887,75031,Moving Out,155,70,5:0:0,9:0:0,19:0:0,8:0:0
93886,130334,The Tower of Doooom,23,65,2:0:0,8:0:0,19:0:0,3:0:0
93886,130493,The Last Spark Hunter,33,75,4:0:0,8:0:0,10:0:0,9:0:0
93886,132386,Rayman in the Phantom Show,39,80,4:0:0,5:0:0,7:0:0,6:0:0
93894,127337,Cagliostro's Secrets,4,80,0:0:0,0:0:0,2:0:0,2:0:0
93907,154054,– The Sky Breaker,9,75,4:0:0,8:0:0,0:0:0,6:0:0
93914,68237,Watch Dogs: Legion,829,65,18:0:0,33:0:0,49:0:0,29:0:0
93920,131988,Cupboards & Drawers,12,75,2:0:0,2:0:0,3:0:0,3:0:0
93920,155608,Deep Clean,1,65,0:0:0,0:0:0,2:0:0,2:0:0
93920,151952,Seeing Stars,15,70,4:0:0,5:0:0,6:0:0,5:0:0
93948,110811,Hot Wheels,70,75,7:0:0,11:0:0,13:0:0,10:0:0
93948,124528,Rally Adventure,58,75,5:0:0,7:0:0,13:0:0,8:0:0
93954,114060,Trials of the Dragon King,10,65,8:0:0,13:0:0,14:0:0,10:0:0
93954,115248,Wanderer of the Rift,8,60,9:0:0,30:0:0,32:0:0,17:0:0
93954,123158,Different Future,7,65,4:0:0,9:0:0,16:0:0,10:0:0
93956,57416,Fallout 76,169,60,34:0:0,115:0:0,294:0:0,126:0:0
93958,68237,Watch Dogs: Legion,829,65,18:0:0,33:0:0,49:0:0,29:0:0
93984,68262,Dragon Ball Z: Kakarot,910,75,30:0:0,42:0:0,55:0:0,42:0:0
94014,139430,The Gloom Below,7,65,2:0:0,3:0:0,4:0:0,4:0:0
94128,140862,The Pale Reach,78,75,1:0:0,2:0:0,2:0:0,2:0:0
94128,152946,The Iron Rig,27,80,5:0:0,8:0:0,8:0:0,7:0:0
94190,143156,"Suns Out, Swords Out",1,60,3:0:0,0:0:0,0:0:0,3:0:0
94194,117508,Space Academy,6,80,3:0:0,7:0:0,10:0:0,8:0:0
94194,125528,School Spirits,6,80,1:0:0,2:0:0,4:0:0,4:0:0
94194,133968,Medical School,1,80,0:0:0,0:0:0,10:0:0,10:0:0
94346,36390,Call to Arms,6,70,15:0:0,65:0:0,159:0:0,56:0:0
94377,4154,Guild Wars 2,86,80,88:0:0,254:0:0,1877:0:0,322:0:0
94419,4154,Guild Wars 2,86,80,88:0:0,254:0:0,1877:0:0,322:0:0
94420,4154,Guild Wars 2,86,80,88:0:0,254:0:0,1877:0:0,322:0:0
94421,4154,Guild Wars 2,86,80,88:0:0,254:0:0,1877:0:0,322:0:0
94422,4154,Guild Wars 2,86,80,88:0:0,254:0:0,1877:0:0,322:0:0
94437,121048,Point-du-Jour,0,80,0:0:0,0:0:0,0:0:0,0:0:0
94529,74558,Zombie Army 4: Dead War,136,70,12:0:0,18:0:0,57:0:0,16:0:0
94528,74558,Zombie Army 4: Dead War,136,70,12:0:0,18:0:0,57:0:0,16:0:0
94530,74558,Zombie Army 4: Dead War,136,70,12:0:0,18:0:0,57:0:0,16:0:0
94581,69224,GRID,102,65,21:0:0,34:0:0,66:0:0,34:0:0
94614,69224,GRID,102,65,21:0:0,34:0:0,66:0:0,34:0:0
94725,57513,Super Smash Bros. Ultimate,1500,90,24:0:0,42:0:0,75:0:0,40:0:0
94741,43414,Conan Exiles,50,60,38:0:0,119:0:0,119:0:0,93:0:0
94797,133527,The Absence of Misericordia,1,0,21:0:0,0:0:0,0:0:0,21:0:0
94846,51225,Ghost of Tsushima,4800,90,25:0:0,46:0:0,62:0:0,50:0:0
95410,151278,Cleanup,0,0,0:0:0,0:0:0,0:0:0,0:0:0
95473,75126,Shan Gui II: Sweet Osmanthus II,3,60,0:38:0,0:0:0,1:0:0,0:53:0
95672,76482,Streets of Rage 4,833,80,3:0:0,6:0:0,25:0:0,4:0:0
95888,46445,Ni no Kuni II: Revenant Kingdom,1100,75,39:0:0,56:0:0,93:0:0,56:0:0
95889,46445,Ni no Kuni II: Revenant Kingdom,1100,75,39:0:0,56:0:0,93:0:0,56:0:0
95890,46445,Ni no Kuni II: Revenant Kingdom,1100,75,39:0:0,56:0:0,93:0:0,56:0:0
95922,75811,Doom II: Unofficial WADs,0,85,0:0:0,0:0:0,0:0:0,0:0:0
95926,127233,Valentin’s Classic Car-Nage,10,40,2:0:0,3:0:0,10:0:0,4:0:0
95926,115339,Enduring Spirit,10,60,2:0:0,3:0:0,5:0:0,4:0:0
95926,127234,Rise of Ravenwest,6,60,2:0:0,3:0:0,4:0:0,3:0:0
95926,123868,Winter Bash,9,60,2:0:0,3:0:0,5:0:0,3:0:0
95975,45727,Dead Cells,1000,80,14:0:0,30:0:0,91:0:0,21:0:0
95977,75811,Doom II: Unofficial WADs,0,85,0:0:0,0:0:0,0:0:0,0:0:0
96208,75811,Doom II: Unofficial WADs,0,85,0:0:0,0:0:0,0:0:0,0:0:0
96217,4154,Guild Wars 2,86,80,88:0:0,254:0:0,1877:0:0,322:0:0
96280,57527,Outer Wilds,2200,90,17:0:0,22:0:0,28:0:0,22:0:0
96543,68279,Pistol Whip,60,85,2:0:0,4:0:0,7:0:0,3:0:0
96544,68279,Pistol Whip,60,85,2:0:0,4:0:0,7:0:0,3:0:0
96652,26804,Need for Speed,523,70,16:0:0,23:0:0,31:0:0,22:0:0
96684,17596,The Elder Scrolls Online,145,70,47:0:0,210:0:0,527:0:0,186:0:0
96716,11397,XCOM: Enemy Unknown,1300,85,27:0:0,38:0:0,67:0:0,34:0:0
96719,68260,Age of Empires II: Definitive Edition,50,85,40:0:0,110:0:0,167:0:0,74:0:0
96892,69224,GRID,102,65,21:0:0,34:0:0,66:0:0,34:0:0
96906,17596,The Elder Scrolls Online,145,70,47:0:0,210:0:0,527:0:0,186:0:0
96976,78648,Umurangi Generation,187,70,3:0:0,4:0:0,5:0:0,3:0:0
96978,89877,Life Is Strange: True Colors,1400,80,10:0:0,12:0:0,13:0:0,12:0:0
96995,27102,We Happy Few,163,65,21:0:0,40:0:0,66:0:0,35:0:0
97109,7452,Quake,670,80,5:0:0,8:0:0,16:0:0,7:0:0
97131,28279,XCOM 2,847,85,33:0:0,48:0:0,79:0:0,44:0:0
97158,68133,Genshin Impact,175,75,61:0:0,225:0:0,643:0:0,248:0:0
97163,43894,Destiny 2,799,70,12:0:0,40:0:0,180:0:0,35:0:0
97203,29174,IL-2 Sturmovik: Battle of Stalingrad,2,70,36:0:0,0:0:0,0:0:0,36:0:0
97231,43894,Destiny 2,799,70,12:0:0,40:0:0,180:0:0,35:0:0
97232,43894,Destiny 2,799,70,12:0:0,40:0:0,180:0:0,35:0:0
97298,122916,"The Good, the Bad, and the Undead",21,75,3:0:0,3:0:0,5:0:0,3:0:0
97298,124342,Redemption,17,75,3:0:0,3:0:0,6:0:0,3:0:0
97298,125876,The Hunger,17,70,2:0:0,3:0:0,5:0:0,3:0:0
97298,128107,Blood Storm,16,75,3:0:0,4:0:0,6:0:0,3:0:0
97313,131530,Relics of the Old Faith,5,90,4:0:0,13:0:0,23:0:0,16:0:0
97314,135951,The Heist and the Hazardous,11,60,0:50:0,1:0:0,2:0:0,1:0:0
97314,135952,Doc Ketchums Murder Circus,8,50,0:25:0,0:0:0,5:0:0,4:0:0
97314,132505,A Song of Ice and Dust,9,65,2:0:0,0:0:0,2:0:0,2:0:0
97380,75811,Doom II: Unofficial WADs,0,85,0:0:0,0:0:0,0:0:0,0:0:0
97381,75811,Doom II: Unofficial WADs,0,85,0:0:0,0:0:0,0:0:0,0:0:0
97441,29174,IL-2 Sturmovik: Battle of Stalingrad,2,70,36:0:0,0:0:0,0:0:0,36:0:0
97520,68266,Maneater,1300,70,8:0:0,10:0:0,13:0:0,11:0:0
97526,17596,The Elder Scrolls Online,145,70,47:0:0,210:0:0,527:0:0,186:0:0
97529,29174,IL-2 Sturmovik: Battle of Stalingrad,2,70,36:0:0,0:0:0,0:0:0,36:0:0
97551,72836,3000th Duel,20,70,14:0:0,15:0:0,22:0:0,16:0:0
97636,153470,Medieval Castle,0,0,0:0:0,0:0:0,0:0:0,0:0:0
97636,153469,Noir City,0,0,0:0:0,0:0:0,0:0:0,0:0:0
97637,290,Aion,14,75,54:0:0,259:0:0,1183:0:0,207:0:0
97778,17620,1849,18,60,12:0:0,15:0:0,15:0:0,13:0:0
97872,75811,Doom II: Unofficial WADs,0,85,0:0:0,0:0:0,0:0:0,0:0:0
97918,140387,Asterigos: Call of the Paragons,0,0,0:0:0,0:0:0,0:0:0,0:0:0
97929,75811,Doom II: Unofficial WADs,0,85,0:0:0,0:0:0,0:0:0,0:0:0
98032,81250,Star Wars: Tales from the Galaxy's Edge,43,70,3:0:0,6:0:0,6:0:0,5:0:0
98127,75811,Doom II: Unofficial WADs,0,85,0:0:0,0:0:0,0:0:0,0:0:0
98128,75811,Doom II: Unofficial WADs,0,85,0:0:0,0:0:0,0:0:0,0:0:0
98159,75811,Doom II: Unofficial WADs,0,85,0:0:0,0:0:0,0:0:0,0:0:0
98158,75811,Doom II: Unofficial WADs,0,85,0:0:0,0:0:0,0:0:0,0:0:0
98161,75811,Doom II: Unofficial WADs,0,85,0:0:0,0:0:0,0:0:0,0:0:0
98228,131001,Plus,26,80,9:0:0,12:0:0,13:0:0,11:0:0
98233,137365,Battle on the Big Boardwalk,3,75,2:0:0,0:0:0,0:0:0,2:0:0
98233,137366,The Fate of Another World,3,80,3:0:0,0:0:0,0:0:0,3:0:0
98307,76724,Automobilista 2,1,90,0:0:0,32:0:0,0:0:0,32:0:0
98356,112445,The Little Glass Bottle,9,65,0:15:0,0:18:0,0:27:0,0:17:0
98356,139238,The Railway Horror,9,65,0:15:0,0:19:0,0:24:0,0:19:0
98356,157702,What The Moon Brings,0,0,0:0:0,0:0:0,0:0:0,0:0:0
98467,110167,Dojo,3,55,0:41:0,0:0:0,0:42:0,0:41:0
98491,11014,Wallace & Gromit's Grand Adventures,20,70,10:0:0,12:0:0,13:0:0,11:0:0
98490,11014,Wallace & Gromit's Grand Adventures,20,70,10:0:0,12:0:0,13:0:0,11:0:0
98492,11014,Wallace & Gromit's Grand Adventures,20,70,10:0:0,12:0:0,13:0:0,11:0:0
98493,11014,Wallace & Gromit's Grand Adventures,20,70,10:0:0,12:0:0,13:0:0,11:0:0
98529,1177,Blood,104,85,10:0:0,12:0:0,21:0:0,11:0:0
98606,10807,UnderRail,40,85,50:0:0,104:0:0,125:0:0,103:0:0
98647,57513,Super Smash Bros. Ultimate,1500,90,24:0:0,42:0:0,75:0:0,40:0:0
98721,2195,Dante's Inferno,662,75,8:0:0,9:0:0,17:0:0,9:0:0
98729,43394,Fire Emblem Heroes,29,65,9:0:0,115:0:0,1523:0:0,56:0:0
98901,42532,Wasteland 3,400,80,37:0:0,50:0:0,73:0:0,50:0:0
99101,68240,Animal Crossing: New Horizons,1300,80,61:0:0,150:0:0,380:0:0,105:0:0
99160,115343,Chapter 2,28,70,2:0:0,3:0:0,3:0:0,3:0:0
99160,145006,Chapter 3,24,80,4:0:0,5:0:0,6:0:0,5:0:0
99223,120562,Steampunk,6,75,2:0:0,2:0:0,2:0:0,2:0:0
99223,120563,Wild West,5,70,2:0:0,2:0:0,3:0:0,2:0:0
99223,137610,Portal Escape Chamber,5,75,0:49:0,0:50:0,1:0:0,0:52:0
99223,143729,Among Us,4,75,0:39:0,0:47:0,0:0:0,0:41:0
99223,147582,Magic,7,80,2:0:0,2:0:0,0:0:0,2:0:0
99305,132167,Dreamlike World,5,70,6:0:0,0:0:0,0:0:0,6:0:0
99625,57547,Door Kickers: Action Squad,57,75,8:0:0,15:0:0,18:0:0,14:0:0
99767,75811,Doom II: Unofficial WADs,0,85,0:0:0,0:0:0,0:0:0,0:0:0
99845,67961,Marvel's Avengers,770,60,12:0:0,25:0:0,97:0:0,19:0:0
100013,75811,Doom II: Unofficial WADs,0,85,0:0:0,0:0:0,0:0:0,0:0:0
100416,36861,8-Bit Armies,15,65,8:0:0,16:0:0,16:0:0,10:0:0
100427,80870,Far Cry 6,1200,70,24:0:0,41:0:0,62:0:0,38:0:0
100428,80870,Far Cry 6,1200,70,24:0:0,41:0:0,62:0:0,38:0:0
100429,80870,Far Cry 6,1200,70,24:0:0,41:0:0,62:0:0,38:0:0
100435,80923,Orcs Must Die! 3,173,75,10:0:0,17:0:0,51:0:0,16:0:0
100513,25223,Battle of Empires: 1914-1918,1,50,0:32:0,0:0:0,0:0:0,0:32:0
100514,25223,Battle of Empires: 1914-1918,1,50,0:32:0,0:0:0,0:0:0,0:32:0
100515,25223,Battle of Empires: 1914-1918,1,50,0:32:0,0:0:0,0:0:0,0:32:0
100516,25223,Battle of Empires: 1914-1918,1,50,0:32:0,0:0:0,0:0:0,0:32:0
100517,25223,Battle of Empires: 1914-1918,1,50,0:32:0,0:0:0,0:0:0,0:32:0
100518,25223,Battle of Empires: 1914-1918,1,50,0:32:0,0:0:0,0:0:0,0:32:0
100519,25223,Battle of Empires: 1914-1918,1,50,0:32:0,0:0:0,0:0:0,0:32:0
100638,39417,Little Nightmares,3000,80,4:0:0,5:0:0,8:0:0,4:0:0
100676,57066,Horizon Chase Turbo,303,80,10:0:0,15:0:0,32:0:0,15:0:0
100798,7452,Quake,670,80,5:0:0,8:0:0,16:0:0,7:0:0
101237,151820,Night Springs,201,80,3:0:0,3:0:0,3:0:0,3:0:0
101237,151886,The Lake House,0,0,0:0:0,0:0:0,0:0:0,0:0:0
101242,141639,Archangel,1,0,0:0:0,1:0:0,0:0:0,1:0:0
101251,135856,The Final Horizon,62,70,7:0:0,11:0:0,21:0:0,11:0:0
101262,24167,Forza Motorsport 6,85,80,25:0:0,66:0:0,204:0:0,52:0:0
101288,7452,Quake,670,80,5:0:0,8:0:0,16:0:0,7:0:0
101297,62047,Blasphemous,1600,80,14:0:0,19:0:0,29:0:0,19:0:0
101305,77729,Assassin's Creed Valhalla,2700,70,61:0:0,98:0:0,147:0:0,105:0:0
101414,57503,Assassin's Creed Odyssey,5400,80,45:0:0,85:0:0,144:0:0,94:0:0
101415,77729,Assassin's Creed Valhalla,2700,70,61:0:0,98:0:0,147:0:0,105:0:0
101431,79015,Kingdoms of Amalur: Re-Reckoning,165,70,24:0:0,53:0:0,96:0:0,57:0:0
101451,129157,Liva's Story,8,70,3:0:0,4:0:0,0:0:0,3:0:0
101558,153,AaAaAA!!! - A Reckless Disregard for Gravity,25,60,5:0:0,6:0:0,12:0:0,6:0:0
101565,39689,Titan Quest: Anniversary Edition,248,75,31:0:0,45:0:0,103:0:0,46:0:0
101756,114029,Target Führer - Wolf Mountain,1,0,0:0:0,3:0:0,0:0:0,3:0:0
101756,157291,Landing Force,1,0,0:0:0,2:0:0,0:0:0,2:0:0
101756,157292,"Conqueror Mission, Weapon and Skin Pack",0,0,0:0:0,0:0:0,0:0:0,0:0:0
101756,157315,Rough Landing Mission and Weapon Pack,0,0,0:0:0,0:0:0,0:0:0,0:0:0
101756,157316,"Kraken Awakes Mission, Weapon and Skin Pack",0,0,0:0:0,0:0:0,0:0:0,0:0:0
101763,133670,Happy Tree Friends Edition,0,0,0:0:0,0:0:0,0:0:0,0:0:0
101774,16887,Assetto Corsa,16,75,43:0:0,74:0:0,169:0:0,87:0:0
101894,1875,Company of Heroes 2,158,75,16:0:0,25:0:0,59:0:0,20:0:0
101893,1875,Company of Heroes 2,158,75,16:0:0,25:0:0,59:0:0,20:0:0
101895,1875,Company of Heroes 2,158,75,16:0:0,25:0:0,59:0:0,20:0:0
101929,18005,Batman: Arkham Knight,3700,85,17:0:0,31:0:0,51:0:0,31:0:0
101930,18005,Batman: Arkham Knight,3700,85,17:0:0,31:0:0,51:0:0,31:0:0
101932,18005,Batman: Arkham Knight,3700,85,17:0:0,31:0:0,51:0:0,31:0:0
101931,18005,Batman: Arkham Knight,3700,85,17:0:0,31:0:0,51:0:0,31:0:0
101933,18005,Batman: Arkham Knight,3700,85,17:0:0,31:0:0,51:0:0,31:0:0
101934,18005,Batman: Arkham Knight,3700,85,17:0:0,31:0:0,51:0:0,31:0:0
101935,18005,Batman: Arkham Knight,3700,85,17:0:0,31:0:0,51:0:0,31:0:0
101936,18005,Batman: Arkham Knight,3700,85,17:0:0,31:0:0,51:0:0,31:0:0
101974,89414,Mail Mole,33,70,4:0:0,6:0:0,8:0:0,5:0:0
102017,79774,Hitman 3,720,85,8:0:0,21:0:0,62:0:0,14:0:0
102187,37867,Sid Meier's Civilization VI,320,80,23:0:0,96:0:0,382:0:0,59:0:0
102227,37804,Age of Barbarian: Extended Cut,4,45,6:0:0,9:0:0,25:0:0,11:0:0
102229,37804,Age of Barbarian: Extended Cut,4,45,6:0:0,9:0:0,25:0:0,11:0:0
102243,68149,Minecraft Dungeons,557,65,6:0:0,12:0:0,32:0:0,9:0:0
102469,68318,Remnant: From the Ashes,1100,75,13:0:0,21:0:0,59:0:0,19:0:0
102649,87856,Rain On Your Parade,201,75,3:0:0,4:0:0,8:0:0,4:0:0
102652,68149,Minecraft Dungeons,557,65,6:0:0,12:0:0,32:0:0,9:0:0
102678,45727,Dead Cells,1000,80,14:0:0,30:0:0,91:0:0,21:0:0
102750,118154,Legacy of the Moonspell,80,80,7:0:0,7:0:0,7:0:0,7:0:0
102750,126293,Tides of the Foscari,57,80,4:0:0,5:0:0,7:0:0,6:0:0
102750,141763,Emergency Meeting,22,75,3:0:0,4:0:0,4:0:0,4:0:0
102750,150077,Operation Guns,11,80,3:0:0,6:0:0,10:0:0,5:0:0
102752,46316,Monument Valley 2,366,80,2:0:0,2:0:0,2:0:0,2:0:0
102780,124734,Hitman: Freelancer,7,90,19:0:0,40:0:0,0:0:0,26:0:0
102849,89414,Mail Mole,33,70,4:0:0,6:0:0,8:0:0,5:0:0
102857,57066,Horizon Chase Turbo,303,80,10:0:0,15:0:0,32:0:0,15:0:0
102876,17596,The Elder Scrolls Online,145,70,47:0:0,210:0:0,527:0:0,186:0:0
102989,80162,Blue Fire,212,70,10:0:0,13:0:0,13:0:0,12:0:0
103029,143370,The Last One and Then Another,10,65,0:15:0,0:15:0,0:0:0,0:15:0
103326,37867,Sid Meier's Civilization VI,320,80,23:0:0,96:0:0,382:0:0,59:0:0
103354,134619,Bend the Rooles,3,0,3:0:0,4:0:0,5:0:0,4:0:0
103357,69380,Tiny Room Stories: Town Mystery,36,70,9:0:0,11:0:0,11:0:0,10:0:0
103359,17596,The Elder Scrolls Online,145,70,47:0:0,210:0:0,527:0:0,186:0:0
103493,68263,CrossfireX,31,45,4:0:0,7:0:0,17:0:0,9:0:0
103492,68263,CrossfireX,31,45,4:0:0,7:0:0,17:0:0,9:0:0
103498,34931,"Linea, the Game",17,65,0:53:0,2:0:0,2:0:0,2:0:0
103564,63112,The Crown of Leaves,22,70,2:0:0,3:0:0,6:0:0,3:0:0
103825,127258,Future Redeemed,600,90,18:0:0,23:0:0,34:0:0,25:0:0
103871,49534,Ion Fury,216,75,10:0:0,13:0:0,29:0:0,12:0:0
103905,7452,Quake,670,80,5:0:0,8:0:0,16:0:0,7:0:0
104085,83169,Monster Hunter Rise,1000,85,23:0:0,79:0:0,173:0:0,57:0:0
104338,71948,Terminator: Resistance,329,70,9:0:0,13:0:0,16:0:0,13:0:0
104638,75811,Doom II: Unofficial WADs,0,85,0:0:0,0:0:0,0:0:0,0:0:0
104683,124704,The Teal Mask,207,70,6:0:0,11:0:0,15:0:0,10:0:0
104683,124705,The Indigo Disk,143,75,9:0:0,16:0:0,30:0:0,16:0:0
104683,144095,Mochi Mayhem,30,65,1:0:0,2:0:0,2:0:0,2:0:0
104712,19521,Grid Autosport,76,70,32:0:0,61:0:0,159:0:0,51:0:0
104713,19521,Grid Autosport,76,70,32:0:0,61:0:0,159:0:0,51:0:0
104771,2974,Dungeons of Dredmor,67,75,18:0:0,37:0:0,81:0:0,30:0:0
105066,89107,Pokémon Legends: Arceus,2500,80,26:0:0,44:0:0,79:0:0,43:0:0
105156,92446,Lost Judgment,623,85,24:0:0,53:0:0,104:0:0,48:0:0
105296,69898,Ghostrunner,1300,75,7:0:0,9:0:0,14:0:0,8:0:0
105303,80102,Returnal,1100,85,19:0:0,31:0:0,61:0:0,27:0:0
105465,58082,AMID EVIL,260,80,8:0:0,11:0:0,13:0:0,9:0:0
105565,33210,Earth Defense Force 4.1: The Shadow of New Despair,61,75,22:0:0,47:0:0,257:0:0,40:0:0
105615,129840,DLC1 Pack - Forest of Magic & Youkai Mountain,0,0,0:0:0,0:0:0,0:0:0,0:0:0
105615,129841,DLC2 Pack - Former Hell & Chireiden,0,0,0:0:0,0:0:0,0:0:0,0:0:0
105615,129844,DLC2.5 Pack - The Musician's Challenge,0,0,0:0:0,0:0:0,0:0:0,0:0:0
105615,129842,DLC3 Pack - Myouren Temple & Divine Spirit Mausoleum,0,0,0:0:0,0:0:0,0:0:0,0:0:0
105615,129843,DLC4 Pack - Garden of the Sun & Shining Needle Castle,0,0,0:0:0,0:0:0,0:0:0,0:0:0
105615,148695,DLC5 Pack - Makai & Lunar Capital,0,0,0:0:0,0:0:0,0:0:0,0:0:0
105790,152924,Stray Gods: Orpheus,7,75,2:0:0,2:0:0,2:0:0,2:0:0
105835,43480,Mario Kart 8 Deluxe,1100,85,6:0:0,22:0:0,53:0:0,22:0:0
105901,43039,Fire Emblem Echoes: Shadows of Valentia,670,80,35:0:0,47:0:0,69:0:0,43:0:0
105902,43039,Fire Emblem Echoes: Shadows of Valentia,670,80,35:0:0,47:0:0,69:0:0,43:0:0
105904,43039,Fire Emblem Echoes: Shadows of Valentia,670,80,35:0:0,47:0:0,69:0:0,43:0:0
105907,43039,Fire Emblem Echoes: Shadows of Valentia,670,80,35:0:0,47:0:0,69:0:0,43:0:0
105911,11360,X Rebirth,3,60,15:0:0,118:0:0,0:0:0,62:0:0
106036,80870,Far Cry 6,1200,70,24:0:0,41:0:0,62:0:0,38:0:0
106083,43480,Mario Kart 8 Deluxe,1100,85,6:0:0,22:0:0,53:0:0,22:0:0
106185,51390,Slay the Spire,1100,85,12:0:0,47:0:0,191:0:0,37:0:0
106202,43394,Fire Emblem Heroes,29,65,9:0:0,115:0:0,1523:0:0,56:0:0
106222,136559,Reunion of Memories,5,65,0:0:0,6:0:0,8:0:0,6:0:0
106331,77912,Pixel Puzzles Traditional Jigsaws,3,50,17:0:0,40:0:0,319:0:0,83:0:0
106368,60043,Two Point Hospital,118,75,40:0:0,73:0:0,122:0:0,68:0:0
106369,60043,Two Point Hospital,118,75,40:0:0,73:0:0,122:0:0,68:0:0
106370,60043,Two Point Hospital,118,75,40:0:0,73:0:0,122:0:0,68:0:0
106383,71406,Lonely Mountains: Downhill,116,75,6:0:0,12:0:0,34:0:0,10:0:0
106398,60043,Two Point Hospital,118,75,40:0:0,73:0:0,122:0:0,68:0:0
106401,60043,Two Point Hospital,118,75,40:0:0,73:0:0,122:0:0,68:0:0
106447,146426,Doomsday,15,70,0:33:0,0:41:0,0:50:0,0:42:0
106507,80923,Orcs Must Die! 3,173,75,10:0:0,17:0:0,51:0:0,16:0:0
106571,3712,Frog Fractions,202,70,1:0:0,2:0:0,2:0:0,1:0:0
106614,12654,Final Fantasy XIV,442,80,100:0:0,312:0:0,3347:0:0,246:0:0
106932,83856,Pathfinder: Wrath of the Righteous,239,80,56:0:0,133:0:0,209:0:0,133:0:0
107047,3221,EverQuest II,5,75,0:0:0,1656:0:0,0:0:0,1656:0:0
107048,3221,EverQuest II,5,75,0:0:0,1656:0:0,0:0:0,1656:0:0
107049,3221,EverQuest II,5,75,0:0:0,1656:0:0,0:0:0,1656:0:0
107070,69273,Gloomhaven,26,75,81:0:0,133:0:0,190:0:0,120:0:0
107160,72265,Solasta: Crown of the Magister,146,75,40:0:0,47:0:0,70:0:0,48:0:0
107161,83856,Pathfinder: Wrath of the Righteous,239,80,56:0:0,133:0:0,209:0:0,133:0:0
107205,80122,Bugsnax,1000,75,8:0:0,12:0:0,15:0:0,13:0:0
107252,17596,The Elder Scrolls Online,145,70,47:0:0,210:0:0,527:0:0,186:0:0
107256,10270,The Witcher 3: Wild Hunt,10800,95,51:0:0,104:0:0,174:0:0,103:0:0
107257,10270,The Witcher 3: Wild Hunt,10800,95,51:0:0,104:0:0,174:0:0,103:0:0
107284,7452,Quake,670,80,5:0:0,8:0:0,16:0:0,7:0:0
107302,10270,The Witcher 3: Wild Hunt,10800,95,51:0:0,104:0:0,174:0:0,103:0:0
107308,77912,Pixel Puzzles Traditional Jigsaws,3,50,17:0:0,40:0:0,319:0:0,83:0:0
107340,75811,Doom II: Unofficial WADs,0,85,0:0:0,0:0:0,0:0:0,0:0:0
107393,10270,The Witcher 3: Wild Hunt,10800,95,51:0:0,104:0:0,174:0:0,103:0:0
107515,10270,The Witcher 3: Wild Hunt,10800,95,51:0:0,104:0:0,174:0:0,103:0:0
107578,11286,World of Warcraft,135,85,518:0:0,1308:0:0,5574:0:0,1414:0:0
107711,77912,Pixel Puzzles Traditional Jigsaws,3,50,17:0:0,40:0:0,319:0:0,83:0:0
107808,15315,Zoo Tycoon 2,7,75,22:0:0,46:0:0,118:0:0,60:0:0
107809,15315,Zoo Tycoon 2,7,75,22:0:0,46:0:0,118:0:0,60:0:0
107810,15315,Zoo Tycoon 2,7,75,22:0:0,46:0:0,118:0:0,60:0:0
107811,15315,Zoo Tycoon 2,7,75,22:0:0,46:0:0,118:0:0,60:0:0
107834,22535,Darkest Dungeon,362,80,58:0:0,83:0:0,125:0:0,79:0:0
108250,7453,Quake 4,306,70,8:0:0,10:0:0,12:0:0,8:0:0
108252,127944,Golden Idol Mysteries: The Spider of Lanka,123,85,2:0:0,3:0:0,3:0:0,3:0:0
108252,136363,Golden Idol Mysteries: The Lemurian Vampire,99,80,3:0:0,3:0:0,3:0:0,3:0:0
108444,83883,Age of Empires III: Definitive Edition,46,75,20:0:0,46:0:0,85:0:0,45:0:0
108497,27102,We Happy Few,163,65,21:0:0,40:0:0,66:0:0,35:0:0
108553,7452,Quake,670,80,5:0:0,8:0:0,16:0:0,7:0:0
108607,77912,Pixel Puzzles Traditional Jigsaws,3,50,17:0:0,40:0:0,319:0:0,83:0:0
108698,66743,National Park Girls,1,0,6:0:0,0:0:0,0:0:0,6:0:0
108881,126681,The Mercenaries,15,80,1:0:0,2:0:0,5:0:0,2:0:0
108881,137868,Separate Ways,539,85,5:0:0,6:0:0,10:0:0,6:0:0
108994,75811,Doom II: Unofficial WADs,0,85,0:0:0,0:0:0,0:0:0,0:0:0
109100,149320,Chapter 1: Jarilo-VI,4,80,6:0:0,39:0:0,0:0:0,23:0:0
109100,149321,Chapter 2: The Xianzhou Luofu,5,75,5:0:0,53:0:0,0:0:0,15:0:0
109100,149319,Prologue: Today Is Yesterday's Tomorrow,5,85,4:0:0,0:0:0,0:0:0,4:0:0
109100,149322,Chapter 3: Penacony,4,85,31:0:0,35:0:0,0:0:0,32:0:0
109101,153588,Chapter 1 Interlude: Just Another Day at the Video Store,2,80,0:0:0,7:0:0,0:0:0,7:0:0
109101,153183,Chapter 1: Cat's Lost and Found,4,75,3:0:0,4:0:0,0:0:0,4:0:0
109101,153397,Chapter 2 Interlude: Mission Unthinkable,5,80,3:0:0,6:0:0,0:0:0,4:0:0
109101,153251,Chapter 2: A Call From the Hollow's Heart,3,80,5:0:0,8:0:0,0:0:0,6:0:0
109101,153398,Chapter 3: Midnight Pursuit,4,90,3:0:0,5:0:0,0:0:0,4:0:0
109101,153174,Prologue: Business x Strangeness x Justness,6,80,3:0:0,6:0:0,0:0:0,4:0:0
109101,155394,Special Episode: Undercover R&B,3,90,3:0:0,5:0:0,0:0:0,4:0:0
109101,157329,Chapter 4: Tour de Inferno,3,80,4:0:0,6:0:0,0:0:0,4:0:0
109125,151967,Multiverse of Nonsense,2,65,4:0:0,0:0:0,9:0:0,7:0:0
109211,128143,Escape From Anti-Escape Island,9,75,2:0:0,3:0:0,3:0:0,3:0:0
109211,131652,Escape from the Past,8,75,3:0:0,0:0:0,4:0:0,4:0:0
109222,152607,Raising Hell,1,90,12:0:0,0:0:0,0:0:0,12:0:0
109222,152608,Urban Onslaught,1,100,12:0:0,0:0:0,0:0:0,12:0:0
109245,135950,High On Knife,45,70,3:0:0,3:0:0,5:0:0,3:0:0
109264,135948,Battle of Zhongyuan,20,75,2:0:0,5:0:0,8:0:0,3:0:0
109264,135949,Conqueror of Jiangdong,16,75,3:0:0,5:0:0,7:0:0,5:0:0
109264,141737,Upheaval in Jingxiang,17,75,3:0:0,5:0:0,7:0:0,5:0:0
109278,75811,Doom II: Unofficial WADs,0,85,0:0:0,0:0:0,0:0:0,0:0:0
109314,62519,Greedfall,688,70,23:0:0,41:0:0,51:0:0,42:0:0
109468,5334,LittleBigPlanet,315,75,9:0:0,18:0:0,41:0:0,12:0:0
109511,148307,ASTLIBRA Gaiden: The Cave of Phantom Mist,6,70,11:0:0,21:0:0,22:0:0,20:0:0
109694,114197,Episode 2 - Dissonance and Resonance,0,0,0:0:0,0:0:0,0:0:0,0:0:0
109694,80299,Sierra Ops: Episode 1 - Collapsing Daybreak,0,0,0:0:0,0:0:0,0:0:0,0:0:0
109779,7342,Professor Layton vs. Phoenix Wright: Ace Attorney,483,80,24:0:0,28:0:0,29:0:0,26:0:0
109814,76543,Baldo: The Guardian Owls,11,60,41:0:0,48:0:0,74:0:0,50:0:0
109883,16136,Wreckfest,255,75,18:0:0,26:0:0,31:0:0,23:0:0
109906,68260,Age of Empires II: Definitive Edition,50,85,40:0:0,110:0:0,167:0:0,74:0:0
109925,139150,Adventureland,0,0,0:0:0,0:0:0,0:0:0,0:0:0
109973,17596,The Elder Scrolls Online,145,70,47:0:0,210:0:0,527:0:0,186:0:0
110167,98467,Blind Fate: Edo no Yami,6,55,10:0:0,14:0:0,0:0:0,11:0:0
110268,69646,Dicey Dungeons,173,75,27:0:0,44:0:0,54:0:0,43:0:0
110373,75811,Doom II: Unofficial WADs,0,85,0:0:0,0:0:0,0:0:0,0:0:0
110422,75811,Doom II: Unofficial WADs,0,85,0:0:0,0:0:0,0:0:0,0:0:0
110811,93948,Forza Horizon 5,814,85,21:0:0,44:0:0,122:0:0,40:0:0
110874,8499,Sid Meier's Civilization II,28,85,22:0:0,61:0:0,76:0:0,31:0:0
110875,75884,Hidden Through Time,131,70,3:0:0,5:0:0,5:0:0,5:0:0
110973,75884,Hidden Through Time,131,70,3:0:0,5:0:0,5:0:0,5:0:0
111146,80128,Oddworld: Soulstorm,70,65,18:0:0,27:0:0,35:0:0,24:0:0
111356,83883,Age of Empires III: Definitive Edition,46,75,20:0:0,46:0:0,85:0:0,45:0:0
111594,73326,Lonely Wolf Treat - Part 2: Friendly Bunny Mochi,7,80,0:21:0,0:41:0,0:0:0,0:26:0
111594,73394,Lonely Wolf Treat - Part 3: Clever Fox Moxie,7,75,0:32:0,0:57:0,0:0:0,0:36:0
111594,73410,Lonely Wolf Treat - Part 4: Wandering Wolf Trick,6,85,0:36:0,0:0:0,0:0:0,0:36:0
111594,73421,Lonely Wolf Treat - Part 5: Dreaming Treat,7,80,0:34:0,0:35:0,0:46:0,0:38:0
111594,73422,Lonely Wolf Treat - Part 6: Mochie in Frosting,5,80,0:19:0,0:25:0,0:0:0,0:20:0
111594,111593,Lonely Wolf Treat - Part 7: Lucky Number Moxie,2,80,0:52:0,0:0:0,0:0:0,0:52:0
111720,43480,Mario Kart 8 Deluxe,1100,85,6:0:0,22:0:0,53:0:0,22:0:0
111977,147579,Atttack of the Gay Clones,3,95,5:0:0,6:0:0,10:0:0,7:0:0
112181,135955,The Rise of Evil,1,75,2:0:0,0:0:0,0:0:0,2:0:0
112445,98356,Dagon: by H. P. Lovecraft,302,65,0:32:0,0:43:0,0:57:0,0:44:0
112638,12654,Final Fantasy XIV,442,80,100:0:0,312:0:0,3347:0:0,246:0:0
112734,7452,Quake,670,80,5:0:0,8:0:0,16:0:0,7:0:0
112735,69273,Gloomhaven,26,75,81:0:0,133:0:0,190:0:0,120:0:0
112775,75811,Doom II: Unofficial WADs,0,85,0:0:0,0:0:0,0:0:0,0:0:0
112779,11847,Grim Dawn,517,80,21:0:0,47:0:0,187:0:0,41:0:0
113057,67709,Back 4 Blood,331,65,12:0:0,23:0:0,120:0:0,16:0:0
113203,2127,Cyberpunk 2077,8400,80,25:0:0,62:0:0,105:0:0,64:0:0
113247,68974,Hellpoint,96,65,16:0:0,22:0:0,34:0:0,22:0:0
113469,79535,Gunfire Reborn,135,75,14:0:0,32:0:0,91:0:0,28:0:0
113540,68133,Genshin Impact,175,75,61:0:0,225:0:0,643:0:0,248:0:0
113547,125910,Fell Xenologue,55,65,7:0:0,9:0:0,12:0:0,8:0:0
113637,68276,Outriders,539,70,16:0:0,36:0:0,65:0:0,33:0:0
113859,130958,Smart Devices,2,70,2:0:0,0:0:0,2:0:0,2:0:0
113973,139216,Heroes of the Aegean,0,0,0:0:0,0:0:0,0:0:0,0:0:0
113973,139217,The Sacred and The Profane,0,0,0:0:0,0:0:0,0:0:0,0:0:0
113973,139218,Pharaohs of the Nile,0,0,0:0:0,0:0:0,0:0:0,0:0:0
114029,101756,Sniper Elite 5,320,75,11:0:0,20:0:0,41:0:0,18:0:0
114060,93954,Stranger of Paradise: Final Fantasy Origin,563,75,18:0:0,29:0:0,51:0:0,27:0:0
114127,30662,Warhammer: End Times - Vermintide,148,65,8:0:0,26:0:0,146:0:0,17:0:0
114192,7452,Quake,670,80,5:0:0,8:0:0,16:0:0,7:0:0
114197,109694,Sierra Ops,0,0,0:0:0,0:0:0,0:0:0,0:0:0
114213,4248,Half-Life 2,4500,90,13:0:0,16:0:0,19:0:0,14:0:0
114272,142280,Bunker Scenario,3,55,2:0:0,0:0:0,2:0:0,2:0:0
114292,89344,Hot Wheels Unleashed,195,65,9:0:0,17:0:0,37:0:0,17:0:0
114293,89344,Hot Wheels Unleashed,195,65,9:0:0,17:0:0,37:0:0,17:0:0
114294,89344,Hot Wheels Unleashed,195,65,9:0:0,17:0:0,37:0:0,17:0:0
114347,72067,Half-Life: Alyx,1100,95,12:0:0,14:0:0,19:0:0,13:0:0
114920,80038,Resident Evil Village,3700,85,10:0:0,13:0:0,37:0:0,12:0:0
115248,93954,Stranger of Paradise: Final Fantasy Origin,563,75,18:0:0,29:0:0,51:0:0,27:0:0
115303,80038,Resident Evil Village,3700,85,10:0:0,13:0:0,37:0:0,12:0:0
115328,77912,Pixel Puzzles Traditional Jigsaws,3,50,17:0:0,40:0:0,319:0:0,83:0:0
115339,95926,GRID Legends,222,70,6:0:0,23:0:0,77:0:0,12:0:0
115343,99160,Poppy Playtime,168,65,0:54:0,2:0:0,2:0:0,1:0:0
115507,77912,Pixel Puzzles Traditional Jigsaws,3,50,17:0:0,40:0:0,319:0:0,83:0:0
115641,51768,Warhammer: Vermintide 2,280,70,11:0:0,29:0:0,132:0:0,25:0:0
115642,51768,Warhammer: Vermintide 2,280,70,11:0:0,29:0:0,132:0:0,25:0:0
115660,152396,Forges Of Corruption,13,80,2:0:0,3:0:0,3:0:0,3:0:0
115718,51768,Warhammer: Vermintide 2,280,70,11:0:0,29:0:0,132:0:0,25:0:0
116185,57425,Dying Light 2: Stay Human,842,75,24:0:0,48:0:0,99:0:0,42:0:0
116458,77912,Pixel Puzzles Traditional Jigsaws,3,50,17:0:0,40:0:0,319:0:0,83:0:0
116521,52496,Radiant Historia: Perfect Chronology,249,85,29:0:0,45:0:0,58:0:0,45:0:0
116522,52496,Radiant Historia: Perfect Chronology,249,85,29:0:0,45:0:0,58:0:0,45:0:0
116523,52496,Radiant Historia: Perfect Chronology,249,85,29:0:0,45:0:0,58:0:0,45:0:0
116524,52496,Radiant Historia: Perfect Chronology,249,85,29:0:0,45:0:0,58:0:0,45:0:0
116525,52496,Radiant Historia: Perfect Chronology,249,85,29:0:0,45:0:0,58:0:0,45:0:0
116697,77912,Pixel Puzzles Traditional Jigsaws,3,50,17:0:0,40:0:0,319:0:0,83:0:0
116698,77912,Pixel Puzzles Traditional Jigsaws,3,50,17:0:0,40:0:0,319:0:0,83:0:0
116699,77912,Pixel Puzzles Traditional Jigsaws,3,50,17:0:0,40:0:0,319:0:0,83:0:0
116700,77912,Pixel Puzzles Traditional Jigsaws,3,50,17:0:0,40:0:0,319:0:0,83:0:0
116714,5322,Little Inferno,1200,70,3:0:0,4:0:0,5:0:0,4:0:0
116794,43480,Mario Kart 8 Deluxe,1100,85,6:0:0,22:0:0,53:0:0,22:0:0
116934,42836,Fire Emblem Warriors,437,70,12:0:0,34:0:0,217:0:0,23:0:0
117486,10700,Turmoil,144,70,8:0:0,12:0:0,22:0:0,9:0:0
117497,77729,Assassin's Creed Valhalla,2700,70,61:0:0,98:0:0,147:0:0,105:0:0
117508,94194,Two Point Campus,71,70,25:0:0,52:0:0,68:0:0,52:0:0
117554,93485,Jurassic World Evolution 2,106,75,6:0:0,35:0:0,103:0:0,18:0:0
117715,26631,Z.A.R.,4,45,7:0:0,11:0:0,0:0:0,8:0:0
117861,80870,Far Cry 6,1200,70,24:0:0,41:0:0,62:0:0,38:0:0
117969,66479,The Textorcist: The Story of Ray Bibbia,103,70,4:0:0,6:0:0,14:0:0,5:0:0
118154,102750,Vampire Survivors,1400,85,14:0:0,26:0:0,49:0:0,35:0:0
118228,157482,Dragon's Gold Cup,0,0,0:0:0,0:0:0,0:0:0,0:0:0
118228,157481,Cagnali's Order,0,0,0:0:0,0:0:0,0:0:0,0:0:0
118231,45727,Dead Cells,1000,80,14:0:0,30:0:0,91:0:0,21:0:0
118248,141444,The Awakened King,19,75,4:0:0,5:0:0,6:0:0,5:0:0
118248,149309,The Forgotten Kingdom,14,80,4:0:0,5:0:0,7:0:0,5:0:0
118292,83809,Scarlet Hollow,0,65,0:0:0,0:0:0,0:0:0,0:0:0
118297,83809,Scarlet Hollow,0,65,0:0:0,0:0:0,0:0:0,0:0:0
118299,83809,Scarlet Hollow,0,65,0:0:0,0:0:0,0:0:0,0:0:0
118298,83809,Scarlet Hollow,0,65,0:0:0,0:0:0,0:0:0,0:0:0
118355,20992,The Sims 4,112,70,22:0:0,85:0:0,302:0:0,90:0:0
118358,20992,The Sims 4,112,70,22:0:0,85:0:0,302:0:0,90:0:0
118447,157290,Mea Culpa,0,0,0:0:0,0:0:0,0:0:0,0:0:0
118483,80120,BarnFinders,70,70,11:0:0,14:0:0,16:0:0,13:0:0
118808,83856,Pathfinder: Wrath of the Righteous,239,80,56:0:0,133:0:0,209:0:0,133:0:0
119374,29138,Gran Atlas,0,0,0:0:0,0:0:0,0:0:0,0:0:0
119444,56524,House Flipper,254,70,13:0:0,27:0:0,40:0:0,25:0:0
119588,75803,Cardpocalypse,13,80,9:0:0,15:0:0,25:0:0,15:0:0
119706,65337,Glass Masquerade 2: Illusions,116,70,8:0:0,10:0:0,20:0:0,14:0:0
119780,56524,House Flipper,254,70,13:0:0,27:0:0,40:0:0,25:0:0
119781,56524,House Flipper,254,70,13:0:0,27:0:0,40:0:0,25:0:0
119793,56524,House Flipper,254,70,13:0:0,27:0:0,40:0:0,25:0:0
120090,38891,The Turing Test,1000,75,5:0:0,6:0:0,6:0:0,6:0:0
120092,56524,House Flipper,254,70,13:0:0,27:0:0,40:0:0,25:0:0
120203,2709,Doom 64,458,75,7:0:0,9:0:0,10:0:0,8:0:0
120257,77912,Pixel Puzzles Traditional Jigsaws,3,50,17:0:0,40:0:0,319:0:0,83:0:0
120291,81101,Spirit Island,4,85,3:0:0,20:0:0,0:0:0,15:0:0
120369,57479,Resident Evil 2,5400,90,9:0:0,15:0:0,36:0:0,12:0:0
120475,93455,Tiny Tina's Wonderlands,611,70,16:0:0,28:0:0,49:0:0,28:0:0
120476,93455,Tiny Tina's Wonderlands,611,70,16:0:0,28:0:0,49:0:0,28:0:0
120477,93455,Tiny Tina's Wonderlands,611,70,16:0:0,28:0:0,49:0:0,28:0:0
120478,93455,Tiny Tina's Wonderlands,611,70,16:0:0,28:0:0,49:0:0,28:0:0
120524,77912,Pixel Puzzles Traditional Jigsaws,3,50,17:0:0,40:0:0,319:0:0,83:0:0
120562,99223,Escape Simulator,142,80,8:0:0,10:0:0,11:0:0,10:0:0
120563,99223,Escape Simulator,142,80,8:0:0,10:0:0,11:0:0,10:0:0
120665,79775,Horizon Forbidden West,2800,85,29:0:0,62:0:0,89:0:0,65:0:0
120761,43394,Fire Emblem Heroes,29,65,9:0:0,115:0:0,1523:0:0,56:0:0
120969,10547,Total War: Rome II,83,75,49:0:0,98:0:0,220:0:0,76:0:0
120979,90632,Nobody Saves the World,620,80,16:0:0,20:0:0,28:0:0,21:0:0
120989,12654,Final Fantasy XIV,442,80,100:0:0,312:0:0,3347:0:0,246:0:0
121043,68262,Dragon Ball Z: Kakarot,909,75,30:0:0,42:0:0,55:0:0,42:0:0
121048,94437,Belle-de-Nuit,2,75,0:0:0,4:0:0,0:0:0,4:0:0
121233,77912,Pixel Puzzles Traditional Jigsaws,3,50,17:0:0,40:0:0,319:0:0,83:0:0
121317,77912,Pixel Puzzles Traditional Jigsaws,3,50,17:0:0,40:0:0,319:0:0,83:0:0
121321,56524,House Flipper,254,70,13:0:0,27:0:0,40:0:0,25:0:0
121387,60071,Coloring Pixels,13,75,47:0:0,210:0:0,373:0:0,213:0:0
121389,60071,Coloring Pixels,13,75,47:0:0,210:0:0,373:0:0,213:0:0
121393,60071,Coloring Pixels,13,75,47:0:0,210:0:0,373:0:0,213:0:0
121830,137685,Edge of the World,0,0,0:0:0,0:0:0,0:0:0,0:0:0
122891,131324,Arcade Challenge! Update!,1,80,2:0:0,0:0:0,0:0:0,2:0:0
122916,97298,Marvel's Midnight Suns,592,80,40:0:0,64:0:0,93:0:0,63:0:0
122933,77922,The Ascent,499,70,12:0:0,19:0:0,26:0:0,18:0:0
122954,67961,Marvel's Avengers,770,60,12:0:0,25:0:0,97:0:0,19:0:0
123028,67961,Marvel's Avengers,770,60,12:0:0,25:0:0,97:0:0,19:0:0
123029,77912,Pixel Puzzles Traditional Jigsaws,3,50,17:0:0,40:0:0,319:0:0,83:0:0
123158,93954,Stranger of Paradise: Final Fantasy Origin,563,75,18:0:0,29:0:0,51:0:0,27:0:0
123664,4087,Gravity Rush,368,75,10:0:0,13:0:0,20:0:0,13:0:0
123665,4087,Gravity Rush,368,75,10:0:0,13:0:0,20:0:0,13:0:0
123666,4087,Gravity Rush,368,75,10:0:0,13:0:0,20:0:0,13:0:0
123686,92511,PowerWash Simulator,584,80,38:0:0,48:0:0,56:0:0,47:0:0
123868,95926,GRID Legends,222,70,6:0:0,23:0:0,77:0:0,12:0:0
124006,43039,Fire Emblem Echoes: Shadows of Valentia,670,80,35:0:0,47:0:0,69:0:0,43:0:0
124277,41493,Arizona Sunshine,146,75,4:0:0,6:0:0,8:0:0,5:0:0
124301,41493,Arizona Sunshine,146,75,4:0:0,6:0:0,8:0:0,5:0:0
124315,11574,Zombie Driver HD,115,60,5:0:0,8:0:0,19:0:0,8:0:0
124342,97298,Marvel's Midnight Suns,592,80,40:0:0,64:0:0,93:0:0,63:0:0
124387,77912,Pixel Puzzles Traditional Jigsaws,3,50,17:0:0,40:0:0,319:0:0,83:0:0
124422,22370,Dragon Quest X: Rise of the Five Tribes,13,75,40:0:0,53:0:0,0:0:0,46:0:0
124423,22370,Dragon Quest X: Rise of the Five Tribes,13,75,40:0:0,53:0:0,0:0:0,46:0:0
124424,22370,Dragon Quest X: Rise of the Five Tribes,13,75,40:0:0,53:0:0,0:0:0,46:0:0
124425,22370,Dragon Quest X: Rise of the Five Tribes,13,75,40:0:0,53:0:0,0:0:0,46:0:0
124493,71406,Lonely Mountains: Downhill,116,75,6:0:0,12:0:0,34:0:0,10:0:0
124499,91070,OlliOlli World,186,75,5:0:0,12:0:0,57:0:0,10:0:0
124498,91070,OlliOlli World,186,75,5:0:0,12:0:0,57:0:0,10:0:0
124528,93948,Forza Horizon 5,814,85,21:0:0,44:0:0,122:0:0,40:0:0
124704,104683,Pokémon Scarlet and Violet,2100,70,32:0:0,49:0:0,86:0:0,49:0:0
124705,104683,Pokémon Scarlet and Violet,2100,70,32:0:0,49:0:0,86:0:0,49:0:0
124734,102780,Hitman: World of Assassination,166,85,24:0:0,46:0:0,209:0:0,38:0:0
124877,26831,Hitman,1600,80,11:0:0,24:0:0,90:0:0,18:0:0
124878,26831,Hitman,1600,80,11:0:0,24:0:0,90:0:0,18:0:0
124879,26831,Hitman,1600,80,11:0:0,24:0:0,90:0:0,18:0:0
124880,26831,Hitman,1600,80,11:0:0,24:0:0,90:0:0,18:0:0
124881,43480,Mario Kart 8 Deluxe,1100,85,6:0:0,22:0:0,53:0:0,22:0:0
125138,79774,Hitman 3,720,85,8:0:0,21:0:0,62:0:0,14:0:0
125528,94194,Two Point Campus,71,70,25:0:0,52:0:0,68:0:0,52:0:0
125580,4247,Half-Life,2900,85,12:0:0,14:0:0,15:0:0,13:0:0
125607,92511,PowerWash Simulator,584,80,38:0:0,48:0:0,56:0:0,47:0:0
125685,77912,Pixel Puzzles Traditional Jigsaws,3,50,17:0:0,40:0:0,319:0:0,83:0:0
125838,75811,Doom II: Unofficial WADs,0,85,0:0:0,0:0:0,0:0:0,0:0:0
125874,77912,Pixel Puzzles Traditional Jigsaws,3,50,17:0:0,40:0:0,319:0:0,83:0:0
125876,97298,Marvel's Midnight Suns,592,80,40:0:0,64:0:0,93:0:0,63:0:0
125910,113547,Fire Emblem Engage,858,80,41:0:0,65:0:0,91:0:0,63:0:0
125982,10187,The Sims 2,121,75,26:0:0,49:0:0,122:0:0,39:0:0
126276,89902,Forspoken,336,60,14:0:0,26:0:0,57:0:0,24:0:0
126293,102750,Vampire Survivors,1400,85,14:0:0,26:0:0,49:0:0,35:0:0
126316,68032,Planet Zoo,57,80,37:0:0,58:0:0,89:0:0,61:0:0
126681,108881,Resident Evil 4,2800,90,16:0:0,21:0:0,62:0:0,21:0:0
126748,93485,Jurassic World Evolution 2,106,75,6:0:0,35:0:0,103:0:0,18:0:0
126879,68156,Ghostwire: Tokyo,1300,75,11:0:0,22:0:0,41:0:0,21:0:0
126904,73006,Hentai Zodiac Puzzle,7,50,0:0:0,0:0:0,1:0:0,1:0:0
126947,56524,House Flipper,254,70,13:0:0,27:0:0,40:0:0,25:0:0
126979,77912,Pixel Puzzles Traditional Jigsaws,3,50,17:0:0,40:0:0,319:0:0,83:0:0
127233,95926,GRID Legends,222,70,6:0:0,23:0:0,77:0:0,12:0:0
127234,95926,GRID Legends,222,70,6:0:0,23:0:0,77:0:0,12:0:0
127258,103825,Xenoblade Chronicles 3,1600,90,62:0:0,102:0:0,173:0:0,101:0:0
127337,93894,Steelrising,271,70,15:0:0,22:0:0,29:0:0,21:0:0
127533,5334,LittleBigPlanet,315,75,9:0:0,18:0:0,41:0:0,12:0:0
127534,5334,LittleBigPlanet,315,75,9:0:0,18:0:0,41:0:0,12:0:0
127535,5334,LittleBigPlanet,315,75,9:0:0,18:0:0,41:0:0,12:0:0
127539,5334,LittleBigPlanet,315,75,9:0:0,18:0:0,41:0:0,12:0:0
127540,5334,LittleBigPlanet,315,75,9:0:0,18:0:0,41:0:0,12:0:0
127541,5334,LittleBigPlanet,315,75,9:0:0,18:0:0,41:0:0,12:0:0
127542,5336,LittleBigPlanet 2,227,80,7:0:0,15:0:0,41:0:0,10:0:0
127543,5336,LittleBigPlanet 2,227,80,7:0:0,15:0:0,41:0:0,10:0:0
127544,5336,LittleBigPlanet 2,227,80,7:0:0,15:0:0,41:0:0,10:0:0
127545,5336,LittleBigPlanet 2,227,80,7:0:0,15:0:0,41:0:0,10:0:0
127546,5336,LittleBigPlanet 2,227,80,7:0:0,15:0:0,41:0:0,10:0:0
127547,5336,LittleBigPlanet 2,227,80,7:0:0,15:0:0,41:0:0,10:0:0
127559,85724,Element TD 2,3,70,10:0:0,0:0:0,0:0:0,10:0:0
127601,69333,Totally Reliable Delivery Service,28,55,3:0:0,9:0:0,12:0:0,8:0:0
127604,71948,Terminator: Resistance,329,70,9:0:0,13:0:0,16:0:0,13:0:0
127607,69333,Totally Reliable Delivery Service,28,55,3:0:0,9:0:0,12:0:0,8:0:0
127624,43633,The Hunter: Call of the Wild,19,60,33:0:0,75:0:0,153:0:0,61:0:0
127625,43633,The Hunter: Call of the Wild,19,60,33:0:0,75:0:0,153:0:0,61:0:0
127626,43633,The Hunter: Call of the Wild,19,60,33:0:0,75:0:0,153:0:0,61:0:0
127627,43633,The Hunter: Call of the Wild,19,60,33:0:0,75:0:0,153:0:0,61:0:0
127628,43633,The Hunter: Call of the Wild,19,60,33:0:0,75:0:0,153:0:0,61:0:0
127629,43633,The Hunter: Call of the Wild,19,60,33:0:0,75:0:0,153:0:0,61:0:0
127630,43633,The Hunter: Call of the Wild,19,60,33:0:0,75:0:0,153:0:0,61:0:0
127631,43633,The Hunter: Call of the Wild,19,60,33:0:0,75:0:0,153:0:0,61:0:0
127632,43633,The Hunter: Call of the Wild,19,60,33:0:0,75:0:0,153:0:0,61:0:0
127633,43633,The Hunter: Call of the Wild,19,60,33:0:0,75:0:0,153:0:0,61:0:0
127634,43633,The Hunter: Call of the Wild,19,60,33:0:0,75:0:0,153:0:0,61:0:0
127759,4382,Episode 1: We Negotiate with Terrorists,109,60,2:0:0,2:0:0,2:0:0,2:0:0
127759,4383,Episode 2: Senseless Acts of Justice,88,65,3:0:0,3:0:0,4:0:0,3:0:0
127759,4384,Episode 3: Beyond Reasonable Doom,86,60,3:0:0,3:0:0,4:0:0,3:0:0
127893,30602,LEGO Dimensions,48,75,14:0:0,33:0:0,57:0:0,27:0:0
127895,30602,LEGO Dimensions,48,75,14:0:0,33:0:0,57:0:0,27:0:0
127894,30602,LEGO Dimensions,48,75,14:0:0,33:0:0,57:0:0,27:0:0
127896,30602,LEGO Dimensions,48,75,14:0:0,33:0:0,57:0:0,27:0:0
127897,30602,LEGO Dimensions,48,75,14:0:0,33:0:0,57:0:0,27:0:0
127898,30602,LEGO Dimensions,48,75,14:0:0,33:0:0,57:0:0,27:0:0
127899,30602,LEGO Dimensions,48,75,14:0:0,33:0:0,57:0:0,27:0:0
127900,30602,LEGO Dimensions,48,75,14:0:0,33:0:0,57:0:0,27:0:0
127901,30602,LEGO Dimensions,48,75,14:0:0,33:0:0,57:0:0,27:0:0
127902,30602,LEGO Dimensions,48,75,14:0:0,33:0:0,57:0:0,27:0:0
127903,30602,LEGO Dimensions,48,75,14:0:0,33:0:0,57:0:0,27:0:0
127904,30602,LEGO Dimensions,48,75,14:0:0,33:0:0,57:0:0,27:0:0
127905,30602,LEGO Dimensions,48,75,14:0:0,33:0:0,57:0:0,27:0:0
127914,13158,Sonic Lost World,276,60,7:0:0,9:0:0,19:0:0,9:0:0
127915,13158,Sonic Lost World,276,60,7:0:0,9:0:0,19:0:0,9:0:0
127916,13158,Sonic Lost World,276,60,7:0:0,9:0:0,19:0:0,9:0:0
127918,20048,Super Robot Taisen: Original Generations,3,85,80:0:0,100:0:0,150:0:0,105:0:0
127919,62076,Touhou Genso Wanderer: Reloaded,4,70,8:0:0,69:0:0,0:0:0,36:0:0
127920,46409,Touhou Puppet Dance Performance,7,80,21:0:0,28:0:0,40:0:0,28:0:0
127944,108252,The Case of the Golden Idol,637,85,6:0:0,8:0:0,8:0:0,7:0:0
128001,1727,City of Heroes,4,80,50:0:0,90:0:0,0:0:0,74:0:0
128018,9705,Terraria,1700,85,52:0:0,93:0:0,196:0:0,104:0:0
128019,9705,Terraria,1700,85,52:0:0,93:0:0,196:0:0,104:0:0
128107,97298,Marvel's Midnight Suns,592,80,40:0:0,64:0:0,93:0:0,63:0:0
128143,109211,Escape Academy,426,75,5:0:0,5:0:0,6:0:0,5:0:0
128325,89091,Sifu,793,80,8:0:0,14:0:0,21:0:0,12:0:0
128535,20992,The Sims 4,112,70,22:0:0,85:0:0,302:0:0,90:0:0
128847,6064,Minecraft,1100,90,65:0:0,141:0:0,274:0:0,129:0:0
128891,157265,Khaos Reigns,8,55,3:0:0,0:0:0,3:0:0,3:0:0
128947,74898,The Wonderful 101: Remastered,113,75,15:0:0,19:0:0,33:0:0,16:0:0
128968,77912,Pixel Puzzles Traditional Jigsaws,3,50,17:0:0,40:0:0,319:0:0,83:0:0
129003,140594,Wings & Tunes,0,65,0:0:0,0:0:0,0:0:0,0:0:0
129068,12654,Final Fantasy XIV,442,80,100:0:0,312:0:0,3347:0:0,246:0:0
129085,77912,Pixel Puzzles Traditional Jigsaws,3,50,17:0:0,40:0:0,319:0:0,83:0:0
129086,77912,Pixel Puzzles Traditional Jigsaws,3,50,17:0:0,40:0:0,319:0:0,83:0:0
129087,77912,Pixel Puzzles Traditional Jigsaws,3,50,17:0:0,40:0:0,319:0:0,83:0:0
129088,77912,Pixel Puzzles Traditional Jigsaws,3,50,17:0:0,40:0:0,319:0:0,83:0:0
129098,74860,Not For Broadcast,143,80,8:0:0,11:0:0,39:0:0,10:0:0
129157,101451,Gerda: A Flame in Winter,36,80,7:0:0,8:0:0,9:0:0,7:0:0
129256,152105,Road to Elysium,25,80,19:0:0,19:0:0,19:0:0,19:0:0
129325,88797,Five Nights at Freddy's: Security Breach,164,65,10:0:0,16:0:0,25:0:0,15:0:0
129725,77912,Pixel Puzzles Traditional Jigsaws,3,50,17:0:0,40:0:0,319:0:0,83:0:0
129726,77912,Pixel Puzzles Traditional Jigsaws,3,50,17:0:0,40:0:0,319:0:0,83:0:0
129727,77912,Pixel Puzzles Traditional Jigsaws,3,50,17:0:0,40:0:0,319:0:0,83:0:0
129805,146689,Episode Aigis: The Answer,123,75,18:0:0,27:0:0,33:0:0,24:0:0
129806,138444,Repaint Your Heart,43,75,4:0:0,5:0:0,7:0:0,5:0:0
129840,105615,Touhou Mystia's Izakaya,26,70,37:0:0,48:0:0,49:0:0,46:0:0
129841,105615,Touhou Mystia's Izakaya,26,70,37:0:0,48:0:0,49:0:0,46:0:0
129842,105615,Touhou Mystia's Izakaya,26,70,37:0:0,48:0:0,49:0:0,46:0:0
129843,105615,Touhou Mystia's Izakaya,26,70,37:0:0,48:0:0,49:0:0,46:0:0
129844,105615,Touhou Mystia's Izakaya,26,70,37:0:0,48:0:0,49:0:0,46:0:0
129859,146105,Plan With Me,4,75,4:0:0,6:0:0,12:0:0,6:0:0
130040,41447,Glass Masquerade,301,75,4:0:0,5:0:0,6:0:0,5:0:0
130041,41447,Glass Masquerade,301,75,4:0:0,5:0:0,6:0:0,5:0:0
130042,41447,Glass Masquerade,301,75,4:0:0,5:0:0,6:0:0,5:0:0
130103,80120,BarnFinders,70,70,11:0:0,14:0:0,16:0:0,13:0:0
130219,85967,The Callisto Protocol,985,70,10:0:0,12:0:0,16:0:0,11:0:0
130334,93886,Mario + Rabbids Sparks of Hope,380,80,21:0:0,33:0:0,45:0:0,36:0:0
130432,86359,Walkabout Mini Golf,13,85,10:0:0,16:0:0,22:0:0,17:0:0
130493,93886,Mario + Rabbids Sparks of Hope,380,80,21:0:0,33:0:0,45:0:0,36:0:0
130678,75811,Doom II: Unofficial WADs,0,85,0:0:0,0:0:0,0:0:0,0:0:0
130781,75811,Doom II: Unofficial WADs,0,85,0:0:0,0:0:0,0:0:0,0:0:0
130851,65337,Glass Masquerade 2: Illusions,116,70,8:0:0,10:0:0,20:0:0,14:0:0
130868,75811,Doom II: Unofficial WADs,0,85,0:0:0,0:0:0,0:0:0,0:0:0
130906,75811,Doom II: Unofficial WADs,0,85,0:0:0,0:0:0,0:0:0,0:0:0
130927,75811,Doom II: Unofficial WADs,0,85,0:0:0,0:0:0,0:0:0,0:0:0
130932,75811,Doom II: Unofficial WADs,0,85,0:0:0,0:0:0,0:0:0,0:0:0
130939,4154,Guild Wars 2,86,80,88:0:0,254:0:0,1877:0:0,322:0:0
130958,113859,Electrician Simulator,38,60,6:0:0,7:0:0,10:0:0,8:0:0
130960,75811,Doom II: Unofficial WADs,0,85,0:0:0,0:0:0,0:0:0,0:0:0
131001,98228,Sonic Origins,116,75,11:0:0,13:0:0,15:0:0,13:0:0
131018,131038,Door2:Key,2,35,1:0:0,0:0:0,6:0:0,4:0:0
131019,131038,Door2:Key,2,35,1:0:0,0:0:0,6:0:0,4:0:0
131038,131018,Path to Heaven,0,25,0:0:0,0:0:0,0:0:0,0:0:0
131038,131019,Golden City,1,35,0:28:0,0:0:0,0:0:0,0:28:0
131048,75811,Doom II: Unofficial WADs,0,85,0:0:0,0:0:0,0:0:0,0:0:0
131091,75811,Doom II: Unofficial WADs,0,85,0:0:0,0:0:0,0:0:0,0:0:0
131103,154635,Hidden Inventory/Premature Death,0,0,0:0:0,0:0:0,0:0:0,0:0:0
131201,62027,Trine 4: The Nightmare Prince,383,80,10:0:0,13:0:0,15:0:0,13:0:0
131211,92511,PowerWash Simulator,584,80,38:0:0,48:0:0,56:0:0,47:0:0
131234,77912,Pixel Puzzles Traditional Jigsaws,3,50,17:0:0,40:0:0,319:0:0,83:0:0
131235,43039,Fire Emblem Echoes: Shadows of Valentia,670,80,35:0:0,47:0:0,69:0:0,43:0:0
131237,43039,Fire Emblem Echoes: Shadows of Valentia,670,80,35:0:0,47:0:0,69:0:0,43:0:0
131238,43039,Fire Emblem Echoes: Shadows of Valentia,670,80,35:0:0,47:0:0,69:0:0,43:0:0
131239,43039,Fire Emblem Echoes: Shadows of Valentia,670,80,35:0:0,47:0:0,69:0:0,43:0:0
131236,43039,Fire Emblem Echoes: Shadows of Valentia,670,80,35:0:0,47:0:0,69:0:0,43:0:0
131241,43039,Fire Emblem Echoes: Shadows of Valentia,670,80,35:0:0,47:0:0,69:0:0,43:0:0
131240,43039,Fire Emblem Echoes: Shadows of Valentia,670,80,35:0:0,47:0:0,69:0:0,43:0:0
131248,75811,Doom II: Unofficial WADs,0,85,0:0:0,0:0:0,0:0:0,0:0:0
131324,122891,Hi-Fi Rush,2100,85,11:0:0,14:0:0,61:0:0,13:0:0
131530,97313,Cult of the Lamb,1700,80,14:0:0,19:0:0,26:0:0,19:0:0
131577,32976,Rain World,114,75,20:0:0,30:0:0,61:0:0,28:0:0
131599,43480,Mario Kart 8 Deluxe,1100,85,6:0:0,22:0:0,53:0:0,22:0:0
131652,109211,Escape Academy,426,75,5:0:0,5:0:0,6:0:0,5:0:0
131699,75811,Doom II: Unofficial WADs,0,85,0:0:0,0:0:0,0:0:0,0:0:0
131790,3199,Euro Truck Simulator 2,128,80,47:0:0,108:0:0,438:0:0,132:0:0
131791,3199,Euro Truck Simulator 2,128,80,47:0:0,108:0:0,438:0:0,132:0:0
131792,3199,Euro Truck Simulator 2,128,80,47:0:0,108:0:0,438:0:0,132:0:0
131793,3199,Euro Truck Simulator 2,128,80,47:0:0,108:0:0,438:0:0,132:0:0
131794,3199,Euro Truck Simulator 2,128,80,47:0:0,108:0:0,438:0:0,132:0:0
131795,3199,Euro Truck Simulator 2,128,80,47:0:0,108:0:0,438:0:0,132:0:0
131796,3199,Euro Truck Simulator 2,128,80,47:0:0,108:0:0,438:0:0,132:0:0
131797,142683,Extra Level,2,60,0:0:0,0:5:0,0:15:0,0:15:0
131850,75811,Doom II: Unofficial WADs,0,85,0:0:0,0:0:0,0:0:0,0:0:0
131988,93920,A Little To The Left,557,70,4:0:0,5:0:0,9:0:0,5:0:0
131996,75811,Doom II: Unofficial WADs,0,85,0:0:0,0:0:0,0:0:0,0:0:0
132167,99305,Sword and Fairy: Together Forever,70,75,22:0:0,30:0:0,36:0:0,28:0:0
132278,26286,Hollow Knight,7000,90,27:0:0,42:0:0,64:0:0,42:0:0
132386,93886,Mario + Rabbids Sparks of Hope,380,80,21:0:0,33:0:0,45:0:0,36:0:0
132393,66595,Dreams,91,75,3:0:0,11:0:0,63:0:0,7:0:0
132421,56297,Atomic Heart,1000,70,16:0:0,25:0:0,35:0:0,21:0:0
132429,12654,Final Fantasy XIV,442,80,100:0:0,312:0:0,3347:0:0,246:0:0
132505,97314,Saints Row,387,55,13:0:0,26:0:0,50:0:0,22:0:0
132766,7455,Quake II,446,80,7:0:0,10:0:0,14:0:0,9:0:0
132791,7455,Quake II,446,80,7:0:0,10:0:0,14:0:0,9:0:0
132928,30662,Warhammer: End Times - Vermintide,148,65,8:0:0,26:0:0,146:0:0,17:0:0
132977,578,ARMA 3,64,70,19:0:0,43:0:0,113:0:0,29:0:0
133468,3220,EverQuest,8,85,530:0:0,843:0:0,0:0:0,672:0:0
133469,3220,EverQuest,8,85,530:0:0,843:0:0,0:0:0,672:0:0
133527,94797,Wizardry: The Five Ordeals,0,0,0:0:0,0:0:0,0:0:0,0:0:0
133670,101763,The Crackpet Show,2,80,12:0:0,0:0:0,0:0:0,12:0:0
133884,77912,Pixel Puzzles Traditional Jigsaws,3,50,17:0:0,40:0:0,319:0:0,83:0:0
133968,94194,Two Point Campus,71,70,25:0:0,52:0:0,68:0:0,52:0:0
134036,9137,Star Wars: The Old Republic,73,75,81:0:0,194:0:0,890:0:0,174:0:0
134035,9137,Star Wars: The Old Republic,73,75,81:0:0,194:0:0,890:0:0,174:0:0
134034,9137,Star Wars: The Old Republic,73,75,81:0:0,194:0:0,890:0:0,174:0:0
134619,103354,Kao the Kangaroo,126,65,6:0:0,8:0:0,11:0:0,8:0:0
134825,68133,Genshin Impact,176,75,61:0:0,225:0:0,664:0:0,252:0:0
135814,75811,Doom II: Unofficial WADs,0,85,0:0:0,0:0:0,0:0:0,0:0:0
135856,101251,Sonic Frontiers,888,75,16:0:0,22:0:0,26:0:0,23:0:0
135948,109264,Wo Long: Fallen Dynasty,534,75,25:0:0,35:0:0,47:0:0,35:0:0
135949,109264,Wo Long: Fallen Dynasty,534,75,25:0:0,35:0:0,47:0:0,35:0:0
135950,109245,High On Life,1400,75,9:0:0,13:0:0,21:0:0,11:0:0
135951,97314,Saints Row,387,55,13:0:0,26:0:0,50:0:0,22:0:0
135952,97314,Saints Row,387,55,13:0:0,26:0:0,50:0:0,22:0:0
135954,89573,Teenage Mutant Ninja Turtles: Shredder's Revenge,1400,80,3:0:0,4:0:0,20:0:0,3:0:0
135955,112181,The Last Hero of Nostalgaia,28,75,11:0:0,17:0:0,25:0:0,15:0:0
136363,108252,The Case of the Golden Idol,637,85,6:0:0,8:0:0,8:0:0,7:0:0
136559,106222,One Piece Odyssey,121,70,34:0:0,45:0:0,59:0:0,44:0:0
136560,68262,Dragon Ball Z: Kakarot,909,75,30:0:0,42:0:0,55:0:0,42:0:0
137343,4428,Heroes of Might and Magic III: The Shadow of Death,11,85,39:0:0,49:0:0,99:0:0,59:0:0
137365,98233,"Get In The Car, Loser!",14,75,11:0:0,12:0:0,0:0:0,12:0:0
137366,98233,"Get In The Car, Loser!",14,75,11:0:0,12:0:0,0:0:0,12:0:0
137610,99223,Escape Simulator,142,80,8:0:0,10:0:0,11:0:0,10:0:0
137655,70018,Humankind,59,70,15:0:0,44:0:0,137:0:0,25:0:0
137656,70018,Humankind,59,70,15:0:0,44:0:0,137:0:0,25:0:0
137657,70018,Humankind,59,70,15:0:0,44:0:0,137:0:0,25:0:0
137658,70018,Humankind,59,70,15:0:0,44:0:0,137:0:0,25:0:0
137685,121830,Sailing Era,4,80,24:0:0,73:0:0,0:0:0,31:0:0
137868,108881,Resident Evil 4,2800,90,16:0:0,21:0:0,62:0:0,21:0:0
137871,68118,Tales of Arise,1800,80,41:0:0,56:0:0,74:0:0,58:0:0
137872,45165,Eastward,408,75,20:0:0,25:0:0,31:0:0,23:0:0
138008,21251,Dragon Ball Xenoverse,366,70,17:0:0,33:0:0,88:0:0,30:0:0
138444,129806,Persona 5 Tactica,322,75,24:0:0,30:0:0,38:0:0,30:0:0
138464,77912,Pixel Puzzles Traditional Jigsaws,3,50,17:0:0,40:0:0,319:0:0,83:0:0
138465,77912,Pixel Puzzles Traditional Jigsaws,3,50,17:0:0,40:0:0,319:0:0,83:0:0
138466,77912,Pixel Puzzles Traditional Jigsaws,3,50,17:0:0,40:0:0,319:0:0,83:0:0
138605,12654,Final Fantasy XIV,442,80,100:0:0,312:0:0,3347:0:0,246:0:0
138818,9255,StreetPass Mii Plaza,15,70,23:0:0,38:0:0,197:0:0,51:0:0
138819,9255,StreetPass Mii Plaza,15,70,23:0:0,38:0:0,197:0:0,51:0:0
139150,109925,Spirit of the Island,3,70,32:0:0,38:0:0,0:0:0,34:0:0
139208,4247,Half-Life,2900,85,12:0:0,14:0:0,15:0:0,13:0:0
139216,113973,Old World,5,60,28:0:0,44:0:0,0:0:0,39:0:0
139217,113973,Old World,5,60,28:0:0,44:0:0,0:0:0,39:0:0
139218,113973,Old World,5,60,28:0:0,44:0:0,0:0:0,39:0:0
139238,98356,Dagon: by H. P. Lovecraft,302,65,0:32:0,0:43:0,0:57:0,0:44:0
139297,78097,Cassette Beasts,204,80,20:0:0,28:0:0,54:0:0,28:0:0
139385,68151,Elden Ring,8500,95,60:0:0,100:0:0,133:0:0,105:0:0
139430,94014,The Chant,91,65,6:0:0,8:0:0,10:0:0,7:0:0
139788,152856,Love In The Room,0,0,0:0:0,0:0:0,0:0:0,0:0:0
140232,71960,Diablo IV,1000,75,26:0:0,48:0:0,179:0:0,42:0:0
140387,97918,Asterigos: Curse of the Stars,81,65,19:0:0,31:0:0,52:0:0,28:0:0
140434,21273,Dead Island 2,504,75,16:0:0,26:0:0,37:0:0,23:0:0
140502,43480,Mario Kart 8 Deluxe,1100,85,6:0:0,22:0:0,53:0:0,22:0:0
140594,129003,Glass Masquerade 3: Honeylines,50,75,6:0:0,7:0:0,9:0:0,8:0:0
140777,80207,Lake,555,65,6:0:0,7:0:0,8:0:0,7:0:0
140827,145418,TimeWarp Trouble,7,80,0:0:0,0:0:0,0:51:0,0:51:0
140862,94128,Dredge,1300,80,9:0:0,12:0:0,18:0:0,13:0:0
141119,91622,Inscryption,1900,85,13:0:0,15:0:0,27:0:0,15:0:0
141122,141727,No Return,4,85,4:0:0,0:0:0,14:0:0,10:0:0
141365,92511,PowerWash Simulator,584,80,38:0:0,48:0:0,56:0:0,47:0:0
141444,118248,Remnant II,448,75,18:0:0,28:0:0,83:0:0,26:0:0
141639,101242,The Expanse: A Telltale Series,117,70,5:0:0,7:0:0,8:0:0,7:0:0
141644,10300,Thief: The Dark Project,25,85,13:0:0,23:0:0,33:0:0,17:0:0
141727,141122,The Last of Us Part II Remastered,208,85,23:0:0,27:0:0,41:0:0,26:0:0
141737,109264,Wo Long: Fallen Dynasty,534,75,25:0:0,35:0:0,47:0:0,35:0:0
141763,102750,Vampire Survivors,1400,85,14:0:0,26:0:0,49:0:0,35:0:0
141843,83146,God of War: Ragnarök,4800,90,26:0:0,40:0:0,54:0:0,43:0:0
141867,3657,Fortnite,98,70,60:0:0,147:0:0,548:0:0,141:0:0
141869,83152,Final Fantasy XVI,2400,85,38:0:0,58:0:0,81:0:0,58:0:0
141872,83152,Final Fantasy XVI,2400,85,38:0:0,58:0:0,81:0:0,58:0:0
142114,62194,Senran Kagura Reflexions,21,55,3:0:0,3:0:0,4:0:0,3:0:0
142147,7452,Quake,670,80,5:0:0,8:0:0,16:0:0,7:0:0
142264,3657,Fortnite,98,70,60:0:0,147:0:0,548:0:0,141:0:0
142280,114272,Escape Memoirs: Mini Stories,59,65,2:0:0,3:0:0,3:0:0,3:0:0
142320,3657,Fortnite,98,70,60:0:0,147:0:0,548:0:0,141:0:0
142469,80127,Jett: The Far Shore,22,60,8:0:0,11:0:0,14:0:0,10:0:0
142683,131797,Cats Hidden in Paris,243,65,0:15:0,0:17:0,0:22:0,0:18:0
143028,88143,Dead Estate,28,80,3:0:0,12:0:0,47:0:0,15:0:0
143156,94190,Dark Deity,46,65,23:0:0,33:0:0,45:0:0,28:0:0
143222,23809,Grey Goo,43,70,14:0:0,19:0:0,23:0:0,16:0:0
143259,60719,Megaquarium,32,75,22:0:0,34:0:0,47:0:0,31:0:0
143327,5882,Men of War: Assault Squad,6,80,16:0:0,0:0:0,79:0:0,41:0:0
143328,5882,Men of War: Assault Squad,6,80,16:0:0,0:0:0,79:0:0,41:0:0
143370,103029,How Fish Is Made,144,65,0:19:0,0:25:0,0:34:0,0:23:0
143483,47113,Wars Across The World,0,0,0:0:0,0:0:0,0:0:0,0:0:0
143558,7452,Quake,670,80,5:0:0,8:0:0,16:0:0,7:0:0
143664,57416,Fallout 76,169,60,34:0:0,115:0:0,294:0:0,126:0:0
143665,57416,Fallout 76,169,60,34:0:0,115:0:0,294:0:0,126:0:0
143729,99223,Escape Simulator,142,80,8:0:0,10:0:0,11:0:0,10:0:0
144095,104683,Pokémon Scarlet and Violet,2100,70,32:0:0,49:0:0,86:0:0,49:0:0
144419,7452,Quake,670,80,5:0:0,8:0:0,16:0:0,7:0:0
144456,17596,The Elder Scrolls Online,145,70,47:0:0,210:0:0,527:0:0,186:0:0
144686,92511,PowerWash Simulator,584,80,38:0:0,48:0:0,56:0:0,47:0:0
145006,99160,Poppy Playtime,168,65,0:54:0,2:0:0,2:0:0,1:0:0
145312,56297,Atomic Heart,1000,70,16:0:0,25:0:0,35:0:0,21:0:0
145418,140827,An Arcade Full of Cats,162,75,1:0:0,1:0:0,2:0:0,2:0:0
145733,88768,Splatoon 3,358,85,9:0:0,14:0:0,19:0:0,13:0:0
145889,16887,Assetto Corsa,16,75,43:0:0,74:0:0,169:0:0,87:0:0
146032,68262,Dragon Ball Z: Kakarot,909,75,30:0:0,42:0:0,55:0:0,42:0:0
146105,129859,Sticky Business,57,70,7:0:0,9:0:0,11:0:0,9:0:0
146308,86809,Nomads of Driftland,0,60,0:0:0,0:0:0,0:0:0,0:0:0
146426,106447,Super Kiwi 64,143,75,0:45:0,1:0:0,1:0:0,1:0:0
146487,54968,Honkai Impact 3rd,16,75,100:0:0,180:0:0,382:0:0,171:0:0
146531,54968,Honkai Impact 3rd,16,75,100:0:0,180:0:0,382:0:0,171:0:0
146532,54968,Honkai Impact 3rd,16,75,100:0:0,180:0:0,382:0:0,171:0:0
146533,54968,Honkai Impact 3rd,16,75,100:0:0,180:0:0,382:0:0,171:0:0
146534,54968,Honkai Impact 3rd,16,75,100:0:0,180:0:0,382:0:0,171:0:0
146689,129805,Persona 3 Reload,1500,90,64:0:0,84:0:0,95:0:0,82:0:0
146739,68260,Age of Empires II: Definitive Edition,50,85,40:0:0,110:0:0,167:0:0,74:0:0
146856,75811,Doom II: Unofficial WADs,0,85,0:0:0,0:0:0,0:0:0,0:0:0
146923,92511,PowerWash Simulator,584,80,38:0:0,48:0:0,56:0:0,47:0:0
147178,54968,Honkai Impact 3rd,16,75,100:0:0,180:0:0,382:0:0,171:0:0
147179,54968,Honkai Impact 3rd,16,75,100:0:0,180:0:0,382:0:0,171:0:0
147442,21273,Dead Island 2,504,75,16:0:0,26:0:0,37:0:0,23:0:0
147579,111977,Robin Morningwood Adventure,4,90,12:0:0,29:0:0,31:0:0,27:0:0
147582,99223,Escape Simulator,142,80,8:0:0,10:0:0,11:0:0,10:0:0
147870,3528,Final Fantasy XI,34,75,104:0:0,727:0:0,2880:0:0,487:0:0
148037,1177,Blood,104,85,10:0:0,12:0:0,21:0:0,11:0:0
148204,67709,Back 4 Blood,331,65,12:0:0,23:0:0,120:0:0,16:0:0
148307,109511,ASTLIBRA Revision,70,85,38:0:0,65:0:0,66:0:0,62:0:0
148679,54968,Honkai Impact 3rd,16,75,100:0:0,180:0:0,382:0:0,171:0:0
148695,105615,Touhou Mystia's Izakaya,26,70,37:0:0,48:0:0,49:0:0,46:0:0
149166,67709,Back 4 Blood,331,65,12:0:0,23:0:0,120:0:0,16:0:0
149232,9255,StreetPass Mii Plaza,15,70,23:0:0,38:0:0,197:0:0,51:0:0
149309,118248,Remnant II,448,75,18:0:0,28:0:0,83:0:0,26:0:0
149319,109100,Honkai: Star Rail,81,80,25:0:0,74:0:0,157:0:0,69:0:0
149320,109100,Honkai: Star Rail,81,80,25:0:0,74:0:0,157:0:0,69:0:0
149321,109100,Honkai: Star Rail,81,80,25:0:0,74:0:0,157:0:0,69:0:0
149322,109100,Honkai: Star Rail,81,80,25:0:0,74:0:0,157:0:0,69:0:0
149402,92071,House Builder,24,65,10:0:0,13:0:0,14:0:0,13:0:0
149815,53763,Ace Combat 7: Skies Unknown,561,80,12:0:0,18:0:0,66:0:0,15:0:0
149816,53763,Ace Combat 7: Skies Unknown,561,80,12:0:0,18:0:0,66:0:0,15:0:0
149817,53763,Ace Combat 7: Skies Unknown,561,80,12:0:0,18:0:0,66:0:0,15:0:0
150077,102750,Vampire Survivors,1400,85,14:0:0,26:0:0,49:0:0,35:0:0
150971,8763,Sonic Generations,1200,75,6:0:0,11:0:0,24:0:0,9:0:0
151005,57066,Horizon Chase Turbo,303,80,10:0:0,15:0:0,32:0:0,15:0:0
151278,95410,Heavenly Bodies,104,75,5:0:0,6:0:0,11:0:0,6:0:0
151687,4154,Guild Wars 2,86,80,88:0:0,254:0:0,1877:0:0,322:0:0
151820,101237,Alan Wake II,1500,90,19:0:0,25:0:0,30:0:0,25:0:0
151886,101237,Alan Wake II,1500,90,19:0:0,25:0:0,30:0:0,25:0:0
151952,93920,A Little To The Left,557,70,4:0:0,5:0:0,9:0:0,5:0:0
151967,109125,Goat Simulator 3,103,75,7:0:0,11:0:0,22:0:0,11:0:0
152089,87658,Tiny Lands,45,65,5:0:0,6:0:0,8:0:0,7:0:0
152090,87658,Tiny Lands,45,65,5:0:0,6:0:0,8:0:0,7:0:0
152091,87658,Tiny Lands,45,65,5:0:0,6:0:0,8:0:0,7:0:0
152105,129256,The Talos Principle II,316,90,19:0:0,30:0:0,36:0:0,32:0:0
152396,115660,"Warhammer 40,000: Boltgun",256,70,10:0:0,12:0:0,17:0:0,11:0:0
152400,48206,Dead In Vinland,18,65,36:0:0,46:0:0,67:0:0,47:0:0
152607,109222,Starship Troopers: Terran Command,41,70,14:0:0,16:0:0,19:0:0,15:0:0
152608,109222,Starship Troopers: Terran Command,41,70,14:0:0,16:0:0,19:0:0,15:0:0
152668,26266,Bloodstained: Ritual of the Night,1700,80,14:0:0,20:0:0,36:0:0,21:0:0
152731,75811,Doom II: Unofficial WADs,0,85,0:0:0,0:0:0,0:0:0,0:0:0
152856,139788,Love Is All Around,23,80,6:0:0,6:0:0,14:0:0,7:0:0
152874,75163,Trepang2,148,75,5:0:0,8:0:0,16:0:0,7:0:0
152924,105790,Stray Gods: The Roleplaying Musical,145,70,6:0:0,8:0:0,19:0:0,7:0:0
152946,94128,Dredge,1300,80,9:0:0,12:0:0,18:0:0,13:0:0
152979,87696,Nox Archaist,5,100,20:0:0,60:0:0,94:0:0,59:0:0
153059,75811,Doom II: Unofficial WADs,0,85,0:0:0,0:0:0,0:0:0,0:0:0
153089,68375,Police Stories,82,70,4:0:0,7:0:0,11:0:0,7:0:0
153126,92511,PowerWash Simulator,584,80,38:0:0,48:0:0,56:0:0,47:0:0
153174,109101,Zenless Zone Zero,27,75,41:0:0,58:0:0,89:0:0,57:0:0
153183,109101,Zenless Zone Zero,27,75,41:0:0,58:0:0,89:0:0,57:0:0
153251,109101,Zenless Zone Zero,27,75,41:0:0,58:0:0,89:0:0,57:0:0
153397,109101,Zenless Zone Zero,27,75,41:0:0,58:0:0,89:0:0,57:0:0
153398,109101,Zenless Zone Zero,27,75,41:0:0,58:0:0,89:0:0,57:0:0
153412,77912,Pixel Puzzles Traditional Jigsaws,3,50,17:0:0,40:0:0,319:0:0,83:0:0
153469,97636,Diorama Builder,10,80,3:0:0,0:0:0,3:0:0,3:0:0
153470,97636,Diorama Builder,10,80,3:0:0,0:0:0,3:0:0,3:0:0
153588,109101,Zenless Zone Zero,27,75,41:0:0,58:0:0,89:0:0,57:0:0
153616,7452,Quake,670,80,5:0:0,8:0:0,16:0:0,7:0:0
153809,25825,On A Roll 3D,10,65,2:0:0,2:0:0,3:0:0,2:0:0
154054,93907,Avatar: Frontiers of Pandora,159,65,23:0:0,41:0:0,77:0:0,42:0:0
154572,87114,RealRTCW,10,80,6:0:0,10:0:0,10:0:0,8:0:0
154635,131103,Jujutsu Kaisen: Cursed Clash,11,45,4:0:0,11:0:0,0:0:0,6:0:0
154984,86147,Melvor Idle,10,75,0:0:0,1021:0:0,1625:0:0,1330:0:0
154985,86147,Melvor Idle,10,75,0:0:0,1021:0:0,1625:0:0,1330:0:0
154986,86147,Melvor Idle,10,75,0:0:0,1021:0:0,1625:0:0,1330:0:0
155013,75811,Doom II: Unofficial WADs,0,85,0:0:0,0:0:0,0:0:0,0:0:0
155102,2711,Doom II: Hell on Earth,680,80,7:0:0,10:0:0,14:0:0,8:0:0
155254,11286,World of Warcraft,135,85,518:0:0,1308:0:0,5574:0:0,1414:0:0
155394,109101,Zenless Zone Zero,27,75,41:0:0,58:0:0,89:0:0,57:0:0
155608,93920,A Little To The Left,557,70,4:0:0,5:0:0,9:0:0,5:0:0
155677,57445,Starfield,1300,70,23:0:0,74:0:0,147:0:0,68:0:0
155815,156047,Blank Slate,0,0,0:0:0,0:0:0,0:0:0,0:0:0
155815,156045,Everyday Objects,0,0,0:0:0,0:0:0,0:0:0,0:0:0
155815,156046,Playful Patterns,0,0,0:0:0,0:0:0,0:0:0,0:0:0
156045,155815,Mizi NO!,18,70,1:0:0,1:0:0,2:0:0,2:0:0
156046,155815,Mizi NO!,18,70,1:0:0,1:0:0,2:0:0,2:0:0
156047,155815,Mizi NO!,18,70,1:0:0,1:0:0,2:0:0,2:0:0
156105,76454,Sea of Stars,1500,85,28:0:0,35:0:0,43:0:0,35:0:0
156594,74860,Not For Broadcast,143,80,8:0:0,11:0:0,39:0:0,10:0:0
156669,74510,Star Fetchers,38,75,0:52:0,1:0:0,1:0:0,0:58:0
156767,19365,Spintires,32,70,9:0:0,25:0:0,48:0:0,25:0:0
156952,60071,Coloring Pixels,13,75,47:0:0,210:0:0,373:0:0,213:0:0
157103,75152,UFO 50,1,90,0:0:0,37:0:0,0:0:0,37:0:0
157104,75152,UFO 50,1,90,0:0:0,37:0:0,0:0:0,37:0:0
157105,75152,UFO 50,1,90,0:0:0,37:0:0,0:0:0,37:0:0
157189,75152,UFO 50,1,90,0:0:0,37:0:0,0:0:0,37:0:0
157207,10700,Turmoil,144,70,8:0:0,12:0:0,22:0:0,9:0:0
157226,75152,UFO 50,1,90,0:0:0,37:0:0,0:0:0,37:0:0
157228,75152,UFO 50,1,90,0:0:0,37:0:0,0:0:0,37:0:0
157229,75152,UFO 50,1,90,0:0:0,37:0:0,0:0:0,37:0:0
157230,75152,UFO 50,1,90,0:0:0,37:0:0,0:0:0,37:0:0
157232,75152,UFO 50,1,90,0:0:0,37:0:0,0:0:0,37:0:0
157242,75152,UFO 50,1,90,0:0:0,37:0:0,0:0:0,37:0:0
157243,75152,UFO 50,1,90,0:0:0,37:0:0,0:0:0,37:0:0
157265,128891,Mortal Kombat 1,252,80,7:0:0,16:0:0,62:0:0,10:0:0
157266,75152,UFO 50,1,90,0:0:0,37:0:0,0:0:0,37:0:0
157290,118447,Blasphemous II,422,85,16:0:0,20:0:0,24:0:0,21:0:0
157291,101756,Sniper Elite 5,320,75,11:0:0,20:0:0,41:0:0,18:0:0
157292,101756,Sniper Elite 5,320,75,11:0:0,20:0:0,41:0:0,18:0:0
157316,101756,Sniper Elite 5,320,75,11:0:0,20:0:0,41:0:0,18:0:0
157315,101756,Sniper Elite 5,320,75,11:0:0,20:0:0,41:0:0,18:0:0
157329,109101,Zenless Zone Zero,27,75,41:0:0,58:0:0,89:0:0,57:0:0
157382,75811,Doom II: Unofficial WADs,0,85,0:0:0,0:0:0,0:0:0,0:0:0
157412,75152,UFO 50,1,90,0:0:0,37:0:0,0:0:0,37:0:0
157481,118228,Crime Boss: Rockay City,12,60,9:0:0,14:0:0,0:0:0,11:0:0
157482,118228,Crime Boss: Rockay City,12,60,9:0:0,14:0:0,0:0:0,11:0:0
157515,75152,UFO 50,1,90,0:0:0,37:0:0,0:0:0,37:0:0
157516,75152,UFO 50,1,90,0:0:0,37:0:0,0:0:0,37:0:0
157517,75152,UFO 50,1,90,0:0:0,37:0:0,0:0:0,37:0:0
157518,75152,UFO 50,1,90,0:0:0,37:0:0,0:0:0,37:0:0
157519,75152,UFO 50,1,90,0:0:0,37:0:0,0:0:0,37:0:0
157520,75152,UFO 50,1,90,0:0:0,37:0:0,0:0:0,37:0:0
157521,75152,UFO 50,1,90,0:0:0,37:0:0,0:0:0,37:0:0
157522,75152,UFO 50,1,90,0:0:0,37:0:0,0:0:0,37:0:0
157523,75152,UFO 50,1,90,0:0:0,37:0:0,0:0:0,37:0:0
157524,75152,UFO 50,1,90,0:0:0,37:0:0,0:0:0,37:0:0
157525,75152,UFO 50,1,90,0:0:0,37:0:0,0:0:0,37:0:0
157526,75152,UFO 50,1,90,0:0:0,37:0:0,0:0:0,37:0:0
157527,75152,UFO 50,1,90,0:0:0,37:0:0,0:0:0,37:0:0
157528,75152,UFO 50,1,90,0:0:0,37:0:0,0:0:0,37:0:0
157529,75152,UFO 50,1,90,0:0:0,37:0:0,0:0:0,37:0:0
157531,75152,UFO 50,1,90,0:0:0,37:0:0,0:0:0,37:0:0
157532,75152,UFO 50,1,90,0:0:0,37:0:0,0:0:0,37:0:0
157533,75152,UFO 50,1,90,0:0:0,37:0:0,0:0:0,37:0:0
157534,75152,UFO 50,1,90,0:0:0,37:0:0,0:0:0,37:0:0
157535,75152,UFO 50,1,90,0:0:0,37:0:0,0:0:0,37:0:0
157536,75152,UFO 50,1,90,0:0:0,37:0:0,0:0:0,37:0:0
157537,75152,UFO 50,1,90,0:0:0,37:0:0,0:0:0,37:0:0
157538,75152,UFO 50,1,90,0:0:0,37:0:0,0:0:0,37:0:0
157539,75152,UFO 50,1,90,0:0:0,37:0:0,0:0:0,37:0:0
157540,75152,UFO 50,1,90,0:0:0,37:0:0,0:0:0,37:0:0
157541,75152,UFO 50,1,90,0:0:0,37:0:0,0:0:0,37:0:0
157542,75152,UFO 50,1,90,0:0:0,37:0:0,0:0:0,37:0:0
157543,75152,UFO 50,1,90,0:0:0,37:0:0,0:0:0,37:0:0
157544,75152,UFO 50,1,90,0:0:0,37:0:0,0:0:0,37:0:0
157545,75152,UFO 50,1,90,0:0:0,37:0:0,0:0:0,37:0:0
157546,75152,UFO 50,1,90,0:0:0,37:0:0,0:0:0,37:0:0
157547,75152,UFO 50,1,90,0:0:0,37:0:0,0:0:0,37:0:0
157548,75152,UFO 50,1,90,0:0:0,37:0:0,0:0:0,37:0:0
157549,75152,UFO 50,1,90,0:0:0,37:0:0,0:0:0,37:0:0
157550,75152,UFO 50,1,90,0:0:0,37:0:0,0:0:0,37:0:0
157551,75152,UFO 50,1,90,0:0:0,37:0:0,0:0:0,37:0:0
157552,75152,UFO 50,1,90,0:0:0,37:0:0,0:0:0,37:0:0
157702,98356,Dagon: by H. P. Lovecraft,302,65,0:32:0,0:43:0,0:57:0,0:44:0
